JvmtiExport can_access_local_variables 0
JvmtiExport can_hotswap_or_post_breakpoint 0
JvmtiExport can_post_on_exceptions 0
# 155 ciObject found
ciMethod java/lang/String equals (Ljava/lang/Object;)Z 4097 14537 547 0 -1
ciMethod org/springframework/asm/ClassReader readCode (Lorg/springframework/asm/MethodVisitor;Lorg/springframework/asm/Context;I)V 937 41985 117 0 -1
ciMethod org/springframework/asm/ClassReader readLabel (I[Lorg/springframework/asm/Label;)Lorg/springframework/asm/Label; 2305 1 288 0 -1
ciMethod org/springframework/asm/ClassReader createLabel (I[Lorg/springframework/asm/Label;)Lorg/springframework/asm/Label; 1665 1 208 0 -1
ciMethod org/springframework/asm/ClassReader createDebugLabel (I[Lorg/springframework/asm/Label;)V 2729 1 341 0 -1
ciMethod org/springframework/asm/ClassReader readTypeAnnotations (Lorg/springframework/asm/MethodVisitor;Lorg/springframework/asm/Context;IZ)[I 0 0 1 0 -1
ciMethod org/springframework/asm/ClassReader getTypeAnnotationBytecodeOffset ([II)I 1873 1 234 0 -1
ciMethod org/springframework/asm/ClassReader readTypeAnnotationTarget (Lorg/springframework/asm/Context;I)I 145 1 18 0 -1
ciMethod org/springframework/asm/ClassReader readElementValues (Lorg/springframework/asm/AnnotationVisitor;IZ[C)I 2153 1529 269 0 -1
ciMethod org/springframework/asm/ClassReader computeImplicitFrame (Lorg/springframework/asm/Context;)V 0 0 1 0 -1
ciMethod org/springframework/asm/ClassReader readStackMapFrame (IZZLorg/springframework/asm/Context;)I 777 641 97 0 -1
ciMethod org/springframework/asm/ClassReader readAttribute ([Lorg/springframework/asm/Attribute;Ljava/lang/String;II[CI[Lorg/springframework/asm/Label;)Lorg/springframework/asm/Attribute; 0 0 1 0 -1
ciMethod org/springframework/asm/ClassReader readByte (I)I 209 1 26 0 -1
ciMethod org/springframework/asm/ClassReader readUnsignedShort (I)I 2385 1 298 0 -1
ciMethod org/springframework/asm/ClassReader readShort (I)S 2609 1 326 0 -1
ciMethod org/springframework/asm/ClassReader readInt (I)I 2497 1 312 0 -1
ciMethod org/springframework/asm/ClassReader readUTF8 (I[C)Ljava/lang/String; 2433 1 304 0 -1
ciMethod org/springframework/asm/ClassReader readUtf (I[C)Ljava/lang/String; 2425 1 303 0 -1
ciMethod org/springframework/asm/ClassReader readStringish (I[C)Ljava/lang/String; 2081 1 260 0 -1
ciMethod org/springframework/asm/ClassReader readClass (I[C)Ljava/lang/String; 2081 1 260 0 -1
ciMethod org/springframework/asm/ClassReader readConst (I[C)Ljava/lang/Object; 1729 1 216 0 -1
ciMethod org/springframework/asm/MethodVisitor visitAttribute (Lorg/springframework/asm/Attribute;)V 0 0 1 0 -1
ciMethod org/springframework/asm/MethodVisitor visitFrame (II[Ljava/lang/Object;I[Ljava/lang/Object;)V 777 1 97 0 -1
ciMethod org/springframework/asm/MethodVisitor visitInsn (I)V 3137 1 392 0 -1
ciMethod org/springframework/asm/MethodVisitor visitIntInsn (II)V 1769 1 221 0 -1
ciMethod org/springframework/asm/MethodVisitor visitVarInsn (II)V 2473 1 309 0 -1
ciMethod org/springframework/asm/MethodVisitor visitTypeInsn (ILjava/lang/String;)V 2097 1 262 0 -1
ciMethod org/springframework/asm/MethodVisitor visitFieldInsn (ILjava/lang/String;Ljava/lang/String;Ljava/lang/String;)V 4097 1 517 0 -1
ciMethod org/springframework/asm/MethodVisitor visitMethodInsn (ILjava/lang/String;Ljava/lang/String;Ljava/lang/String;Z)V 3417 1 427 0 -1
ciMethod org/springframework/asm/MethodVisitor visitInvokeDynamicInsn (Ljava/lang/String;Ljava/lang/String;Lorg/springframework/asm/Handle;[Ljava/lang/Object;)V 33 1 4 0 -1
ciMethod org/springframework/asm/MethodVisitor visitJumpInsn (ILorg/springframework/asm/Label;)V 2161 1 270 0 -1
ciMethod org/springframework/asm/MethodVisitor visitLabel (Lorg/springframework/asm/Label;)V 3177 1 397 0 -1
ciMethod org/springframework/asm/MethodVisitor visitLdcInsn (Ljava/lang/Object;)V 2201 1 275 0 -1
ciMethod org/springframework/asm/MethodVisitor visitIincInsn (II)V 0 0 1 0 -1
ciMethod org/springframework/asm/MethodVisitor visitTableSwitchInsn (IILorg/springframework/asm/Label;[Lorg/springframework/asm/Label;)V 1713 1 214 0 -1
ciMethod org/springframework/asm/MethodVisitor visitLookupSwitchInsn (Lorg/springframework/asm/Label;[I[Lorg/springframework/asm/Label;)V 257 1 32 0 -1
ciMethod org/springframework/asm/MethodVisitor visitMultiANewArrayInsn (Ljava/lang/String;I)V 0 0 1 0 -1
ciMethod org/springframework/asm/MethodVisitor visitInsnAnnotation (ILorg/springframework/asm/TypePath;Ljava/lang/String;Z)Lorg/springframework/asm/AnnotationVisitor; 0 0 1 0 -1
ciMethod org/springframework/asm/MethodVisitor visitTryCatchBlock (Lorg/springframework/asm/Label;Lorg/springframework/asm/Label;Lorg/springframework/asm/Label;Ljava/lang/String;)V 217 1 27 0 -1
ciMethod org/springframework/asm/MethodVisitor visitLocalVariable (Ljava/lang/String;Ljava/lang/String;Ljava/lang/String;Lorg/springframework/asm/Label;Lorg/springframework/asm/Label;I)V 0 0 1 0 -1
ciMethod org/springframework/asm/MethodVisitor visitLocalVariableAnnotation (ILorg/springframework/asm/TypePath;[Lorg/springframework/asm/Label;[Lorg/springframework/asm/Label;[ILjava/lang/String;Z)Lorg/springframework/asm/AnnotationVisitor; 0 0 1 0 -1
ciMethod org/springframework/asm/MethodVisitor visitMaxs (II)V 937 1 117 0 -1
ciMethod org/springframework/asm/Label addLineNumber (I)V 2681 1 335 0 -1
ciMethod org/springframework/asm/Label accept (Lorg/springframework/asm/MethodVisitor;Z)V 2521 1 315 0 -1
instanceKlass com/hospital/doctor/dto/DoctorSummaryDTO
instanceKlass com/hospital/doctor/dto/DoctorSearchDTO
instanceKlass com/hospital/doctor/dto/DoctorDTO
instanceKlass com/hospital/doctor/dto/DoctorRegistrationDTO
instanceKlass org/hibernate/tool/schema/internal/AbstractSchemaMigrator$$Lambda$1144
instanceKlass org/hibernate/tool/schema/extract/internal/ForeignKeyInformationImpl
instanceKlass org/hibernate/tool/schema/extract/spi/ForeignKeyInformation
instanceKlass org/hibernate/tool/schema/extract/internal/ForeignKeyInformationImpl$ColumnReferenceMappingImpl
instanceKlass org/hibernate/tool/schema/extract/internal/InformationExtractorJdbcDatabaseMetaDataImpl$ForeignKeyBuilderImpl
instanceKlass org/hibernate/tool/schema/extract/internal/InformationExtractorJdbcDatabaseMetaDataImpl$ForeignKeyBuilder
instanceKlass org/hibernate/tool/schema/internal/AbstractSchemaMigrator$$Lambda$1143
instanceKlass org/hibernate/tool/schema/extract/spi/ForeignKeyInformation$ColumnReferenceMapping
instanceKlass com/hospital/doctor/config/TenantContext
instanceKlass com/hospital/doctor/entity/DoctorSchedule
instanceKlass com/hospital/doctor/repository/DoctorScheduleRepository
instanceKlass com/hospital/doctor/entity/Doctor
instanceKlass com/hospital/doctor/repository/DoctorRepository
instanceKlass com/hospital/doctor/util/DoctorIdGenerator
instanceKlass com/hospital/doctor/service/impl/DoctorServiceImpl
instanceKlass com/hospital/doctor/service/DoctorService
instanceKlass com/hospital/doctor/service/impl/DoctorScheduleServiceImpl
instanceKlass com/hospital/doctor/service/DoctorScheduleService
instanceKlass com/hospital/doctor/interceptor/TenantInterceptor
instanceKlass com/hospital/doctor/exception/GlobalExceptionHandler
instanceKlass com/hospital/doctor/controller/DoctorScheduleController
instanceKlass com/hospital/doctor/controller/DoctorController
instanceKlass com/hospital/doctor/config/WebMvcConfig
instanceKlass com/hospital/doctor/config/WebConfig
instanceKlass com/hospital/doctor/config/FeignClientInterceptor
instanceKlass com/hospital/doctor/config/FeignClientConfig
instanceKlass com/hospital/doctor/config/DataSourceConfig
instanceKlass com/hospital/doctor/config/AppConfig
instanceKlass com/hospital/doctor/DoctorServiceApplication
instanceKlass java/lang/ref/Finalizer$1
instanceKlass java/lang/ref/Finalizer$2
instanceKlass org/springframework/beans/factory/support/DefaultListableBeanFactory$$Lambda$1142
instanceKlass org/springframework/beans/factory/support/DefaultListableBeanFactory$$Lambda$1141
instanceKlass ch/qos/logback/classic/spi/ClassPackagingData
instanceKlass ch/qos/logback/classic/spi/STEUtil
instanceKlass ch/qos/logback/classic/spi/PackagingDataCalculator
instanceKlass ch/qos/logback/classic/spi/StackTraceElementProxy
instanceKlass ch/qos/logback/classic/spi/ThrowableProxyUtil
instanceKlass ch/qos/logback/classic/spi/ThrowableProxy
instanceKlass ch/qos/logback/classic/spi/IThrowableProxy
instanceKlass java/lang/Throwable$PrintStreamOrWriter
instanceKlass org/apache/commons/lang/exception/ExceptionUtils
instanceKlass com/netflix/discovery/shared/transport/decorator/EurekaHttpClientDecorator$2
instanceKlass io/micrometer/core/instrument/binder/jvm/JvmGcMetrics$$Lambda$1140
instanceKlass com/mysql/cj/protocol/ExportControlled$$Lambda$1139
instanceKlass com/mysql/cj/protocol/ExportControlled$$Lambda$1138
instanceKlass com/mysql/cj/protocol/ExportControlled$$Lambda$1137
instanceKlass com/mysql/cj/protocol/ExportControlled$$Lambda$1136
instanceKlass com/mysql/cj/protocol/ExportControlled
instanceKlass com/zaxxer/hikari/util/ConcurrentBag$$Lambda$1135
instanceKlass com/zaxxer/hikari/pool/HikariPool$$Lambda$1134
instanceKlass com/zaxxer/hikari/pool/HikariPool$$Lambda$1133
instanceKlass java/util/AbstractMap$2$1
instanceKlass org/springframework/orm/hibernate5/SpringBeanContainer$$Lambda$1132
instanceKlass org/springframework/orm/hibernate5/SpringBeanContainer$SpringContainedBean
instanceKlass org/hibernate/resource/beans/container/spi/ContainedBean
instanceKlass com/netflix/config/jmx/ConfigMBean
instanceKlass org/apache/catalina/loader/JdbcLeakPrevention
instanceKlass org/apache/catalina/core/ContainerBase$StopChild
instanceKlass org/apache/catalina/Lifecycle$SingleUse
instanceKlass org/springframework/boot/web/servlet/context/WebServerGracefulShutdownLifecycle$$Lambda$1131
instanceKlass org/springframework/boot/web/server/GracefulShutdownCallback
instanceKlass org/springframework/context/support/DefaultLifecycleProcessor$$Lambda$1130
instanceKlass org/springframework/context/support/DefaultLifecycleProcessor$$Lambda$1129
instanceKlass org/springframework/boot/devtools/restart/Restarter$$Lambda$1128
instanceKlass org/springframework/boot/devtools/autoconfigure/FileWatchingFailureHandler
instanceKlass org/springframework/boot/devtools/filewatch/ChangedFile$$Lambda$1127
instanceKlass org/springframework/boot/devtools/filewatch/ChangedFiles
instanceKlass org/springframework/boot/devtools/filewatch/DirectorySnapshot$$Lambda$1126
instanceKlass org/apache/catalina/Session
instanceKlass com/netflix/discovery/shared/Applications$$Lambda$1125
instanceKlass com/netflix/discovery/shared/transport/decorator/EurekaHttpClientDecorator$3
instanceKlass com/netflix/discovery/shared/transport/decorator/EurekaHttpClientDecorator$7
instanceKlass org/springframework/boot/devtools/restart/Restarter$$Lambda$1124
instanceKlass java/beans/WeakIdentityMap
instanceKlass java/beans/ThreadGroupContext
instanceKlass io/micrometer/core/instrument/binder/tomcat/TomcatMetrics$$Lambda$1123
instanceKlass io/micrometer/core/instrument/binder/tomcat/TomcatMetrics$$Lambda$1122
instanceKlass io/micrometer/core/instrument/binder/tomcat/TomcatMetrics$$Lambda$1121
instanceKlass io/micrometer/core/instrument/binder/tomcat/TomcatMetrics$$Lambda$1120
instanceKlass io/micrometer/core/instrument/binder/tomcat/TomcatMetrics$$Lambda$1119
instanceKlass io/micrometer/core/instrument/binder/tomcat/TomcatMetrics$$Lambda$1118
instanceKlass io/micrometer/core/instrument/binder/tomcat/TomcatMetrics$$Lambda$1117
instanceKlass io/micrometer/core/instrument/binder/tomcat/TomcatMetrics$$Lambda$1116
instanceKlass io/micrometer/core/instrument/binder/tomcat/TomcatMetrics$$Lambda$1115
instanceKlass javax/management/NotificationBroadcasterSupport$ListenerInfo
instanceKlass com/sun/jmx/interceptor/DefaultMBeanServerInterceptor$ListenerWrapper
instanceKlass io/micrometer/core/instrument/binder/tomcat/TomcatMetrics$$Lambda$1114
instanceKlass javax/management/NotificationFilter
instanceKlass io/micrometer/core/instrument/binder/tomcat/TomcatMetrics$1
instanceKlass com/sun/jmx/mbeanserver/Repository$ObjectNamePattern
instanceKlass io/micrometer/core/instrument/binder/tomcat/TomcatMetrics$$Lambda$1113
instanceKlass org/springframework/boot/StartupInfoLogger
instanceKlass org/springframework/boot/builder/ParentContextCloserApplicationListener$ContextCloserListener
instanceKlass com/fasterxml/jackson/databind/ser/impl/PropertySerializerMap$SerializerAndMapResult
instanceKlass com/fasterxml/jackson/databind/ser/std/MapSerializer$1
instanceKlass com/fasterxml/jackson/databind/ser/std/StdKeySerializers
instanceKlass com/fasterxml/jackson/databind/ser/BasicSerializerFactory$1
instanceKlass com/fasterxml/jackson/databind/type/TypeBindings$AsKey
instanceKlass com/fasterxml/jackson/databind/type/TypeBindings$TypeParamStash
instanceKlass com/fasterxml/jackson/databind/ser/std/NumberSerializers$1
instanceKlass com/fasterxml/jackson/annotation/JsonFilter
instanceKlass com/fasterxml/jackson/databind/annotation/JsonAppend
instanceKlass com/fasterxml/jackson/databind/ser/impl/PropertySerializerMap
instanceKlass com/fasterxml/jackson/databind/ser/PropertyBuilder$1
instanceKlass com/fasterxml/jackson/annotation/JsonTypeId
instanceKlass com/fasterxml/jackson/databind/introspect/POJOPropertyBuilder$3
instanceKlass com/fasterxml/jackson/annotation/JsonInclude
instanceKlass com/fasterxml/jackson/databind/ser/PropertyBuilder
instanceKlass org/springframework/boot/web/embedded/tomcat/TomcatWebServer$$Lambda$1112
instanceKlass org/springframework/boot/web/embedded/tomcat/TomcatWebServer$$Lambda$1111
instanceKlass org/springframework/boot/web/embedded/tomcat/TomcatWebServer$$Lambda$1110
instanceKlass javax/servlet/SingleThreadModel
instanceKlass javax/servlet/annotation/MultipartConfig
instanceKlass com/fasterxml/jackson/databind/ser/BeanSerializerBuilder
instanceKlass org/springframework/boot/web/embedded/tomcat/TomcatEmbeddedContext$$Lambda$1109
instanceKlass org/springframework/boot/web/embedded/tomcat/TomcatEmbeddedContext$$Lambda$1108
instanceKlass com/netflix/appinfo/LeaseInfo$1
instanceKlass org/springframework/boot/web/embedded/tomcat/TomcatEmbeddedContext$$Lambda$1107
instanceKlass org/springframework/boot/web/embedded/tomcat/TomcatEmbeddedContext$$Lambda$1105
instanceKlass org/apache/coyote/AbstractProtocol$$Lambda$1106
instanceKlass org/apache/coyote/AbstractProtocol$$Lambda$1104
instanceKlass com/fasterxml/jackson/databind/jsontype/TypeSerializer
instanceKlass org/apache/tomcat/util/net/Acceptor
instanceKlass org/apache/tomcat/util/net/NioEndpoint$Poller
instanceKlass com/fasterxml/jackson/core/io/NumberOutput
instanceKlass org/apache/tomcat/util/threads/ThreadPoolExecutor$RejectHandler
instanceKlass java/nio/channels/spi/AbstractSelector$1
instanceKlass org/apache/tomcat/util/collections/SynchronizedQueue
instanceKlass org/apache/tomcat/util/net/NioBlockingSelector
instanceKlass sun/nio/ch/OptionKey
instanceKlass sun/nio/ch/SocketOptionRegistry$LazyInitialization
instanceKlass sun/nio/ch/SocketOptionRegistry$RegistryKey
instanceKlass sun/nio/ch/SocketOptionRegistry
instanceKlass jdk/net/SocketFlow
instanceKlass sun/net/ExtendedOptionsImpl$$Lambda$1103
instanceKlass sun/net/ExtendedOptionsImpl
instanceKlass sun/nio/ch/ExtendedSocketOption$1
instanceKlass sun/nio/ch/ExtendedSocketOption
instanceKlass sun/nio/ch/SocketChannelImpl$DefaultOptionsHolder
instanceKlass java/net/StandardSocketOptions$StdSocketOption
instanceKlass java/net/SocketOption
instanceKlass java/net/StandardSocketOptions
instanceKlass sun/net/util/IPAddressUtil
instanceKlass sun/nio/ch/PipeImpl$Initializer$LoopbackConnector
instanceKlass sun/nio/ch/PipeImpl$Initializer
instanceKlass java/nio/channels/Pipe
instanceKlass sun/nio/ch/NativeObject
instanceKlass sun/nio/ch/PollArrayWrapper
instanceKlass sun/nio/ch/WindowsSelectorImpl$FinishLock
instanceKlass sun/nio/ch/WindowsSelectorImpl$StartLock
instanceKlass sun/nio/ch/WindowsSelectorImpl$SubSelector
instanceKlass java/nio/channels/SelectionKey
instanceKlass sun/nio/ch/Util$3
instanceKlass java/nio/channels/Selector
instanceKlass sun/nio/ch/Net$3
instanceKlass sun/nio/ch/Net$4
instanceKlass javax/ws/rs/core/GenericEntity
instanceKlass com/sun/jersey/api/client/RequestWriter$RequestEntityWriterImpl
instanceKlass sun/nio/ch/Net$1
instanceKlass java/net/ProtocolFamily
instanceKlass com/sun/jersey/api/client/RequestWriter$RequestEntityWriter
instanceKlass sun/nio/ch/Net
instanceKlass sun/nio/ch/SelChImpl
instanceKlass sun/nio/ch/DefaultSelectorProvider
instanceKlass java/nio/channels/spi/SelectorProvider$1
instanceKlass java/nio/channels/spi/SelectorProvider
instanceKlass com/netflix/discovery/shared/transport/decorator/EurekaHttpClientDecorator$1
instanceKlass java/nio/channels/NetworkChannel
instanceKlass com/netflix/appinfo/HealthCheckCallbackToHandlerBridge
instanceKlass com/netflix/appinfo/AmazonInfo
instanceKlass com/netflix/appinfo/UniqueIdentifier
instanceKlass org/springframework/cloud/netflix/eureka/serviceregistry/EurekaServiceRegistry$$Lambda$1102
instanceKlass com/netflix/discovery/InstanceInfoReplicator$1
instanceKlass java/util/stream/ReduceOps$5ReducingSink
instanceKlass java/util/stream/IntPipeline$$Lambda$1101
instanceKlass java/util/function/IntBinaryOperator
instanceKlass com/netflix/discovery/shared/Applications$$Lambda$1100
instanceKlass com/netflix/discovery/BackupRegistry
instanceKlass com/netflix/discovery/DiscoveryClient$3
instanceKlass com/netflix/discovery/util/RateLimiter$1
instanceKlass com/netflix/discovery/util/RateLimiter
instanceKlass com/netflix/discovery/InstanceInfoReplicator
instanceKlass com/netflix/discovery/DiscoveryClient$HeartbeatThread
instanceKlass com/netflix/discovery/DiscoveryClient$CacheRefreshThread
instanceKlass com/netflix/discovery/DiscoveryEvent
instanceKlass com/netflix/discovery/EurekaEvent
instanceKlass com/netflix/discovery/shared/Applications$$Lambda$1099
instanceKlass com/netflix/discovery/shared/Applications$$Lambda$1098
instanceKlass java/util/concurrent/ConcurrentLinkedQueue$CLQSpliterator
instanceKlass com/netflix/discovery/shared/transport/EurekaHttpResponse$EurekaHttpResponseBuilder
instanceKlass com/sun/jersey/core/provider/CompletableReader
instanceKlass com/netflix/discovery/util/DeserializerStringCache$$Lambda$1097
instanceKlass com/netflix/discovery/shared/Applications$$Lambda$1096
instanceKlass com/netflix/discovery/shared/Application$$Lambda$1095
instanceKlass com/netflix/discovery/util/DeserializerStringCache$$Lambda$1094
instanceKlass com/fasterxml/jackson/databind/introspect/AnnotationCollector$OneAnnotation
instanceKlass com/fasterxml/jackson/databind/deser/impl/PropertyValueBuffer
instanceKlass com/fasterxml/jackson/databind/deser/BeanDeserializer$1
instanceKlass com/fasterxml/jackson/databind/deser/impl/PropertyBasedCreator
instanceKlass com/fasterxml/jackson/databind/util/CompactStringObjectMap
instanceKlass com/fasterxml/jackson/annotation/JsonEnumDefaultValue
instanceKlass com/fasterxml/jackson/databind/util/EnumResolver
instanceKlass com/fasterxml/jackson/databind/deser/ValueInstantiator$Gettable
instanceKlass com/fasterxml/jackson/databind/deser/impl/BeanPropertyMap
instanceKlass com/fasterxml/jackson/annotation/JsonAlias
instanceKlass com/fasterxml/jackson/databind/introspect/POJOPropertyBuilder$1
instanceKlass com/fasterxml/jackson/databind/introspect/POJOPropertyBuilder$8
instanceKlass com/fasterxml/jackson/databind/deser/impl/NullsConstantProvider
instanceKlass com/fasterxml/jackson/databind/BeanProperty$Std
instanceKlass com/fasterxml/jackson/databind/introspect/ConcreteBeanPropertyBase
instanceKlass com/fasterxml/jackson/databind/BeanProperty
instanceKlass com/fasterxml/jackson/databind/deser/impl/CreatorCandidate$Param
instanceKlass com/fasterxml/jackson/databind/deser/impl/CreatorCandidate
instanceKlass com/fasterxml/jackson/databind/deser/BasicDeserializerFactory$1
instanceKlass com/fasterxml/jackson/databind/introspect/POJOPropertyBuilder$MemberIterator
instanceKlass com/fasterxml/jackson/annotation/JsonPropertyDescription
instanceKlass com/fasterxml/jackson/annotation/JacksonInject
instanceKlass com/fasterxml/jackson/annotation/JsonCreator
instanceKlass com/fasterxml/jackson/annotation/JsonAnySetter
instanceKlass com/fasterxml/jackson/databind/introspect/AnnotatedFieldCollector$FieldBuilder
instanceKlass com/fasterxml/jackson/databind/introspect/TypeResolutionContext$Basic
instanceKlass com/fasterxml/jackson/databind/jsontype/TypeDeserializer
instanceKlass com/fasterxml/jackson/databind/jsontype/impl/StdTypeResolverBuilder$1
instanceKlass com/fasterxml/jackson/annotation/JsonSubTypes
instanceKlass com/fasterxml/jackson/annotation/JsonTypeName
instanceKlass com/fasterxml/jackson/annotation/JsonTypeInfo$None
instanceKlass com/fasterxml/jackson/databind/jsontype/impl/StdTypeResolverBuilder
instanceKlass com/fasterxml/jackson/databind/util/LinkedNode
instanceKlass com/fasterxml/jackson/databind/introspect/POJOPropertyBuilder$2
instanceKlass com/fasterxml/jackson/annotation/JsonIgnoreType
instanceKlass com/fasterxml/jackson/annotation/JsonIgnoreProperties$Value
instanceKlass com/fasterxml/jackson/annotation/JsonIgnoreProperties
instanceKlass com/fasterxml/jackson/databind/deser/BeanDeserializerBuilder
instanceKlass com/fasterxml/jackson/annotation/JsonSetter
instanceKlass com/fasterxml/jackson/databind/PropertyMetadata
instanceKlass com/fasterxml/jackson/databind/introspect/POJOPropertyBuilder$7
instanceKlass com/fasterxml/jackson/databind/introspect/POJOPropertyBuilder$6
instanceKlass com/fasterxml/jackson/databind/introspect/POJOPropertyBuilder$5
instanceKlass com/fasterxml/jackson/databind/introspect/POJOPropertyBuilder$4
instanceKlass com/fasterxml/jackson/annotation/JsonPropertyOrder
instanceKlass com/fasterxml/jackson/databind/annotation/JsonNaming
instanceKlass com/fasterxml/jackson/databind/introspect/POJOPropertyBuilder$10
instanceKlass com/fasterxml/jackson/databind/introspect/POJOPropertyBuilder$9
instanceKlass com/fasterxml/jackson/databind/introspect/POJOPropertyBuilder$WithMember
instanceKlass com/fasterxml/jackson/databind/introspect/POJOPropertyBuilder$Linked
instanceKlass com/fasterxml/jackson/databind/AnnotationIntrospector$ReferenceProperty
instanceKlass com/fasterxml/jackson/databind/introspect/BeanPropertyDefinition
instanceKlass com/fasterxml/jackson/databind/util/Named
instanceKlass com/fasterxml/jackson/annotation/JsonAutoDetect$1
instanceKlass com/fasterxml/jackson/databind/util/BeanUtil
instanceKlass com/fasterxml/jackson/annotation/JsonProperty
instanceKlass com/fasterxml/jackson/annotation/JsonGetter
instanceKlass com/fasterxml/jackson/annotation/JsonValue
instanceKlass com/fasterxml/jackson/annotation/JsonAnyGetter
instanceKlass com/fasterxml/jackson/databind/introspect/AnnotatedMethodMap
instanceKlass com/fasterxml/jackson/databind/introspect/AnnotatedMethodCollector$MethodBuilder
instanceKlass com/fasterxml/jackson/databind/introspect/MemberKey
instanceKlass com/fasterxml/jackson/databind/introspect/CollectorBase
instanceKlass com/fasterxml/jackson/databind/deser/impl/CreatorCollector
instanceKlass com/fasterxml/jackson/core/JsonLocation
instanceKlass com/fasterxml/jackson/databind/deser/impl/JDKValueInstantiators
instanceKlass com/fasterxml/jackson/databind/annotation/JsonValueInstantiator
instanceKlass com/fasterxml/jackson/databind/jsontype/impl/SubTypeValidator
instanceKlass com/fasterxml/jackson/databind/deser/std/JdkDeserializers
instanceKlass com/fasterxml/jackson/databind/ext/Java7Handlers
instanceKlass com/fasterxml/jackson/databind/ext/OptionalHandlerFactory
instanceKlass com/netflix/discovery/util/DeserializerStringCache$CharBuffer$StringCharBuffer$1
instanceKlass com/netflix/discovery/converters/EurekaJacksonCodec$InstanceInfoDeserializer$$Lambda$1093
instanceKlass com/netflix/discovery/util/DeserializerStringCache$CharBuffer$StringCharBuffer
instanceKlass com/netflix/discovery/util/DeserializerStringCache$$Lambda$1092
instanceKlass com/netflix/discovery/util/DeserializerStringCache$CharBuffer$ArrayCharBuffer
instanceKlass com/netflix/discovery/util/DeserializerStringCache$CharBuffer
instanceKlass com/netflix/discovery/util/DeserializerStringCache$$Lambda$1091
instanceKlass com/netflix/discovery/converters/EurekaJacksonCodec$InstanceInfoDeserializer$PortField$$Lambda$1090
instanceKlass com/netflix/discovery/converters/EurekaJacksonCodec$InstanceInfoDeserializer$InstanceInfoField$$Lambda$1089
instanceKlass com/netflix/discovery/converters/EurekaJacksonCodec$1
instanceKlass com/netflix/discovery/converters/EurekaJacksonCodec$ApplicationDeserializer$ApplicationField$$Lambda$1088
instanceKlass com/netflix/discovery/util/DeserializerStringCache$$Lambda$1087
instanceKlass com/fasterxml/jackson/core/io/NumberInput
instanceKlass com/fasterxml/jackson/core/JsonStreamContext
instanceKlass com/fasterxml/jackson/core/util/TextBuffer
instanceKlass com/fasterxml/jackson/core/json/ByteSourceJsonBootstrapper
instanceKlass com/fasterxml/jackson/core/util/BufferRecycler
instanceKlass com/fasterxml/jackson/core/util/BufferRecyclers
instanceKlass com/fasterxml/jackson/core/io/IOContext
instanceKlass com/netflix/discovery/util/DeserializerStringCache
instanceKlass com/netflix/discovery/converters/EurekaJacksonCodec$$Lambda$1086
instanceKlass com/fasterxml/jackson/databind/deser/ResolvableDeserializer
instanceKlass com/netflix/discovery/converters/EurekaJacksonCodec$$Lambda$1085
instanceKlass javax/ws/rs/core/Response$StatusType
instanceKlass com/sun/jersey/api/client/Statuses
instanceKlass org/apache/http/client/methods/CloseableHttpResponse
instanceKlass org/apache/http/impl/client/CloseableHttpResponseProxy
instanceKlass org/apache/http/entity/HttpEntityWrapper
instanceKlass org/apache/http/conn/EofSensorWatcher
instanceKlass org/apache/http/impl/auth/HttpAuthenticator$1
instanceKlass org/apache/http/message/BasicHeaderElement
instanceKlass org/apache/http/message/BasicNameValuePair
instanceKlass org/apache/http/message/TokenParser
instanceKlass org/apache/http/message/BasicHeaderValueParser
instanceKlass org/apache/http/message/HeaderValueParser
instanceKlass org/apache/http/message/BasicHeaderElementIterator
instanceKlass org/apache/http/HeaderElementIterator
instanceKlass org/apache/http/message/BasicTokenIterator
instanceKlass org/apache/http/TokenIterator
instanceKlass org/apache/http/entity/AbstractHttpEntity
instanceKlass org/apache/http/HttpEntity
instanceKlass org/apache/http/message/BufferedHeader
instanceKlass org/apache/http/HttpResponse
instanceKlass org/apache/http/message/BasicStatusLine
instanceKlass org/apache/http/StatusLine
instanceKlass org/apache/http/FormattedHeader
instanceKlass org/apache/http/message/BasicListHeaderIterator
instanceKlass org/apache/http/HeaderIterator
instanceKlass org/apache/http/client/protocol/RequestAuthenticationBase$1
instanceKlass org/apache/http/client/AuthCache
instanceKlass org/apache/http/cookie/CookieSpecRegistry$1
instanceKlass org/apache/http/cookie/CookieOrigin
instanceKlass org/apache/http/protocol/HttpCoreContext
instanceKlass org/apache/http/message/BasicRequestLine
instanceKlass org/apache/http/RequestLine
instanceKlass org/apache/http/message/ParserCursor
instanceKlass org/apache/http/client/utils/URLEncodedUtils
instanceKlass org/apache/http/client/utils/URIBuilder
instanceKlass org/apache/http/client/utils/URIUtils
instanceKlass org/apache/http/conn/routing/BasicRouteDirector
instanceKlass org/apache/http/conn/routing/HttpRouteDirector
instanceKlass org/apache/http/impl/HttpConnectionMetricsImpl
instanceKlass org/apache/http/HttpConnectionMetrics
instanceKlass org/apache/http/message/BasicLineFormatter
instanceKlass org/apache/http/message/LineFormatter
instanceKlass org/apache/http/impl/io/AbstractMessageWriter
instanceKlass org/apache/http/io/HttpMessageWriter
instanceKlass org/apache/http/util/CharArrayBuffer
instanceKlass org/apache/http/message/BasicLineParser
instanceKlass org/apache/http/message/LineParser
instanceKlass org/apache/http/config/MessageConstraints$Builder
instanceKlass org/apache/http/config/MessageConstraints
instanceKlass org/apache/http/params/HttpParamConfig
instanceKlass org/apache/http/impl/io/AbstractMessageParser
instanceKlass org/apache/http/io/HttpMessageParser
instanceKlass org/apache/http/impl/EnglishReasonPhraseCatalog
instanceKlass org/apache/http/ReasonPhraseCatalog
instanceKlass org/apache/http/impl/DefaultHttpResponseFactory
instanceKlass org/apache/http/HttpResponseFactory
instanceKlass org/apache/http/impl/io/AbstractSessionOutputBuffer
instanceKlass org/apache/http/io/SessionOutputBuffer
instanceKlass org/apache/http/impl/io/HttpTransportMetricsImpl
instanceKlass org/apache/http/io/HttpTransportMetrics
instanceKlass org/apache/http/util/ByteArrayBuffer
instanceKlass org/apache/http/impl/io/AbstractSessionInputBuffer
instanceKlass org/apache/http/io/BufferInfo
instanceKlass org/apache/http/io/SessionInputBuffer
instanceKlass org/apache/http/io/EofSensor
instanceKlass org/apache/http/conn/routing/RouteTracker
instanceKlass org/apache/http/client/methods/AbstractExecutionAwareRequest$2
instanceKlass org/apache/http/impl/conn/AbstractClientConnAdapter
instanceKlass org/apache/http/conn/ManagedClientConnection
instanceKlass org/apache/http/conn/ConnectionReleaseTrigger
instanceKlass org/apache/http/conn/HttpRoutedConnection
instanceKlass org/apache/http/impl/entity/LaxContentLengthStrategy
instanceKlass org/apache/http/impl/entity/EntityDeserializer
instanceKlass org/apache/http/impl/entity/StrictContentLengthStrategy
instanceKlass org/apache/http/entity/ContentLengthStrategy
instanceKlass org/apache/http/impl/entity/EntitySerializer
instanceKlass org/apache/http/impl/AbstractHttpClientConnection
instanceKlass org/apache/http/conn/ManagedHttpClientConnection
instanceKlass org/apache/http/util/LangUtils
instanceKlass org/apache/http/client/params/HttpClientParams
instanceKlass org/apache/http/client/methods/AbstractExecutionAwareRequest$1
instanceKlass org/apache/http/concurrent/Cancellable
instanceKlass org/apache/http/impl/conn/tsccm/ThreadSafeClientConnManager$1
instanceKlass org/apache/http/conn/ClientConnectionRequest
instanceKlass org/apache/http/impl/conn/tsccm/ConnPoolByRoute$1
instanceKlass org/apache/http/impl/client/RoutedRequest
instanceKlass org/apache/http/util/Asserts
instanceKlass org/apache/http/conn/params/ConnRouteParams
instanceKlass org/apache/http/conn/params/ConnRoutePNames
instanceKlass org/apache/http/HttpEntityEnclosingRequest
instanceKlass org/apache/http/auth/AuthState
instanceKlass org/apache/http/impl/client/AuthenticationStrategyAdaptor
instanceKlass org/apache/http/impl/client/DefaultRedirectStrategyAdaptor
instanceKlass org/apache/http/impl/auth/HttpAuthenticator
instanceKlass org/apache/http/impl/client/DefaultRequestDirector
instanceKlass org/apache/http/client/RequestDirector
instanceKlass org/apache/http/impl/client/DefaultUserTokenHandler
instanceKlass org/apache/http/impl/client/AuthenticationStrategyImpl
instanceKlass org/apache/http/impl/client/DefaultRedirectStrategy
instanceKlass org/apache/http/impl/client/DefaultHttpRequestRetryHandler
instanceKlass org/apache/http/protocol/ImmutableHttpProcessor
instanceKlass org/apache/http/client/protocol/RequestAuthenticationBase
instanceKlass org/apache/http/client/protocol/RequestAuthCache
instanceKlass org/apache/http/client/protocol/ResponseProcessCookies
instanceKlass org/apache/http/client/protocol/RequestAddCookies
instanceKlass org/apache/http/protocol/RequestExpectContinue
instanceKlass org/apache/http/protocol/RequestUserAgent
instanceKlass org/apache/http/client/protocol/RequestClientConnControl
instanceKlass org/apache/http/protocol/RequestTargetHost
instanceKlass org/apache/http/protocol/RequestContent
instanceKlass org/apache/http/client/protocol/RequestDefaultHeaders
instanceKlass org/apache/http/protocol/BasicHttpProcessor
instanceKlass org/apache/http/protocol/HttpResponseInterceptorList
instanceKlass org/apache/http/protocol/HttpRequestInterceptorList
instanceKlass org/apache/http/impl/conn/DefaultHttpRoutePlanner
instanceKlass org/apache/http/impl/client/DefaultConnectionKeepAliveStrategy
instanceKlass org/apache/http/impl/DefaultConnectionReuseStrategy
instanceKlass org/apache/http/client/config/RequestConfig$Builder
instanceKlass org/apache/http/client/params/HttpClientParamConfig
instanceKlass org/apache/http/impl/client/BasicCredentialsProvider
instanceKlass org/apache/http/impl/cookie/IgnoreSpecFactory
instanceKlass org/apache/http/impl/cookie/RFC2965SpecFactory
instanceKlass org/apache/http/impl/cookie/RFC2109SpecFactory
instanceKlass org/apache/http/impl/cookie/NetscapeDraftSpecFactory
instanceKlass org/apache/http/impl/cookie/BrowserCompatSpecFactory
instanceKlass org/apache/http/impl/cookie/BasicDomainHandler
instanceKlass org/apache/http/impl/cookie/RFC2109DomainHandler
instanceKlass org/apache/http/impl/cookie/RFC2965DiscardAttributeHandler
instanceKlass org/apache/http/impl/cookie/RFC2965CommentUrlAttributeHandler
instanceKlass org/apache/http/impl/cookie/AbstractCookieAttributeHandler
instanceKlass org/apache/http/impl/cookie/RFC2965PortAttributeHandler
instanceKlass org/apache/http/impl/cookie/RFC2965DomainAttributeHandler
instanceKlass org/apache/http/impl/cookie/BasicPathHandler
instanceKlass org/apache/http/impl/cookie/RFC2965VersionAttributeHandler
instanceKlass org/apache/http/cookie/CommonCookieAttributeHandler
instanceKlass org/apache/http/cookie/CookieAttributeHandler
instanceKlass org/apache/http/impl/cookie/AbstractCookieSpec
instanceKlass org/apache/http/impl/cookie/DefaultCookieSpec
instanceKlass org/apache/http/cookie/CookieSpec
instanceKlass org/apache/http/impl/cookie/BestMatchSpecFactory
instanceKlass org/apache/http/cookie/CookieSpecProvider
instanceKlass org/apache/http/cookie/CookieSpecFactory
instanceKlass org/apache/http/cookie/CookieSpecRegistry
instanceKlass org/apache/http/impl/auth/KerberosSchemeFactory
instanceKlass org/apache/http/impl/auth/SPNegoSchemeFactory
instanceKlass org/apache/http/impl/auth/NTLMSchemeFactory
instanceKlass org/apache/http/impl/auth/DigestSchemeFactory
instanceKlass org/apache/http/impl/auth/BasicSchemeFactory
instanceKlass org/apache/http/auth/AuthSchemeProvider
instanceKlass org/apache/http/auth/AuthSchemeFactory
instanceKlass org/apache/http/auth/AuthSchemeRegistry
instanceKlass org/apache/http/protocol/BasicHttpContext
instanceKlass org/apache/http/protocol/HttpContext
instanceKlass org/apache/http/util/TextUtils
instanceKlass org/apache/http/HeaderElement
instanceKlass org/apache/http/message/BasicHeader
instanceKlass com/sun/jersey/core/util/KeyComparatorLinkedHashMap$LinkedHashIterator
instanceKlass org/apache/http/Header
instanceKlass org/apache/http/NameValuePair
instanceKlass org/apache/http/message/HeaderGroup
instanceKlass org/apache/http/message/AbstractHttpMessage
instanceKlass org/apache/http/client/methods/AbortableHttpRequest
instanceKlass org/apache/http/client/methods/HttpExecutionAware
instanceKlass org/apache/http/client/methods/Configurable
instanceKlass org/apache/http/client/methods/HttpUriRequest
instanceKlass org/apache/http/HttpRequest
instanceKlass org/apache/http/HttpMessage
instanceKlass com/sun/jersey/api/client/ClientRequestAdapter
instanceKlass com/sun/jersey/core/util/StringIgnoreCaseKeyComparator
instanceKlass com/sun/jersey/api/client/PartialRequestBuilder
instanceKlass com/sun/jersey/api/uri/UriComponent
instanceKlass javax/ws/rs/core/UriBuilder
instanceKlass com/sun/jersey/api/client/UniformInterface
instanceKlass com/sun/jersey/api/client/RequestBuilder
instanceKlass com/netflix/discovery/shared/transport/jersey/AbstractJerseyEurekaHttpClient
instanceKlass java/util/concurrent/ConcurrentSkipListMap$Iter
instanceKlass com/netflix/discovery/shared/transport/TransportUtils
instanceKlass com/netflix/discovery/shared/transport/decorator/EurekaHttpClientDecorator$6
instanceKlass com/google/common/base/Platform$JdkPatternCompiler
instanceKlass com/google/common/base/PatternCompiler
instanceKlass com/google/common/base/Platform
instanceKlass com/google/common/base/Strings
instanceKlass com/netflix/servo/monitor/BasicStopwatch
instanceKlass com/netflix/servo/monitor/Stopwatch
instanceKlass com/google/common/collect/AbstractMultimap
instanceKlass com/google/common/collect/ListMultimap
instanceKlass com/google/common/collect/Multimap
instanceKlass com/google/common/collect/Multimaps
instanceKlass com/netflix/discovery/AbstractAzToRegionMapper$1
instanceKlass com/google/common/base/Supplier
instanceKlass com/netflix/discovery/InstanceRegionChecker
instanceKlass com/netflix/discovery/AbstractAzToRegionMapper
instanceKlass com/netflix/discovery/AzToRegionMapper
instanceKlass com/netflix/discovery/shared/transport/EurekaHttpResponse
instanceKlass com/netflix/discovery/shared/transport/decorator/EurekaHttpClientDecorator$RequestExecutor
instanceKlass com/netflix/discovery/shared/transport/decorator/RetryableEurekaHttpClient$1
instanceKlass com/netflix/discovery/shared/transport/decorator/ServerStatusEvaluators$2
instanceKlass com/netflix/discovery/shared/transport/decorator/ServerStatusEvaluators$1
instanceKlass com/netflix/discovery/shared/transport/decorator/ServerStatusEvaluator
instanceKlass com/netflix/discovery/shared/transport/decorator/ServerStatusEvaluators
instanceKlass com/netflix/discovery/shared/transport/decorator/RedirectingEurekaHttpClient$1
instanceKlass com/netflix/discovery/shared/dns/DnsServiceImpl
instanceKlass com/netflix/discovery/shared/dns/DnsService
instanceKlass com/netflix/discovery/shared/transport/EurekaHttpClients$1
instanceKlass com/netflix/discovery/shared/transport/EurekaHttpClientFactory
instanceKlass java/util/TimerTask
instanceKlass com/netflix/discovery/shared/resolver/AsyncResolver$1
instanceKlass com/netflix/discovery/shared/resolver/AsyncResolver
instanceKlass com/netflix/discovery/shared/resolver/ClosableResolver
instanceKlass com/netflix/discovery/shared/resolver/DefaultEndpoint
instanceKlass com/netflix/discovery/shared/resolver/EurekaEndpoint
instanceKlass com/netflix/discovery/endpoint/EndpointUtils
instanceKlass com/netflix/discovery/shared/resolver/aws/ConfigClusterResolver
instanceKlass com/netflix/discovery/shared/resolver/aws/ZoneAffinityClusterResolver
instanceKlass com/netflix/discovery/shared/resolver/ClusterResolver
instanceKlass com/netflix/discovery/shared/transport/EurekaHttpClients
instanceKlass com/netflix/discovery/DiscoveryClient$2
instanceKlass com/netflix/discovery/shared/resolver/aws/ApplicationsResolver$ApplicationsSource
instanceKlass com/netflix/discovery/shared/transport/jersey/Jersey1TransportClientFactories$2
instanceKlass com/netflix/discovery/shared/transport/decorator/MetricsCollectingEurekaHttpClient$2
instanceKlass com/netflix/discovery/util/ExceptionsMetric
instanceKlass com/netflix/discovery/util/ServoUtil
instanceKlass com/netflix/discovery/shared/transport/decorator/MetricsCollectingEurekaHttpClient$EurekaHttpClientRequestMetrics
instanceKlass com/netflix/discovery/shared/transport/decorator/EurekaHttpClientDecorator
instanceKlass com/netflix/discovery/shared/transport/EurekaHttpClient
instanceKlass com/netflix/discovery/shared/transport/jersey/ApacheHttpClientConnectionCleaner$2
instanceKlass com/netflix/discovery/shared/transport/jersey/ApacheHttpClientConnectionCleaner$1
instanceKlass com/netflix/discovery/shared/transport/jersey/ApacheHttpClientConnectionCleaner
instanceKlass com/sun/jersey/api/client/ClientResponse
instanceKlass com/sun/jersey/api/client/ClientRequest
instanceKlass javax/ws/rs/core/StreamingOutput
instanceKlass com/sun/jersey/core/impl/provider/entity/StreamingOutputProvider
instanceKlass com/sun/jersey/core/spi/factory/MessageBodyFactory$2
instanceKlass com/sun/jersey/core/spi/factory/MessageBodyFactory$MessageBodyWriterPair
instanceKlass com/sun/jersey/core/reflection/ReflectionHelper$DeclaringClassInterfacePair
instanceKlass com/sun/jersey/core/impl/provider/entity/SourceProvider$SourceWriter
instanceKlass com/sun/jersey/core/impl/provider/entity/SourceProvider
instanceKlass org/w3c/dom/Document
instanceKlass org/w3c/dom/Node
instanceKlass com/sun/jersey/core/impl/provider/entity/Inflector$Replacer
instanceKlass com/sun/jersey/core/impl/provider/entity/Inflector
instanceKlass com/sun/jersey/core/provider/jaxb/AbstractListElementProvider$1
instanceKlass com/sun/jersey/core/provider/jaxb/AbstractListElementProvider$JaxbTypeChecker
instanceKlass javax/xml/stream/XMLStreamReader
instanceKlass javax/xml/stream/XMLStreamConstants
instanceKlass javax/xml/bind/JAXBElement
instanceKlass com/sun/jersey/api/client/Client$4$1
instanceKlass com/sun/jersey/core/impl/provider/xml/ThreadLocalSingletonContextProvider$2
instanceKlass javax/xml/bind/JAXBContext
instanceKlass javax/xml/bind/Marshaller
instanceKlass javax/xml/bind/Unmarshaller
instanceKlass java/awt/image/RenderedImage
instanceKlass com/sun/jersey/core/util/ReaderWriter
instanceKlass javax/ws/rs/core/MultivaluedMap
instanceKlass com/sun/jersey/core/impl/provider/entity/EntityHolderReader
instanceKlass com/sun/jersey/core/impl/provider/entity/SourceProvider$DOMSourceReader
instanceKlass com/sun/jersey/core/impl/provider/entity/SourceProvider$SAXSourceReader
instanceKlass com/sun/jersey/core/impl/provider/entity/SourceProvider$StreamSourceReader
instanceKlass com/sun/jersey/core/provider/AbstractMessageReaderWriterProvider
instanceKlass com/sun/jersey/core/util/KeyComparatorHashMap$HashIterator
instanceKlass com/sun/jersey/core/spi/factory/MessageBodyFactory$DistanceComparator
instanceKlass com/sun/jersey/core/header/MediaTypes$3
instanceKlass com/sun/jersey/core/header/QualityFactor
instanceKlass com/sun/jersey/core/header/MediaTypes$2
instanceKlass com/sun/jersey/core/header/MediaTypes$1
instanceKlass com/sun/jersey/core/header/GrammarUtil
instanceKlass com/sun/jersey/core/header/reader/HttpHeaderReader$9
instanceKlass com/sun/jersey/core/header/reader/HttpHeaderReader$8
instanceKlass com/sun/jersey/core/header/reader/HttpHeaderReader$7
instanceKlass com/sun/jersey/core/header/reader/HttpHeaderReader$5
instanceKlass com/sun/jersey/core/header/reader/HttpHeaderReader$4
instanceKlass com/sun/jersey/core/header/reader/HttpHeaderReader$3
instanceKlass com/sun/jersey/core/header/reader/HttpHeaderReader$2
instanceKlass com/sun/jersey/core/header/reader/HttpHeaderReader$1
instanceKlass com/sun/jersey/core/header/reader/HttpHeaderReader$ListElementCreator
instanceKlass com/sun/jersey/core/header/reader/HttpHeaderReader
instanceKlass javax/ws/rs/core/MediaType$1
instanceKlass javax/ws/rs/core/CacheControl
instanceKlass javax/ws/rs/core/Cookie
instanceKlass javax/ws/rs/core/EntityTag
instanceKlass com/sun/jersey/core/impl/provider/header/StringProvider
instanceKlass com/sun/jersey/core/impl/provider/header/DateProvider
instanceKlass com/sun/jersey/core/impl/provider/header/URIProvider
instanceKlass com/sun/jersey/core/impl/provider/header/CookieProvider
instanceKlass com/sun/jersey/core/impl/provider/header/NewCookieProvider
instanceKlass com/sun/jersey/core/impl/provider/header/CacheControlProvider
instanceKlass com/sun/jersey/core/impl/provider/header/MediaTypeProvider
instanceKlass com/sun/jersey/core/impl/provider/header/EntityTagProvider
instanceKlass com/sun/jersey/core/impl/provider/header/LocaleProvider
instanceKlass com/sun/jersey/spi/HeaderDelegateProvider
instanceKlass javax/ws/rs/ext/RuntimeDelegate$HeaderDelegate
instanceKlass javax/ws/rs/ext/FactoryFinder$1
instanceKlass javax/ws/rs/ext/FactoryFinder
instanceKlass javax/ws/rs/ext/RuntimeDelegate
instanceKlass javax/ws/rs/core/MediaType
instanceKlass com/sun/jersey/core/header/MediaTypes
instanceKlass javax/ws/rs/ext/Provider
instanceKlass com/sun/jersey/core/util/KeyComparatorHashMap$Entry
instanceKlass com/sun/jersey/core/spi/factory/ContextResolverFactory$1
instanceKlass com/sun/jersey/api/client/Client$4
instanceKlass com/sun/jersey/api/client/Client$3
instanceKlass javax/ws/rs/ext/Providers
instanceKlass com/sun/jersey/core/spi/factory/MessageBodyFactory$1
instanceKlass com/sun/jersey/core/util/KeyComparator
instanceKlass com/sun/jersey/core/spi/factory/MessageBodyFactory
instanceKlass com/sun/jersey/spi/MessageBodyWorkers
instanceKlass com/sun/jersey/core/spi/factory/ContextResolverFactory$NullContextResolverAdapter
instanceKlass javax/ws/rs/ext/ContextResolver
instanceKlass com/sun/jersey/core/spi/factory/ContextResolverFactory
instanceKlass javax/xml/stream/XMLInputFactory
instanceKlass com/sun/jersey/core/spi/component/ComponentDestructor
instanceKlass com/sun/jersey/core/spi/component/ProviderFactory$SingletonComponentProvider
instanceKlass com/sun/jersey/core/spi/component/ProviderFactory$Destroyable
instanceKlass com/sun/jersey/core/spi/component/ComponentProvider
instanceKlass com/sun/jersey/core/reflection/MethodList$4
instanceKlass com/sun/jersey/core/reflection/MethodList$7
instanceKlass com/sun/jersey/core/reflection/MethodList$8
instanceKlass com/sun/jersey/core/spi/component/ComponentConstructor$ConstructorInjectablePair
instanceKlass com/sun/jersey/core/spi/component/AnnotatedContext
instanceKlass com/sun/jersey/core/spi/component/ComponentConstructor$ConstructorComparator
instanceKlass com/sun/jersey/core/reflection/MethodList$3
instanceKlass com/sun/jersey/core/reflection/MethodList$2
instanceKlass com/sun/jersey/core/reflection/MethodList$5
instanceKlass com/sun/jersey/core/reflection/MethodList$Filter
instanceKlass com/sun/jersey/core/reflection/ReflectionHelper$9
instanceKlass javax/ws/rs/FormParam
instanceKlass javax/ws/rs/PathParam
instanceKlass javax/ws/rs/HeaderParam
instanceKlass javax/ws/rs/CookieParam
instanceKlass javax/ws/rs/QueryParam
instanceKlass javax/ws/rs/MatrixParam
instanceKlass javax/ws/rs/DefaultValue
instanceKlass javax/ws/rs/Encoded
instanceKlass javax/ws/rs/Consumes
instanceKlass javax/ws/rs/Produces
instanceKlass javax/ws/rs/Path
instanceKlass javax/ws/rs/HttpMethod
instanceKlass com/sun/jersey/core/reflection/AnnotatedMethod
instanceKlass com/sun/jersey/core/spi/component/ComponentContext
instanceKlass javax/xml/parsers/SAXParserFactory
instanceKlass com/sun/jersey/core/reflection/MethodList
instanceKlass com/sun/jersey/core/reflection/ReflectionHelper$2
instanceKlass com/sun/jersey/core/reflection/ReflectionHelper$4
instanceKlass com/sun/jersey/core/spi/component/ComponentConstructor
instanceKlass com/sun/jersey/core/spi/component/ComponentInjector
instanceKlass com/sun/jersey/core/spi/component/ProviderServices$ProviderClass
instanceKlass com/sun/jersey/spi/inject/ConstrainedTo
instanceKlass com/sun/jersey/core/impl/provider/xml/ThreadLocalSingletonContextProvider
instanceKlass com/sun/jersey/core/reflection/ReflectionHelper$3
instanceKlass com/sun/jersey/core/spi/factory/InjectableProviderFactory$1
instanceKlass com/sun/jersey/core/spi/component/ProviderServices$ProviderListener
instanceKlass com/sun/jersey/core/spi/factory/InjectableProviderFactory$MetaInjectableProvider
instanceKlass com/sun/jersey/core/reflection/ReflectionHelper$ClassTypePair
instanceKlass javax/ws/rs/core/Context
instanceKlass com/sun/jersey/spi/inject/SingletonTypeInjectableProvider
instanceKlass com/sun/jersey/spi/inject/Injectable
instanceKlass com/sun/jersey/spi/inject/InjectableProvider
instanceKlass com/sun/jersey/client/proxy/ViewProxyProvider
instanceKlass com/sun/jersey/spi/inject/ConstrainedToType
instanceKlass com/sun/jersey/core/spi/component/ProviderServices
instanceKlass com/sun/jersey/core/spi/component/ProviderFactory
instanceKlass com/sun/jersey/core/spi/component/ComponentProviderFactory
instanceKlass com/sun/jersey/client/impl/CopyOnWriteHashMap
instanceKlass com/sun/jersey/core/spi/factory/InjectableProviderFactory
instanceKlass com/sun/jersey/spi/inject/InjectableProviderContext
instanceKlass com/sun/jersey/spi/service/ServiceFinder$AbstractLazyIterator
instanceKlass com/sun/jersey/spi/service/ServiceFinder$ServiceIteratorProvider
instanceKlass com/sun/jersey/core/reflection/ReflectionHelper$1
instanceKlass com/sun/jersey/core/reflection/ReflectionHelper
instanceKlass com/sun/jersey/spi/service/ServiceFinder
instanceKlass com/sun/jersey/core/util/LazyVal
instanceKlass com/sun/jersey/spi/inject/Errors
instanceKlass com/sun/jersey/api/client/Client$1
instanceKlass com/sun/jersey/spi/inject/Errors$Closure
instanceKlass com/sun/jersey/api/client/RequestWriter
instanceKlass org/apache/http/cookie/CookieIdentityComparator
instanceKlass org/apache/http/impl/client/BasicCookieStore
instanceKlass org/apache/http/util/VersionInfo
instanceKlass org/apache/http/params/HttpConnectionParams
instanceKlass org/apache/http/params/CoreConnectionPNames
instanceKlass org/apache/http/protocol/HTTP
instanceKlass org/apache/http/params/HttpProtocolParams
instanceKlass org/apache/http/params/CoreProtocolPNames
instanceKlass org/apache/http/ProtocolVersion
instanceKlass org/apache/http/params/AbstractHttpParams
instanceKlass org/apache/http/params/HttpParamsNames
instanceKlass org/apache/http/params/HttpParams
instanceKlass com/sun/jersey/api/client/filter/Filterable
instanceKlass com/netflix/discovery/shared/transport/jersey/EurekaJerseyClientImpl
instanceKlass com/netflix/discovery/util/DiscoveryBuildInfo
instanceKlass com/thoughtworks/xstream/security/ExplicitTypePermission$1
instanceKlass java/time/chrono/Ser
instanceKlass java/time/Ser
instanceKlass com/thoughtworks/xstream/security/InterfaceTypePermission
instanceKlass com/thoughtworks/xstream/security/ArrayTypePermission
instanceKlass com/thoughtworks/xstream/security/PrimitiveTypePermission
instanceKlass com/thoughtworks/xstream/security/NullPermission
instanceKlass com/netflix/discovery/shared/Applications$VipIndexSupport
instanceKlass com/thoughtworks/xstream/mapper/ImplicitCollectionMapper$NamedItemType
instanceKlass com/thoughtworks/xstream/mapper/ImplicitCollectionMapper$ImplicitCollectionMappingImpl
instanceKlass com/thoughtworks/xstream/mapper/ImplicitCollectionMapper$ImplicitCollectionMapperForClass
instanceKlass com/fasterxml/jackson/databind/jsontype/impl/TypeIdResolverBase
instanceKlass com/fasterxml/jackson/databind/jsontype/TypeIdResolver
instanceKlass com/fasterxml/jackson/databind/annotation/JsonTypeIdResolver
instanceKlass com/netflix/discovery/converters/Auto
instanceKlass com/thoughtworks/xstream/annotations/XStreamOmitField
instanceKlass com/thoughtworks/xstream/annotations/XStreamImplicit
instanceKlass com/thoughtworks/xstream/annotations/XStreamAsAttribute
instanceKlass com/thoughtworks/xstream/annotations/XStreamImplicitCollection
instanceKlass com/thoughtworks/xstream/annotations/XStreamAliasType
instanceKlass com/thoughtworks/xstream/annotations/XStreamConverter
instanceKlass com/thoughtworks/xstream/annotations/XStreamConverters
instanceKlass com/thoughtworks/xstream/annotations/XStreamInclude
instanceKlass com/netflix/discovery/converters/Converters$MetadataConverter
instanceKlass com/netflix/discovery/converters/Converters$LeaseInfoConverter
instanceKlass com/netflix/discovery/converters/Converters$InstanceInfoConverter
instanceKlass com/netflix/discovery/converters/Converters$DataCenterInfoConverter
instanceKlass com/netflix/discovery/converters/Converters$ApplicationsConverter
instanceKlass com/netflix/discovery/converters/Converters$ApplicationConverter
instanceKlass com/thoughtworks/xstream/core/AbstractTreeMarshallingStrategy
instanceKlass com/thoughtworks/xstream/MarshallingStrategy
instanceKlass com/thoughtworks/xstream/core/util/SelfStreamingInstanceChecker
instanceKlass com/thoughtworks/xstream/converters/time/ZoneIdConverter
instanceKlass com/thoughtworks/xstream/converters/time/ZonedDateTimeConverter
instanceKlass com/thoughtworks/xstream/converters/time/WeekFieldsConverter
instanceKlass com/thoughtworks/xstream/converters/time/ValueRangeConverter
instanceKlass com/thoughtworks/xstream/converters/time/SystemClockConverter
instanceKlass com/thoughtworks/xstream/converters/time/OffsetTimeConverter
instanceKlass com/thoughtworks/xstream/converters/time/OffsetDateTimeConverter
instanceKlass com/thoughtworks/xstream/converters/time/LocalTimeConverter
instanceKlass com/thoughtworks/xstream/converters/time/LocalDateTimeConverter
instanceKlass com/thoughtworks/xstream/converters/time/ChronologyConverter
instanceKlass com/thoughtworks/xstream/converters/extended/ActivationDataFlavorConverter
instanceKlass com/thoughtworks/xstream/converters/enums/EnumSetConverter
instanceKlass com/thoughtworks/xstream/converters/enums/EnumConverter
instanceKlass javax/xml/datatype/SecuritySupport$1
instanceKlass javax/xml/datatype/FactoryFinder$1
instanceKlass javax/xml/datatype/SecuritySupport$5
instanceKlass javax/xml/datatype/SecuritySupport$2
instanceKlass javax/xml/datatype/SecuritySupport
instanceKlass javax/xml/datatype/FactoryFinder
instanceKlass com/thoughtworks/xstream/converters/extended/DurationConverter$1
instanceKlass javax/xml/datatype/DatatypeFactory
instanceKlass com/thoughtworks/xstream/converters/extended/RegexPatternConverter
instanceKlass com/thoughtworks/xstream/converters/extended/StackTraceElementFactory
instanceKlass com/thoughtworks/xstream/converters/extended/ThrowableConverter
instanceKlass com/thoughtworks/xstream/converters/extended/GregorianCalendarConverter
instanceKlass com/thoughtworks/xstream/converters/extended/ColorConverter
instanceKlass com/thoughtworks/xstream/converters/extended/FontConverter
instanceKlass com/thoughtworks/xstream/converters/extended/JavaFieldConverter
instanceKlass com/thoughtworks/xstream/converters/extended/JavaMethodConverter
instanceKlass com/thoughtworks/xstream/converters/extended/DynamicProxyConverter
instanceKlass com/thoughtworks/xstream/converters/extended/EncodedByteArrayConverter
instanceKlass com/thoughtworks/xstream/converters/collections/PropertiesConverter
instanceKlass com/thoughtworks/xstream/converters/collections/CharArrayConverter
instanceKlass com/thoughtworks/xstream/converters/collections/AbstractCollectionConverter
instanceKlass com/thoughtworks/xstream/converters/collections/BitSetConverter
instanceKlass com/thoughtworks/xstream/core/util/ThreadSafeSimpleDateFormat$1
instanceKlass com/thoughtworks/xstream/core/util/Pool$Factory
instanceKlass com/thoughtworks/xstream/core/util/Pool
instanceKlass com/thoughtworks/xstream/core/util/ThreadSafeSimpleDateFormat
instanceKlass com/thoughtworks/xstream/converters/basic/CharConverter
instanceKlass com/thoughtworks/xstream/converters/SingleValueConverterWrapper
instanceKlass com/thoughtworks/xstream/converters/ErrorReporter
instanceKlass com/thoughtworks/xstream/converters/basic/AbstractSingleValueConverter
instanceKlass com/thoughtworks/xstream/converters/basic/NullConverter
instanceKlass com/thoughtworks/xstream/converters/reflection/ExternalizableConverter
instanceKlass com/thoughtworks/xstream/converters/reflection/ReflectionProviderWrapper
instanceKlass com/thoughtworks/xstream/core/util/PrioritizedList$PrioritizedItem
instanceKlass com/thoughtworks/xstream/core/util/FastField
instanceKlass com/thoughtworks/xstream/core/util/SerializationMembers$1
instanceKlass com/thoughtworks/xstream/core/util/SerializationMembers
instanceKlass com/thoughtworks/xstream/converters/reflection/SerializationMethodInvoker
instanceKlass com/thoughtworks/xstream/converters/reflection/AbstractReflectionConverter
instanceKlass java/lang/invoke/SerializedLambda
instanceKlass java/time/temporal/WeekFields$ComputedDayOfField
instanceKlass java/time/temporal/WeekFields
instanceKlass sun/util/locale/LocaleExtensions
instanceKlass sun/util/locale/InternalLocaleBuilder$CaseInsensitiveString
instanceKlass sun/util/locale/Extension
instanceKlass sun/util/locale/InternalLocaleBuilder$CaseInsensitiveChar
instanceKlass sun/util/locale/InternalLocaleBuilder
instanceKlass sun/util/locale/StringTokenIterator
instanceKlass sun/util/locale/ParseStatus
instanceKlass sun/util/calendar/Era
instanceKlass sun/util/calendar/CalendarSystem$1
instanceKlass java/time/chrono/JapaneseEra
instanceKlass java/time/chrono/Era
instanceKlass javax/xml/datatype/Duration
instanceKlass javax/security/auth/Subject
instanceKlass sun/awt/image/SurfaceManager
instanceKlass sun/awt/image/SurfaceManager$ImageAccessor
instanceKlass java/awt/ImageCapabilities
instanceKlass java/awt/Image
instanceKlass java/awt/datatransfer/MimeType
instanceKlass java/awt/datatransfer/MimeTypeParameterList
instanceKlass java/awt/datatransfer/DataFlavor
instanceKlass java/awt/Font
instanceKlass javax/sql/rowset/BaseRowSet
instanceKlass javax/activation/DataSource
instanceKlass com/thoughtworks/xstream/security/TypeHierarchyPermission
instanceKlass com/thoughtworks/xstream/security/RegExpTypePermission
instanceKlass com/thoughtworks/xstream/security/NoPermission
instanceKlass com/thoughtworks/xstream/security/ExplicitTypePermission
instanceKlass com/thoughtworks/xstream/security/NoTypePermission
instanceKlass com/thoughtworks/xstream/security/AnyTypePermission
instanceKlass com/thoughtworks/xstream/security/TypePermission
instanceKlass com/thoughtworks/xstream/mapper/AnnotationConfiguration
instanceKlass com/thoughtworks/xstream/mapper/Mapper$Null
instanceKlass com/thoughtworks/xstream/converters/Converter
instanceKlass com/thoughtworks/xstream/converters/SingleValueConverter
instanceKlass com/thoughtworks/xstream/converters/ConverterMatcher
instanceKlass com/thoughtworks/xstream/mapper/Mapper$ImplicitCollectionMapping
instanceKlass com/thoughtworks/xstream/mapper/PackageAliasingMapper$1
instanceKlass com/thoughtworks/xstream/mapper/MapperWrapper
instanceKlass com/thoughtworks/xstream/mapper/DefaultMapper
instanceKlass com/thoughtworks/xstream/mapper/Mapper
instanceKlass com/thoughtworks/xstream/XStream$2
instanceKlass com/thoughtworks/xstream/XStream$1
instanceKlass com/thoughtworks/xstream/core/util/PrioritizedList
instanceKlass com/thoughtworks/xstream/core/DefaultConverterLookup
instanceKlass com/thoughtworks/xstream/converters/ConverterRegistry
instanceKlass com/thoughtworks/xstream/converters/ConverterLookup
instanceKlass com/thoughtworks/xstream/core/ClassLoaderReference
instanceKlass com/thoughtworks/xstream/core/util/Base64JavaUtilCodec
instanceKlass com/thoughtworks/xstream/core/StringCodec
instanceKlass javax/swing/LookAndFeel
instanceKlass java/awt/Color
instanceKlass java/awt/Paint
instanceKlass java/awt/Transparency
instanceKlass com/thoughtworks/xstream/core/util/FastStack
instanceKlass java/util/Collections$UnmodifiableList$1
instanceKlass java/text/CalendarBuilder
instanceKlass java/text/ParsePosition
instanceKlass com/thoughtworks/xstream/core/util/PresortedSet
instanceKlass com/thoughtworks/xstream/core/util/PresortedMap$1
instanceKlass com/thoughtworks/xstream/core/util/PresortedMap
instanceKlass com/thoughtworks/xstream/core/JVM$1
instanceKlass com/thoughtworks/xstream/converters/reflection/FieldKey
instanceKlass com/thoughtworks/xstream/converters/reflection/FieldUtil15
instanceKlass com/thoughtworks/xstream/converters/reflection/FieldDictionary$FieldUtil
instanceKlass com/thoughtworks/xstream/converters/reflection/ImmutableFieldKeySorter
instanceKlass com/thoughtworks/xstream/converters/reflection/FieldKeySorter
instanceKlass com/thoughtworks/xstream/converters/reflection/FieldDictionary$DictionaryEntry
instanceKlass com/thoughtworks/xstream/converters/reflection/FieldDictionary
instanceKlass com/thoughtworks/xstream/core/util/DependencyInjectionFactory
instanceKlass com/thoughtworks/xstream/converters/reflection/PureJavaReflectionProvider
instanceKlass com/thoughtworks/xstream/converters/reflection/ReflectionProvider
instanceKlass com/thoughtworks/xstream/core/JVM$Test
instanceKlass com/thoughtworks/xstream/core/JVM
instanceKlass com/thoughtworks/xstream/core/Caching
instanceKlass com/thoughtworks/xstream/io/xml/XmlFriendlyNameCoder
instanceKlass com/thoughtworks/xstream/io/naming/NameCoder
instanceKlass com/thoughtworks/xstream/io/AbstractDriver
instanceKlass com/thoughtworks/xstream/io/HierarchicalStreamDriver
instanceKlass com/thoughtworks/xstream/XStream
instanceKlass com/netflix/discovery/converters/EurekaJacksonCodec$$Lambda$1084
instanceKlass com/fasterxml/jackson/databind/annotation/JsonTypeResolver
instanceKlass com/fasterxml/jackson/databind/ser/ResolvableSerializer
instanceKlass com/fasterxml/jackson/databind/util/ArrayIterator
instanceKlass com/fasterxml/jackson/annotation/JsonIdentityInfo
instanceKlass com/fasterxml/jackson/annotation/JsonAutoDetect
instanceKlass com/fasterxml/jackson/databind/introspect/POJOPropertiesCollector
instanceKlass com/fasterxml/jackson/databind/introspect/AnnotationMap
instanceKlass com/fasterxml/jackson/annotation/JacksonAnnotationsInside
instanceKlass com/fasterxml/jackson/annotation/JsonRootName
instanceKlass com/thoughtworks/xstream/annotations/XStreamAlias
instanceKlass com/netflix/discovery/provider/Serializer
instanceKlass com/netflix/appinfo/providers/EurekaConfigBasedInstanceInfoProvider
instanceKlass com/google/inject/ProvidedBy
instanceKlass com/fasterxml/jackson/databind/util/TypeKey
instanceKlass com/fasterxml/jackson/databind/ser/impl/ReadOnlyClassToSerializerMap$Bucket
instanceKlass com/fasterxml/jackson/databind/ser/impl/ReadOnlyClassToSerializerMap
instanceKlass com/fasterxml/jackson/databind/type/ClassStack
instanceKlass com/fasterxml/jackson/databind/ObjectWriter$Prefetch
instanceKlass com/fasterxml/jackson/databind/ObjectWriter$GeneratorSettings
instanceKlass com/fasterxml/jackson/core/util/MinimalPrettyPrinter
instanceKlass com/netflix/discovery/converters/EurekaJacksonCodec$$Lambda$1083
instanceKlass com/netflix/discovery/converters/EurekaJacksonCodec$$Lambda$1082
instanceKlass com/netflix/discovery/converters/EurekaJacksonCodec$$Lambda$1081
instanceKlass com/netflix/discovery/converters/EurekaJacksonCodec$InstanceInfoDeserializer$$Lambda$1080
instanceKlass com/netflix/discovery/converters/EnumLookup$$Lambda$1079
instanceKlass com/netflix/discovery/converters/EnumLookup$$Lambda$1078
instanceKlass com/netflix/discovery/converters/EurekaJacksonCodec$LeaseInfoDeserializer$$Lambda$1077
instanceKlass com/netflix/discovery/converters/EnumLookup
instanceKlass com/netflix/discovery/DiscoveryManager
instanceKlass com/netflix/discovery/converters/EurekaJacksonCodec
instanceKlass com/netflix/discovery/provider/DiscoveryJerseyProvider
instanceKlass javax/ws/rs/ext/MessageBodyReader
instanceKlass javax/ws/rs/ext/MessageBodyWriter
instanceKlass com/netflix/servo/tag/SortedTagList$Builder
instanceKlass com/netflix/servo/tag/SortedTagList
instanceKlass com/netflix/servo/annotations/Monitor
instanceKlass org/apache/http/conn/OperatedClientConnection
instanceKlass org/apache/http/HttpInetConnection
instanceKlass org/apache/http/HttpClientConnection
instanceKlass org/apache/http/HttpConnection
instanceKlass org/apache/http/impl/conn/tsccm/WaitingThread
instanceKlass org/apache/http/impl/conn/tsccm/WaitingThreadAborter
instanceKlass org/apache/http/impl/conn/tsccm/PoolEntryRequest
instanceKlass org/apache/http/conn/routing/HttpRoute
instanceKlass org/apache/http/conn/routing/RouteInfo
instanceKlass org/apache/http/impl/conn/tsccm/RouteSpecificPool
instanceKlass org/apache/http/impl/conn/AbstractPoolEntry
instanceKlass com/netflix/servo/util/Reflection
instanceKlass com/netflix/servo/annotations/MonitorTags
instanceKlass org/apache/http/impl/conn/IdleConnectionHandler
instanceKlass org/apache/http/impl/conn/tsccm/AbstractConnPool
instanceKlass org/apache/http/impl/conn/SystemDefaultDnsResolver
instanceKlass org/apache/http/impl/conn/DefaultClientConnectionOperator
instanceKlass org/apache/http/conn/ClientConnectionOperator
instanceKlass org/apache/http/conn/params/ConnPerRouteBean
instanceKlass org/apache/http/conn/params/ConnPerRoute
instanceKlass org/apache/http/impl/conn/tsccm/ThreadSafeClientConnManager
instanceKlass org/apache/http/conn/ClientConnectionManager
instanceKlass com/netflix/discovery/shared/transport/jersey/SSLSocketFactoryAdapter$DummyX509HostnameVerifier
instanceKlass javax/net/SocketFactory
instanceKlass org/apache/http/conn/util/PublicSuffixList
instanceKlass org/apache/http/Consts
instanceKlass org/apache/http/conn/util/PublicSuffixListParser
instanceKlass org/apache/http/conn/util/PublicSuffixMatcherLoader
instanceKlass org/apache/http/conn/ssl/DefaultHostnameVerifier
instanceKlass sun/security/validator/KeyStores
instanceKlass javax/net/ssl/X509ExtendedTrustManager
instanceKlass javax/net/ssl/X509TrustManager
instanceKlass javax/net/ssl/TrustManager
instanceKlass sun/security/ssl/TrustManagerFactoryImpl$1
instanceKlass java/security/KeyStore$1
instanceKlass sun/security/ssl/TrustManagerFactoryImpl$2
instanceKlass javax/net/ssl/TrustManagerFactorySpi
instanceKlass javax/net/ssl/TrustManagerFactory$1
instanceKlass javax/net/ssl/TrustManagerFactory
instanceKlass javax/net/ssl/X509ExtendedKeyManager
instanceKlass javax/net/ssl/X509KeyManager
instanceKlass javax/net/ssl/KeyManager
instanceKlass sun/security/ssl/SSLSessionContextImpl$1
instanceKlass sun/security/ssl/SSLSessionContextImpl
instanceKlass javax/net/ssl/SSLSessionContext
instanceKlass sun/security/ssl/EphemeralKeyManager$EphemeralKeyPair
instanceKlass sun/security/ssl/EphemeralKeyManager
instanceKlass sun/security/ssl/SSLContextImpl$CustomizedSSLProtocols
instanceKlass sun/security/ssl/CipherSuiteList
instanceKlass java/security/spec/ECGenParameterSpec
instanceKlass sun/security/util/ECKeySizeParameterSpec
instanceKlass sun/security/util/SecurityProviderConstants
instanceKlass java/security/KeyPairGeneratorSpi
instanceKlass sun/security/x509/CertificatePolicyMap
instanceKlass sun/security/util/ECUtil
instanceKlass java/security/interfaces/ECPublicKey
instanceKlass sun/security/provider/JavaKeyStore$TrustedCertEntry
instanceKlass sun/security/provider/KeyStoreDelegator$1
instanceKlass java/security/KeyStoreSpi
instanceKlass java/security/KeyStore
instanceKlass sun/security/util/AnchorCertificates$1
instanceKlass sun/security/util/AnchorCertificates
instanceKlass java/security/cert/TrustAnchor
instanceKlass sun/security/x509/X509CertImpl$$Lambda$1076
instanceKlass sun/security/util/UntrustedCertificates$1
instanceKlass sun/security/util/UntrustedCertificates
instanceKlass java/security/cert/PKIXCertPathChecker
instanceKlass java/security/cert/CertPathChecker
instanceKlass javax/crypto/JarVerifier$JarHolder
instanceKlass javax/crypto/JarVerifier$2
instanceKlass javax/crypto/JceSecurity$2
instanceKlass javax/crypto/KeyAgreement
instanceKlass sun/security/ssl/JsseJce$EcAvailability
instanceKlass sun/security/ssl/SSLAlgorithmDecomposer$1
instanceKlass sun/security/ssl/CipherSuite$MacAlg
instanceKlass javax/crypto/JceSecurityManager$1
instanceKlass sun/security/validator/EndEntityChecker
instanceKlass sun/security/validator/Validator
instanceKlass sun/security/util/Pem
instanceKlass javax/crypto/JarVerifier$1
instanceKlass javax/crypto/JarVerifier
instanceKlass javax/crypto/CryptoPolicyParser$CryptoPermissionEntry
instanceKlass javax/crypto/CryptoPolicyParser$GrantEntry
instanceKlass javax/crypto/CryptoPolicyParser
instanceKlass javax/crypto/JceSecurity$1
instanceKlass javax/crypto/JceSecurity
instanceKlass javax/crypto/Cipher
instanceKlass sun/security/krb5/Realm
instanceKlass sun/security/krb5/PrincipalName
instanceKlass sun/security/ssl/JsseJce$1
instanceKlass sun/security/ssl/JsseJce
instanceKlass sun/security/ssl/CipherSuite$BulkCipher
instanceKlass sun/security/ssl/CipherSuite
instanceKlass sun/security/ssl/SSLAlgorithmConstraints
instanceKlass sun/security/ssl/ProtocolVersion
instanceKlass sun/security/ssl/ProtocolList
instanceKlass sun/security/ssl/Debug
instanceKlass sun/security/ssl/SunJSSE$1
instanceKlass java/security/spec/ECFieldF2m
instanceKlass java/security/spec/ECParameterSpec
instanceKlass java/security/spec/ECPoint
instanceKlass java/security/spec/EllipticCurve
instanceKlass java/security/spec/ECFieldFp
instanceKlass java/security/spec/ECField
instanceKlass sun/security/ec/CurveDB
instanceKlass sun/security/ec/SunECEntries
instanceKlass sun/security/ec/SunEC$1
instanceKlass sun/security/util/ManifestEntryVerifier$SunProviderHolder
instanceKlass javax/net/ssl/SSLContextSpi
instanceKlass org/apache/http/ssl/SSLContexts
instanceKlass org/apache/http/conn/ssl/SSLConnectionSocketFactory
instanceKlass org/apache/http/conn/ssl/AbstractVerifier
instanceKlass org/apache/http/conn/ssl/SSLSocketFactory
instanceKlass org/apache/http/conn/scheme/LayeredSocketFactory
instanceKlass org/apache/http/conn/scheme/LayeredSchemeSocketFactory
instanceKlass org/apache/http/conn/scheme/SchemeLayeredSocketFactory
instanceKlass org/apache/http/util/Args
instanceKlass org/apache/http/conn/scheme/PlainSocketFactory
instanceKlass org/apache/http/conn/scheme/SchemeSocketFactory
instanceKlass org/apache/http/conn/scheme/SocketFactory
instanceKlass org/apache/http/conn/scheme/Scheme
instanceKlass org/apache/http/conn/scheme/SchemeRegistry
instanceKlass com/sun/jersey/api/client/config/DefaultClientConfig
instanceKlass com/sun/jersey/client/apache4/config/ApacheHttpClient4Config
instanceKlass com/sun/jersey/api/client/config/ClientConfig
instanceKlass com/sun/jersey/core/util/FeaturesAndProperties
instanceKlass com/netflix/discovery/shared/transport/jersey/EurekaJerseyClientImpl$EurekaJerseyClientBuilder
instanceKlass com/netflix/discovery/shared/transport/jersey/JerseyEurekaHttpClientFactory$$Lambda$1075
instanceKlass com/netflix/discovery/shared/transport/jersey/JerseyEurekaHttpClientFactory$$Lambda$1074
instanceKlass com/netflix/discovery/converters/wrappers/CodecWrappers$1
instanceKlass com/netflix/discovery/shared/transport/EurekaClientFactoryBuilder
instanceKlass com/netflix/discovery/shared/transport/jersey/JerseyEurekaHttpClientFactory
instanceKlass com/netflix/appinfo/AbstractEurekaIdentity
instanceKlass com/netflix/discovery/shared/transport/jersey/Jersey1TransportClientFactories
instanceKlass com/netflix/discovery/DiscoveryClient$EurekaTransport
instanceKlass com/google/common/util/concurrent/ThreadFactoryBuilder$1
instanceKlass java/util/concurrent/Executors$DefaultThreadFactory
instanceKlass com/google/common/util/concurrent/ThreadFactoryBuilder
instanceKlass com/netflix/servo/jmx/JmxMonitorRegistry$$Lambda$1073
instanceKlass com/netflix/servo/util/Strings
instanceKlass com/netflix/servo/jmx/ObjectNameBuilder
instanceKlass com/netflix/servo/jmx/MonitorMBean
instanceKlass sun/management/Flag$1
instanceKlass sun/management/Flag
instanceKlass sun/management/ExtendedPlatformComponent
instanceKlass sun/management/DiagnosticCommandImpl$Wrapper
instanceKlass sun/management/DiagnosticCommandArgumentInfo
instanceKlass sun/management/DiagnosticCommandInfo
instanceKlass sun/management/DiagnosticCommandImpl$OperationInfoComparator
instanceKlass java/lang/management/ManagementFactory$3
instanceKlass com/sun/management/DiagnosticCommandMBean
instanceKlass com/sun/management/VMOption
instanceKlass sun/management/HotSpotDiagnostic
instanceKlass com/sun/management/HotSpotDiagnosticMXBean
instanceKlass javax/management/MBeanInfo$ArrayGettersSafeAction
instanceKlass javax/management/openmbean/OpenMBeanOperationInfo
instanceKlass sun/management/ManagementFactoryHelper$PlatformLoggingImpl
instanceKlass sun/management/ManagementFactoryHelper$LoggingMXBean
instanceKlass java/util/logging/LoggingMXBean
instanceKlass java/lang/management/PlatformLoggingMXBean
instanceKlass java/lang/management/LockInfo
instanceKlass javax/management/DescriptorKey
instanceKlass jdk/Exported
instanceKlass com/sun/jmx/mbeanserver/PerInterface$MethodAndSig
instanceKlass sun/management/CompilationImpl
instanceKlass sun/management/VMManagementImpl$1
instanceKlass java/lang/management/CompilationMXBean
instanceKlass com/sun/jmx/mbeanserver/WeakIdentityHashMap
instanceKlass com/sun/jmx/mbeanserver/MXBeanLookup
instanceKlass com/sun/jmx/mbeanserver/PerInterface$InitMaps
instanceKlass com/sun/jmx/mbeanserver/PerInterface
instanceKlass javax/management/openmbean/OpenMBeanAttributeInfo
instanceKlass javax/management/openmbean/OpenMBeanParameterInfo
instanceKlass com/sun/jmx/mbeanserver/MBeanIntrospector$MBeanInfoMaker
instanceKlass com/sun/jmx/mbeanserver/MBeanAnalyzer$MBeanVisitor
instanceKlass com/sun/jmx/mbeanserver/MBeanAnalyzer$AttrMethods
instanceKlass com/sun/jmx/mbeanserver/MXBeanMapping
instanceKlass com/sun/jmx/mbeanserver/MXBeanMappingFactory
instanceKlass com/sun/jmx/mbeanserver/ConvertingMethod
instanceKlass com/sun/jmx/mbeanserver/MBeanAnalyzer$MethodOrder
instanceKlass com/sun/jmx/mbeanserver/MBeanAnalyzer
instanceKlass com/sun/jmx/mbeanserver/MBeanIntrospector
instanceKlass javax/management/MXBean
instanceKlass com/sun/jmx/mbeanserver/MBeanSupport
instanceKlass com/sun/jmx/mbeanserver/DescriptorCache
instanceKlass javax/management/JMX
instanceKlass javax/management/StandardMBean
instanceKlass java/lang/management/ManagementFactory$2
instanceKlass com/sun/jmx/mbeanserver/JmxMBeanServer$3
instanceKlass javax/management/ObjectInstance
instanceKlass com/sun/jmx/mbeanserver/NamedObject
instanceKlass com/sun/jmx/interceptor/DefaultMBeanServerInterceptor$ResourceContext$1
instanceKlass com/sun/jmx/interceptor/DefaultMBeanServerInterceptor$ResourceContext
instanceKlass com/sun/jmx/mbeanserver/Repository$RegistrationContext
instanceKlass com/sun/jmx/mbeanserver/DynamicMBean2
instanceKlass com/sun/jmx/defaults/JmxProperties
instanceKlass com/sun/jmx/mbeanserver/Introspector
instanceKlass com/sun/jmx/mbeanserver/JmxMBeanServer$2
instanceKlass com/sun/jmx/interceptor/DefaultMBeanServerInterceptor
instanceKlass com/sun/jmx/interceptor/MBeanServerInterceptor
instanceKlass com/sun/jmx/mbeanserver/Repository
instanceKlass com/sun/jmx/mbeanserver/JmxMBeanServer$1
instanceKlass com/sun/jmx/mbeanserver/SecureClassLoaderRepository
instanceKlass com/sun/jmx/mbeanserver/MBeanInstantiator
instanceKlass com/sun/jmx/mbeanserver/ClassLoaderRepositorySupport$LoaderEntry
instanceKlass com/sun/jmx/mbeanserver/ClassLoaderRepositorySupport
instanceKlass com/sun/jmx/mbeanserver/ModifiableClassLoaderRepository
instanceKlass javax/management/loading/ClassLoaderRepository
instanceKlass javax/management/ImmutableDescriptor
instanceKlass javax/management/Descriptor
instanceKlass javax/management/MBeanInfo
instanceKlass javax/management/MBeanServerDelegate
instanceKlass javax/management/MBeanServerDelegateMBean
instanceKlass com/sun/jmx/mbeanserver/JmxMBeanServer
instanceKlass com/sun/jmx/mbeanserver/SunJmxMBeanServer
instanceKlass javax/management/MBeanServerBuilder
instanceKlass javax/management/MBeanServerFactory
instanceKlass com/netflix/servo/jmx/DefaultObjectNameMapper
instanceKlass com/netflix/servo/jmx/ObjectNameMapper
instanceKlass com/netflix/servo/jmx/JmxMonitorRegistry
instanceKlass com/netflix/servo/DefaultMonitorRegistry
instanceKlass com/netflix/servo/MonitorRegistry
instanceKlass com/netflix/discovery/util/ThresholdLevelsMetric
instanceKlass com/netflix/discovery/endpoint/EndpointUtils$InstanceInfoBasedUrlRandomizer
instanceKlass com/netflix/discovery/endpoint/EndpointUtils$ServiceUrlRandomizer
instanceKlass com/netflix/discovery/DiscoveryClient$Stats
instanceKlass com/netflix/servo/util/UnmodifiableList
instanceKlass com/netflix/servo/monitor/Gauge
instanceKlass com/netflix/servo/monitor/Pollers
instanceKlass com/netflix/servo/monitor/StepLong
instanceKlass com/netflix/servo/util/Clock
instanceKlass com/google/common/collect/MapMakerInternalMap$StrongValueEntry
instanceKlass com/google/common/collect/MapMakerInternalMap$InternalEntry
instanceKlass com/netflix/servo/tag/BasicTag
instanceKlass java/util/concurrent/atomic/AtomicReferenceArray
instanceKlass com/google/common/collect/MapMakerInternalMap$WeakKeyDummyValueEntry$Helper
instanceKlass com/google/common/collect/MapMakerInternalMap$InternalEntryHelper
instanceKlass com/google/common/base/MoreObjects
instanceKlass com/google/common/collect/MapMakerInternalMap$1
instanceKlass com/google/common/collect/MapMakerInternalMap$WeakValueReference
instanceKlass com/google/common/base/Equivalence
instanceKlass com/google/common/collect/Interners$InternerImpl
instanceKlass com/google/common/collect/Interner
instanceKlass com/google/common/base/Preconditions
instanceKlass com/google/common/collect/MapMaker
instanceKlass com/google/common/collect/Interners$InternerBuilder
instanceKlass com/google/common/collect/Interners
instanceKlass com/netflix/servo/tag/Tags
instanceKlass com/netflix/servo/monitor/CompositeMonitor
instanceKlass com/netflix/servo/monitor/Timer
instanceKlass com/netflix/servo/tag/SmallTagMap$SmallTagIterator
instanceKlass com/netflix/servo/tag/SmallTagMap$Builder$$Lambda$1072
instanceKlass com/netflix/servo/tag/Tag
instanceKlass com/netflix/servo/tag/BasicTagList
instanceKlass com/netflix/servo/tag/TagList
instanceKlass com/netflix/servo/util/Preconditions
instanceKlass com/netflix/servo/monitor/DefaultPublishingPolicy
instanceKlass com/netflix/servo/monitor/PublishingPolicy
instanceKlass com/netflix/servo/tag/SmallTagMap$Builder
instanceKlass com/netflix/servo/tag/SmallTagMap
instanceKlass com/netflix/servo/monitor/MonitorConfig$Builder
instanceKlass com/netflix/servo/monitor/MonitorConfig
instanceKlass com/netflix/servo/monitor/AbstractMonitor
instanceKlass com/netflix/servo/monitor/Counter
instanceKlass com/netflix/servo/monitor/NumericMonitor
instanceKlass com/netflix/servo/monitor/Monitor
instanceKlass com/netflix/servo/monitor/Monitors$CounterFactory
instanceKlass com/google/common/base/Function
instanceKlass com/netflix/servo/monitor/Monitors
instanceKlass com/netflix/discovery/DiscoveryClient$1
instanceKlass com/netflix/discovery/DiscoveryClient$$Lambda$1071
instanceKlass com/netflix/discovery/shared/resolver/EndpointRandomizer
instanceKlass com/netflix/discovery/shared/resolver/ResolverUtils
instanceKlass org/springframework/cloud/util/ProxyUtils
instanceKlass com/netflix/appinfo/InstanceInfo$Builder$$Lambda$1070
instanceKlass com/netflix/discovery/util/StringCache
instanceKlass com/netflix/appinfo/providers/Archaius1VipAddressResolver
instanceKlass com/netflix/appinfo/providers/VipAddressResolver
instanceKlass com/netflix/appinfo/InstanceInfo$Builder$LazyHolder
instanceKlass com/netflix/appinfo/InstanceInfo$Builder
instanceKlass com/netflix/appinfo/LeaseInfo
instanceKlass com/netflix/appinfo/LeaseInfo$Builder
instanceKlass org/springframework/cloud/netflix/eureka/InstanceInfoFactory
instanceKlass org/springframework/aop/framework/InterceptorAndDynamicMethodMatcher
instanceKlass org/springframework/aop/framework/ReflectiveMethodInvocation
instanceKlass org/springframework/aop/ProxyMethodInvocation
instanceKlass org/springframework/cloud/context/scope/GenericScope$BeanLifecycleWrapper
instanceKlass org/springframework/context/support/DefaultLifecycleProcessor$LifecycleGroupMember
instanceKlass org/springframework/context/support/DefaultLifecycleProcessor$LifecycleGroup
instanceKlass org/springframework/cloud/client/loadbalancer/LoadBalancerAutoConfiguration$$Lambda$1069
instanceKlass io/micrometer/core/instrument/binder/jpa/HibernateMetrics
instanceKlass org/springframework/boot/actuate/autoconfigure/metrics/orm/jpa/HibernateMetricsAutoConfiguration$$Lambda$1068
instanceKlass javax/servlet/descriptor/JspConfigDescriptor
instanceKlass javax/servlet/RequestDispatcher
instanceKlass org/springframework/boot/actuate/autoconfigure/web/server/ManagementContextAutoConfiguration$DifferentManagementContextConfiguration
instanceKlass org/springframework/boot/actuate/autoconfigure/web/server/ManagementContextAutoConfiguration$CloseManagementContextListener
instanceKlass org/springframework/boot/actuate/endpoint/web/servlet/ControllerEndpointHandlerMapping$$Lambda$1067
instanceKlass org/springframework/boot/actuate/endpoint/web/servlet/ControllerEndpointHandlerMapping$$Lambda$1066
instanceKlass org/springframework/boot/actuate/endpoint/web/servlet/WebMvcEndpointHandlerMapping$WebMvcLinksHandler
instanceKlass org/springframework/boot/actuate/endpoint/web/servlet/AbstractWebMvcEndpointHandlerMapping$ServletSecurityContext
instanceKlass org/springframework/boot/actuate/endpoint/web/servlet/AbstractWebMvcEndpointHandlerMapping$ServletWebOperationAdapter
instanceKlass org/springframework/boot/actuate/endpoint/web/servlet/AbstractWebMvcEndpointHandlerMapping$ServletWebOperation
instanceKlass org/springframework/boot/actuate/endpoint/web/servlet/AbstractWebMvcEndpointHandlerMapping$LinksHandler
instanceKlass org/springframework/boot/actuate/endpoint/web/servlet/AbstractWebMvcEndpointHandlerMapping$OperationHandler
instanceKlass org/springframework/boot/actuate/endpoint/web/EndpointLinksResolver
instanceKlass org/springframework/boot/actuate/endpoint/web/EndpointMapping
instanceKlass org/springframework/cloud/client/circuitbreaker/ReactiveCircuitBreaker
instanceKlass org/springframework/cloud/netflix/hystrix/ReactiveHystrixCircuitBreakerAutoConfiguration$$Lambda$1065
instanceKlass org/springframework/cloud/netflix/hystrix/ReactiveHystrixCircuitBreakerFactory$$Lambda$1064
instanceKlass com/netflix/hystrix/HystrixObservableCommand$Setter
instanceKlass org/springframework/cloud/netflix/hystrix/AbstractHystrixConfigBuilder
instanceKlass org/springframework/cloud/client/circuitbreaker/ConfigBuilder
instanceKlass org/springframework/cloud/netflix/hystrix/HystrixCircuitBreaker
instanceKlass org/springframework/cloud/client/circuitbreaker/CircuitBreaker
instanceKlass org/springframework/cloud/netflix/hystrix/HystrixCircuitBreakerAutoConfiguration$$Lambda$1063
instanceKlass org/springframework/cloud/netflix/hystrix/HystrixCircuitBreakerFactory$$Lambda$1062
instanceKlass com/netflix/hystrix/HystrixCommand$Setter
instanceKlass org/springframework/cloud/configuration/VerificationResult
instanceKlass org/springframework/cloud/configuration/SpringBootVersionVerifier$6
instanceKlass org/springframework/cloud/configuration/SpringBootVersionVerifier$5
instanceKlass org/springframework/cloud/configuration/SpringBootVersionVerifier$4
instanceKlass org/springframework/cloud/configuration/SpringBootVersionVerifier$3
instanceKlass org/springframework/cloud/configuration/SpringBootVersionVerifier$2
instanceKlass org/springframework/cloud/configuration/CompatibilityPredicate
instanceKlass org/springframework/cloud/commons/httpclient/DefaultApacheHttpClientFactory
instanceKlass org/apache/http/impl/execchain/ClientExecChain
instanceKlass org/apache/http/conn/ssl/X509HostnameVerifier
instanceKlass org/apache/http/impl/client/CloseableHttpClient
instanceKlass org/apache/http/conn/util/PublicSuffixMatcher
instanceKlass org/apache/http/client/config/RequestConfig
instanceKlass org/apache/http/config/ConnectionConfig
instanceKlass org/apache/http/config/SocketConfig
instanceKlass org/apache/http/HttpHost
instanceKlass org/apache/http/client/CredentialsProvider
instanceKlass org/apache/http/client/CookieStore
instanceKlass org/apache/http/config/Lookup
instanceKlass org/apache/http/client/ServiceUnavailableRetryStrategy
instanceKlass org/apache/http/client/BackoffManager
instanceKlass org/apache/http/client/ConnectionBackoffStrategy
instanceKlass org/apache/http/client/RedirectStrategy
instanceKlass org/apache/http/conn/routing/HttpRoutePlanner
instanceKlass org/apache/http/client/HttpRequestRetryHandler
instanceKlass org/apache/http/conn/DnsResolver
instanceKlass org/apache/http/protocol/HttpProcessor
instanceKlass org/apache/http/HttpResponseInterceptor
instanceKlass org/apache/http/HttpRequestInterceptor
instanceKlass org/apache/http/client/UserTokenHandler
instanceKlass org/apache/http/client/AuthenticationStrategy
instanceKlass org/apache/http/conn/ConnectionKeepAliveStrategy
instanceKlass org/apache/http/ConnectionReuseStrategy
instanceKlass org/apache/http/conn/SchemePortResolver
instanceKlass org/apache/http/conn/socket/LayeredConnectionSocketFactory
instanceKlass org/apache/http/conn/socket/ConnectionSocketFactory
instanceKlass org/apache/http/protocol/HttpRequestExecutor
instanceKlass org/apache/http/config/RegistryBuilder
instanceKlass org/apache/http/conn/HttpClientConnectionManager
instanceKlass org/springframework/cloud/commons/httpclient/DefaultApacheHttpClientConnectionManagerFactory
instanceKlass org/springframework/cloud/client/loadbalancer/LoadBalancerAutoConfiguration$$Lambda$1061
instanceKlass org/springframework/cloud/client/loadbalancer/LoadBalancerAutoConfiguration$LoadBalancerInterceptorConfig$$Lambda$1060
instanceKlass org/springframework/http/client/ClientHttpRequestExecution
instanceKlass org/springframework/cloud/client/loadbalancer/LoadBalancerRequestTransformer
instanceKlass org/springframework/cloud/client/loadbalancer/AsyncLoadBalancerAutoConfiguration$AsyncRestTemplateCustomizerConfig$1
instanceKlass org/springframework/cloud/client/loadbalancer/LoadBalanced
instanceKlass org/springframework/cloud/client/loadbalancer/AsyncLoadBalancerAutoConfiguration$LoadBalancerInterceptorConfig$1
instanceKlass org/springframework/http/client/AsyncClientHttpRequestExecution
instanceKlass org/springframework/cloud/loadbalancer/blocking/client/BlockingLoadBalancerClient
instanceKlass org/springframework/cloud/client/loadbalancer/reactive/ReactiveLoadBalancer
instanceKlass org/springframework/cloud/loadbalancer/config/LoadBalancerAutoConfiguration$$Lambda$1059
instanceKlass org/springframework/cloud/loadbalancer/annotation/LoadBalancerClientConfiguration
instanceKlass com/netflix/loadbalancer/ServerListFilter
instanceKlass com/netflix/loadbalancer/IRule
instanceKlass com/netflix/loadbalancer/IPing
instanceKlass org/springframework/cloud/netflix/ribbon/ServerIntrospector
instanceKlass com/netflix/loadbalancer/Server
instanceKlass org/springframework/cloud/client/loadbalancer/LoadBalancerRequest
instanceKlass com/netflix/loadbalancer/ILoadBalancer
instanceKlass com/netflix/client/config/IClientConfig
instanceKlass com/netflix/loadbalancer/LoadBalancerContext
instanceKlass org/springframework/cloud/netflix/ribbon/RibbonClientConfiguration
instanceKlass org/springframework/cloud/client/actuator/NamedFeature
instanceKlass com/netflix/appinfo/ApplicationInfoManager$1
instanceKlass org/springframework/cglib/core/EmitUtils$16
instanceKlass org/springframework/cglib/core/EmitUtils$15
instanceKlass com/netflix/appinfo/ApplicationInfoManager$OptionalArgs
instanceKlass com/netflix/appinfo/ApplicationInfoManager$StatusChangeListener
instanceKlass com/netflix/appinfo/ApplicationInfoManager$InstanceStatusMapper
instanceKlass com/google/inject/Inject
instanceKlass javax/net/ssl/SSLContext
instanceKlass com/netflix/eventbus/spi/EventBus
instanceKlass javax/net/ssl/HostnameVerifier
instanceKlass com/netflix/discovery/shared/transport/jersey/TransportClientFactories
instanceKlass com/netflix/discovery/shared/transport/TransportClientFactory
instanceKlass com/netflix/discovery/shared/transport/jersey/EurekaJerseyClient
instanceKlass com/netflix/discovery/PreRegistrationHandler
instanceKlass org/springframework/cloud/client/discovery/simple/SimpleDiscoveryClient
instanceKlass org/apache/tomcat/PeriodicEventListener
instanceKlass org/apache/catalina/webresources/Cache$EvictionOrder
instanceKlass org/springframework/cloud/client/DefaultServiceInstance
instanceKlass org/springframework/cloud/context/restart/RestartEndpoint$ResumeEndpoint
instanceKlass org/springframework/cloud/context/restart/RestartEndpoint$PauseEndpoint
instanceKlass org/springframework/boot/devtools/filewatch/FileSystemWatcher$Watcher
instanceKlass org/springframework/boot/devtools/filewatch/FileSnapshot
instanceKlass org/springframework/boot/devtools/filewatch/DirectorySnapshot$$Lambda$1058
instanceKlass org/springframework/boot/devtools/filewatch/FileSystemWatcher$$Lambda$1057
instanceKlass org/springframework/boot/devtools/filewatch/DirectorySnapshot
instanceKlass org/springframework/boot/devtools/classpath/ClassPathFileChangeListener
instanceKlass org/springframework/boot/devtools/filewatch/FileChangeListener
instanceKlass org/springframework/boot/devtools/filewatch/FileSystemWatcher$$Lambda$1056
instanceKlass org/springframework/boot/devtools/filewatch/FileSystemWatcher$$Lambda$1055
instanceKlass org/springframework/boot/devtools/classpath/ClassPathDirectories
instanceKlass org/springframework/boot/devtools/filewatch/ChangedFile
instanceKlass org/springframework/boot/devtools/classpath/PatternClassPathRestartStrategy
instanceKlass org/springframework/boot/devtools/autoconfigure/LocalDevToolsAutoConfiguration$RestartConfiguration$$Lambda$1054
instanceKlass org/springframework/boot/devtools/autoconfigure/LocalDevToolsAutoConfiguration$RestartConfiguration$$Lambda$1053
instanceKlass org/springframework/web/multipart/MultipartHttpServletRequest
instanceKlass org/springframework/transaction/support/TransactionCallback
instanceKlass org/springframework/boot/task/TaskSchedulerBuilder$$Lambda$1052
instanceKlass org/springframework/boot/task/TaskSchedulerCustomizer
instanceKlass org/springframework/scheduling/annotation/SchedulingConfigurer
instanceKlass org/springframework/jdbc/core/namedparam/ParsedSql
instanceKlass org/springframework/jdbc/core/PreparedStatementCreatorFactory
instanceKlass org/springframework/jdbc/core/namedparam/SqlParameterSource
instanceKlass org/springframework/data/jpa/repository/support/JpaEvaluationContextExtension$JpaRootObject
instanceKlass org/springframework/boot/actuate/web/mappings/servlet/DispatcherServletHandlerMappings
instanceKlass org/springframework/boot/actuate/web/mappings/servlet/DispatcherServletsMappingDescriptionProvider$UrlHandlerMappingDescriptionProvider
instanceKlass org/springframework/boot/actuate/web/mappings/servlet/DispatcherServletsMappingDescriptionProvider$RequestMappingInfoHandlerMappingDescriptionProvider
instanceKlass org/springframework/boot/actuate/web/mappings/servlet/DispatcherServletsMappingDescriptionProvider$HandlerMappingDescriptionProvider
instanceKlass org/springframework/boot/actuate/metrics/web/client/MetricsClientHttpRequestInterceptor
instanceKlass org/springframework/http/client/ClientHttpResponse
instanceKlass com/google/gson/stream/JsonWriter
instanceKlass com/google/gson/stream/JsonReader
instanceKlass com/google/gson/internal/bind/ReflectiveTypeAdapterFactory
instanceKlass com/google/gson/internal/bind/JsonAdapterAnnotationTypeAdapterFactory
instanceKlass com/google/gson/internal/bind/MapTypeAdapterFactory
instanceKlass com/google/gson/internal/bind/CollectionTypeAdapterFactory
instanceKlass com/google/gson/internal/bind/ArrayTypeAdapter$1
instanceKlass com/google/gson/internal/bind/SqlDateTypeAdapter$1
instanceKlass com/google/gson/internal/bind/TimeTypeAdapter$1
instanceKlass com/google/gson/internal/bind/DateTypeAdapter$1
instanceKlass java/util/concurrent/atomic/AtomicLongArray
instanceKlass com/google/gson/internal/bind/ObjectTypeAdapter$1
instanceKlass com/google/gson/internal/bind/TypeAdapters$30
instanceKlass com/google/gson/JsonElement
instanceKlass com/google/gson/internal/bind/TypeAdapters$34
instanceKlass com/google/gson/internal/bind/TypeAdapters$26
instanceKlass com/google/gson/internal/bind/TypeAdapters$35
instanceKlass java/util/concurrent/atomic/AtomicIntegerArray
instanceKlass com/google/gson/internal/bind/TypeAdapters$33
instanceKlass com/google/gson/internal/bind/TypeAdapters$32
instanceKlass com/google/gson/TypeAdapter
instanceKlass com/google/gson/internal/bind/TypeAdapters
instanceKlass com/google/gson/internal/JavaVersion
instanceKlass com/google/gson/internal/reflect/ReflectionAccessor
instanceKlass com/google/gson/internal/ConstructorConstructor
instanceKlass com/google/gson/internal/$Gson$Types
instanceKlass com/google/gson/internal/$Gson$Preconditions
instanceKlass com/google/gson/reflect/TypeToken
instanceKlass com/google/gson/ExclusionStrategy
instanceKlass org/springframework/boot/autoconfigure/gson/GsonAutoConfiguration$StandardGsonBuilderCustomizer$$Lambda$1051
instanceKlass org/springframework/boot/autoconfigure/gson/GsonAutoConfiguration$StandardGsonBuilderCustomizer$$Lambda$1050
instanceKlass org/springframework/boot/autoconfigure/gson/GsonAutoConfiguration$StandardGsonBuilderCustomizer$$Lambda$1049
instanceKlass org/springframework/boot/autoconfigure/gson/GsonAutoConfiguration$StandardGsonBuilderCustomizer$$Lambda$1048
instanceKlass org/springframework/boot/autoconfigure/gson/GsonAutoConfiguration$StandardGsonBuilderCustomizer$$Lambda$1047
instanceKlass org/springframework/boot/autoconfigure/gson/GsonAutoConfiguration$StandardGsonBuilderCustomizer$$Lambda$1046
instanceKlass org/springframework/boot/autoconfigure/gson/GsonAutoConfiguration$StandardGsonBuilderCustomizer$$Lambda$1045
instanceKlass org/springframework/boot/autoconfigure/gson/GsonAutoConfiguration$StandardGsonBuilderCustomizer$$Lambda$1044
instanceKlass org/springframework/boot/autoconfigure/gson/GsonAutoConfiguration$StandardGsonBuilderCustomizer$$Lambda$1043
instanceKlass org/springframework/boot/autoconfigure/gson/GsonAutoConfiguration$StandardGsonBuilderCustomizer$$Lambda$1042
instanceKlass org/springframework/boot/autoconfigure/gson/GsonAutoConfiguration$StandardGsonBuilderCustomizer$$Lambda$1041
instanceKlass org/springframework/boot/autoconfigure/gson/GsonAutoConfiguration$StandardGsonBuilderCustomizer$$Lambda$1040
instanceKlass org/springframework/boot/autoconfigure/gson/GsonAutoConfiguration$StandardGsonBuilderCustomizer$$Lambda$1039
instanceKlass org/springframework/boot/autoconfigure/gson/GsonAutoConfiguration$StandardGsonBuilderCustomizer$$Lambda$1038
instanceKlass org/springframework/boot/autoconfigure/gson/GsonAutoConfiguration$StandardGsonBuilderCustomizer$$Lambda$1037
instanceKlass org/springframework/boot/autoconfigure/gson/GsonAutoConfiguration$StandardGsonBuilderCustomizer$$Lambda$1036
instanceKlass org/springframework/boot/autoconfigure/gson/GsonAutoConfiguration$StandardGsonBuilderCustomizer$$Lambda$1035
instanceKlass org/springframework/boot/autoconfigure/gson/GsonAutoConfiguration$StandardGsonBuilderCustomizer$$Lambda$1034
instanceKlass org/springframework/boot/autoconfigure/gson/GsonAutoConfiguration$StandardGsonBuilderCustomizer$$Lambda$1033
instanceKlass org/springframework/boot/autoconfigure/gson/GsonAutoConfiguration$StandardGsonBuilderCustomizer$$Lambda$1032
instanceKlass org/springframework/boot/autoconfigure/gson/GsonAutoConfiguration$StandardGsonBuilderCustomizer$$Lambda$1031
instanceKlass org/springframework/boot/autoconfigure/gson/GsonAutoConfiguration$StandardGsonBuilderCustomizer$$Lambda$1030
instanceKlass org/springframework/boot/autoconfigure/gson/GsonAutoConfiguration$$Lambda$1029
instanceKlass com/google/gson/internal/Excluder
instanceKlass com/google/gson/TypeAdapterFactory
instanceKlass org/springframework/boot/actuate/metrics/jdbc/DataSourcePoolMetrics$$Lambda$1028
instanceKlass org/springframework/boot/actuate/metrics/jdbc/DataSourcePoolMetrics$$Lambda$1027
instanceKlass org/springframework/boot/actuate/metrics/jdbc/DataSourcePoolMetrics$$Lambda$1026
instanceKlass org/springframework/boot/actuate/metrics/jdbc/DataSourcePoolMetrics$$Lambda$1025
instanceKlass org/springframework/boot/actuate/metrics/jdbc/DataSourcePoolMetrics$CachingDataSourcePoolMetadataProvider$$Lambda$1024
instanceKlass org/springframework/boot/actuate/metrics/jdbc/DataSourcePoolMetrics$$Lambda$1023
instanceKlass org/springframework/boot/actuate/metrics/jdbc/DataSourcePoolMetrics$CachingDataSourcePoolMetadataProvider
instanceKlass org/springframework/boot/actuate/metrics/jdbc/DataSourcePoolMetrics
instanceKlass org/springframework/boot/actuate/autoconfigure/metrics/jdbc/DataSourcePoolMetricsAutoConfiguration$DataSourcePoolMetadataMetricsConfiguration$$Lambda$1022
instanceKlass com/zaxxer/hikari/metrics/micrometer/MicrometerMetricsTracker$$Lambda$1021
instanceKlass com/zaxxer/hikari/metrics/micrometer/MicrometerMetricsTracker$$Lambda$1020
instanceKlass com/zaxxer/hikari/metrics/micrometer/MicrometerMetricsTracker$$Lambda$1019
instanceKlass com/zaxxer/hikari/metrics/micrometer/MicrometerMetricsTracker$$Lambda$1018
instanceKlass com/zaxxer/hikari/metrics/micrometer/MicrometerMetricsTracker$$Lambda$1017
instanceKlass com/zaxxer/hikari/metrics/micrometer/MicrometerMetricsTracker$$Lambda$1016
instanceKlass com/zaxxer/hikari/metrics/micrometer/MicrometerMetricsTracker
instanceKlass com/zaxxer/hikari/metrics/IMetricsTracker
instanceKlass com/zaxxer/hikari/metrics/PoolStats
instanceKlass com/zaxxer/hikari/pool/PoolBase$MetricsTrackerDelegate
instanceKlass com/zaxxer/hikari/metrics/micrometer/MicrometerMetricsTrackerFactory
instanceKlass org/springframework/boot/jdbc/DataSourceUnwrapper$DelegatingDataSourceUnwrapper
instanceKlass org/springframework/boot/actuate/endpoint/web/annotation/RestControllerEndpoint
instanceKlass org/springframework/boot/actuate/endpoint/web/annotation/ControllerEndpoint
instanceKlass io/micrometer/core/instrument/Measurement
instanceKlass org/springframework/boot/actuate/metrics/MetricsEndpoint$ListNamesResponse
instanceKlass org/springframework/boot/actuate/metrics/MetricsEndpoint$MetricResponse
instanceKlass org/springframework/boot/actuate/endpoint/annotation/EndpointDiscoverer$$Lambda$1015
instanceKlass org/springframework/boot/actuate/endpoint/annotation/EndpointDiscoverer$$Lambda$1014
instanceKlass org/springframework/boot/actuate/endpoint/annotation/EndpointDiscoverer$$Lambda$1013
instanceKlass org/springframework/boot/actuate/endpoint/annotation/EndpointDiscoverer$$Lambda$1012
instanceKlass org/springframework/boot/actuate/endpoint/annotation/EndpointDiscoverer$$Lambda$1011
instanceKlass org/springframework/boot/actuate/endpoint/web/annotation/WebEndpointDiscoverer$$Lambda$1010
instanceKlass sun/reflect/annotation/AnnotationSupport
instanceKlass org/springframework/boot/actuate/endpoint/annotation/Selector
instanceKlass org/springframework/boot/actuate/endpoint/invoke/reflect/OperationMethodParameter
instanceKlass org/springframework/boot/actuate/endpoint/web/annotation/DiscoveredWebOperation$$Lambda$1009
instanceKlass org/springframework/boot/actuate/endpoint/web/annotation/DiscoveredWebOperation$$Lambda$1008
instanceKlass org/springframework/boot/actuate/endpoint/annotation/AbstractDiscoveredOperation
instanceKlass org/springframework/boot/actuate/endpoint/web/WebOperationRequestPredicate
instanceKlass org/springframework/boot/actuate/endpoint/web/annotation/RequestPredicateFactory$$Lambda$1007
instanceKlass org/springframework/boot/actuate/endpoint/web/annotation/RequestPredicateFactory$$Lambda$1006
instanceKlass org/springframework/boot/actuate/autoconfigure/endpoint/EndpointIdTimeToLivePropertyFunction$$Lambda$1005
instanceKlass org/springframework/boot/actuate/endpoint/invoke/reflect/ReflectiveOperationInvoker
instanceKlass org/springframework/boot/actuate/endpoint/invoke/reflect/OperationMethodParameters$$Lambda$1004
instanceKlass org/springframework/boot/actuate/endpoint/invoke/reflect/OperationMethodParameters
instanceKlass java/util/EnumMap$EntryIterator$Entry
instanceKlass org/springframework/boot/actuate/endpoint/annotation/DiscoveredOperationsFactory$$Lambda$1003
instanceKlass org/springframework/boot/actuate/endpoint/annotation/DiscoveredOperationsFactory$$Lambda$1002
instanceKlass org/springframework/boot/actuate/endpoint/annotation/DiscoveredOperationsFactory$$Lambda$1001
instanceKlass org/springframework/boot/actuate/endpoint/annotation/EndpointDiscoverer$$Lambda$1000
instanceKlass org/springframework/boot/util/LambdaSafe$Callback$$Lambda$999
instanceKlass org/springframework/boot/actuate/endpoint/annotation/EndpointDiscoverer$$Lambda$998
instanceKlass org/springframework/boot/actuate/endpoint/AbstractExposableEndpoint
instanceKlass org/springframework/boot/actuate/endpoint/annotation/DiscoveredEndpoint
instanceKlass org/springframework/boot/actuate/endpoint/web/PathMappedEndpoints$$Lambda$997
instanceKlass org/springframework/boot/actuate/endpoint/web/PathMappedEndpoints$$Lambda$996
instanceKlass org/springframework/boot/actuate/autoconfigure/endpoint/web/WebEndpointAutoConfiguration$$Lambda$995
instanceKlass org/springframework/boot/actuate/endpoint/web/WebOperation
instanceKlass org/springframework/boot/actuate/endpoint/web/annotation/RequestPredicateFactory
instanceKlass org/springframework/boot/actuate/endpoint/invoke/OperationParameters
instanceKlass org/springframework/boot/actuate/autoconfigure/endpoint/EndpointIdTimeToLivePropertyFunction
instanceKlass org/springframework/boot/actuate/endpoint/invoke/convert/ConversionServiceParameterValueMapper
instanceKlass org/springframework/boot/actuate/endpoint/annotation/EndpointConverter
instanceKlass org/springframework/boot/actuate/info/Info$Builder
instanceKlass org/springframework/boot/actuate/endpoint/web/WebEndpointResponse
instanceKlass org/springframework/boot/actuate/health/HealthEndpointSupport$HealthResult
instanceKlass org/springframework/boot/actuate/endpoint/SecurityContext
instanceKlass org/springframework/boot/actuate/autoconfigure/health/AutoConfiguredHealthContributorRegistry$$Lambda$994
instanceKlass org/springframework/boot/actuate/autoconfigure/health/AutoConfiguredHealthContributorRegistry$$Lambda$993
instanceKlass org/springframework/boot/actuate/autoconfigure/health/HealthEndpointConfiguration$AdaptedReactiveHealthContributors$$Lambda$992
instanceKlass org/springframework/boot/actuate/autoconfigure/health/HealthEndpointConfiguration$AdaptedReactiveHealthContributors
instanceKlass org/springframework/boot/actuate/health/AbstractHealthAggregator
instanceKlass org/springframework/boot/actuate/autoconfigure/health/AutoConfiguredReactiveHealthContributorRegistry$$Lambda$991
instanceKlass org/springframework/boot/actuate/autoconfigure/health/AutoConfiguredReactiveHealthContributorRegistry$$Lambda$990
instanceKlass org/springframework/boot/actuate/health/DefaultContributorRegistry$$Lambda$989
instanceKlass org/springframework/boot/actuate/health/HealthContributorNameFactory
instanceKlass org/springframework/boot/actuate/health/DefaultContributorRegistry
instanceKlass org/springframework/boot/actuate/health/CompositeHealthContributorReactiveAdapter
instanceKlass org/springframework/boot/actuate/health/CompositeReactiveHealthContributor
instanceKlass org/springframework/boot/actuate/health/HealthIndicatorReactiveAdapter
instanceKlass org/springframework/boot/actuate/autoconfigure/health/ReactiveHealthEndpointConfiguration$$Lambda$988
instanceKlass org/springframework/boot/actuate/autoconfigure/health/ReactiveHealthEndpointConfiguration$$Lambda$987
instanceKlass org/springframework/boot/actuate/autoconfigure/health/HealthEndpointConfiguration$HealthEndpointGroupsBeanPostProcessor$$Lambda$986
instanceKlass java/lang/invoke/LambdaForm$MH
instanceKlass org/springframework/boot/actuate/autoconfigure/health/AutoConfiguredHealthEndpointGroups$$Lambda$985
instanceKlass java/lang/invoke/LambdaForm$DMH
instanceKlass org/springframework/boot/actuate/autoconfigure/health/AutoConfiguredHealthEndpointGroup
instanceKlass org/springframework/boot/actuate/health/HealthEndpointGroup
instanceKlass org/springframework/boot/actuate/health/SimpleHttpCodeStatusMapper
instanceKlass org/springframework/boot/actuate/health/SimpleStatusAggregator$StatusComparator
instanceKlass org/springframework/boot/actuate/health/SimpleStatusAggregator$$Lambda$984
instanceKlass org/springframework/boot/actuate/health/SimpleStatusAggregator
instanceKlass org/springframework/boot/actuate/autoconfigure/health/AutoConfiguredHealthEndpointGroups$$Lambda$983
instanceKlass org/springframework/boot/actuate/autoconfigure/health/AutoConfiguredHealthEndpointGroups$$Lambda$982
instanceKlass org/springframework/boot/actuate/autoconfigure/health/AutoConfiguredHealthEndpointGroups
instanceKlass org/springframework/boot/actuate/autoconfigure/health/HealthProperties$Status
instanceKlass org/springframework/boot/actuate/health/NamedContributor
instanceKlass org/springframework/cloud/client/discovery/health/DiscoveryCompositeHealthContributor$$Lambda$981
instanceKlass org/springframework/boot/actuate/health/Status
instanceKlass com/netflix/discovery/converters/wrappers/CodecWrappers$JacksonJsonMini
instanceKlass com/netflix/discovery/converters/wrappers/CodecWrappers$JacksonXml
instanceKlass com/netflix/discovery/converters/wrappers/CodecWrappers$JacksonXmlMini
instanceKlass com/netflix/discovery/converters/wrappers/CodecWrappers$JacksonJson
instanceKlass com/netflix/discovery/converters/wrappers/CodecWrappers$XStreamJson
instanceKlass com/netflix/discovery/converters/wrappers/CodecWrappers$XStreamXml
instanceKlass com/netflix/discovery/converters/wrappers/CodecWrappers
instanceKlass com/netflix/discovery/converters/wrappers/CodecWrappers$LegacyJacksonJson
instanceKlass com/netflix/discovery/converters/wrappers/CodecWrapper
instanceKlass com/netflix/discovery/converters/wrappers/DecoderWrapper
instanceKlass com/netflix/discovery/converters/wrappers/EncoderWrapper
instanceKlass com/netflix/discovery/converters/wrappers/CodecWrapperBase
instanceKlass org/springframework/cloud/netflix/eureka/CloudEurekaTransportConfig
instanceKlass com/netflix/discovery/shared/transport/EurekaTransportConfig
instanceKlass org/springframework/cloud/netflix/eureka/EurekaClientAutoConfiguration$$Lambda$980
instanceKlass org/springframework/cloud/commons/util/IdUtils
instanceKlass com/netflix/appinfo/MyDataCenterInfo
instanceKlass com/netflix/appinfo/DataCenterInfo
instanceKlass org/springframework/cloud/netflix/eureka/metadata/DefaultManagementMetadataProvider
instanceKlass org/springframework/core/convert/support/StringToNumberConverterFactory$StringToNumber
instanceKlass com/netflix/appinfo/InstanceInfo
instanceKlass com/netflix/discovery/shared/Application
instanceKlass com/netflix/appinfo/HealthCheckCallback
instanceKlass com/netflix/discovery/EurekaEventListener
instanceKlass com/netflix/discovery/shared/Applications
instanceKlass org/springframework/boot/actuate/health/NamedContributorsMapAdapter$$Lambda$979
instanceKlass org/springframework/boot/actuate/health/NamedContributorsMapAdapter$$Lambda$978
instanceKlass org/springframework/boot/actuate/health/NamedContributorsMapAdapter
instanceKlass org/springframework/boot/actuate/autoconfigure/health/CompositeHealthContributorConfiguration$$Lambda$977
instanceKlass org/springframework/boot/actuate/health/Health$Builder
instanceKlass org/springframework/boot/actuate/health/AbstractHealthIndicator$$Lambda$976
instanceKlass org/springframework/boot/actuate/autoconfigure/web/servlet/ServletManagementContextAutoConfiguration$$Lambda$975
instanceKlass org/springframework/transaction/support/AbstractPlatformTransactionManager$SuspendedResourcesHolder
instanceKlass org/springframework/jdbc/datasource/JdbcTransactionObjectSupport
instanceKlass org/springframework/transaction/support/SmartTransactionObject
instanceKlass org/springframework/transaction/support/AbstractTransactionStatus
instanceKlass org/springframework/boot/autoconfigure/transaction/TransactionManagerCustomizers$$Lambda$974
instanceKlass org/springframework/boot/autoconfigure/orm/jpa/JpaBaseConfiguration$$Lambda$973
instanceKlass org/springdoc/core/ControllerAdviceInfo
instanceKlass org/springdoc/core/ParameterId
instanceKlass org/springdoc/core/AbstractRequestService$$Lambda$972
instanceKlass org/springframework/web/bind/annotation/RequestAttribute
instanceKlass org/springframework/web/bind/support/SessionStatus
instanceKlass org/springframework/ui/Model
instanceKlass org/springdoc/core/customizers/ParameterCustomizer
instanceKlass org/springdoc/webmvc/core/MultipleOpenApiSupportConfiguration
instanceKlass org/springdoc/core/customizers/SpringDocCustomizers$$Lambda$971
instanceKlass org/springdoc/core/filters/GlobalOpenApiMethodFilter
instanceKlass org/springdoc/core/customizers/GlobalOperationCustomizer
instanceKlass org/springdoc/core/customizers/DataRestRouterOperationCustomizer
instanceKlass org/springdoc/core/customizers/RouterOperationCustomizer
instanceKlass org/springdoc/core/customizers/OperationCustomizer
instanceKlass org/springdoc/core/providers/SecurityOAuth2Provider
instanceKlass org/springdoc/core/SpringDocConfiguration$1
instanceKlass org/springdoc/core/RequestBodyInfo
instanceKlass org/springdoc/core/ParameterInfo
instanceKlass org/springframework/web/multipart/MultipartRequest
instanceKlass org/springframework/web/multipart/MultipartFile
instanceKlass org/springdoc/core/converters/ModelConverterRegistrar$$Lambda$970
instanceKlass org/springdoc/core/converters/ModelConverterRegistrar$$Lambda$969
instanceKlass org/apache/commons/lang3/reflect/MemberUtils
instanceKlass org/apache/commons/lang3/Validate$$Lambda$968
instanceKlass org/apache/commons/lang3/Validate
instanceKlass org/apache/commons/lang3/reflect/FieldUtils
instanceKlass io/swagger/v3/core/jackson/TypeNameResolver
instanceKlass io/swagger/v3/core/jackson/AbstractModelConverter
instanceKlass io/swagger/v3/core/converter/ModelConverters
instanceKlass io/swagger/v3/oas/annotations/tags/Tag
instanceKlass io/swagger/v3/oas/annotations/tags/Tags
instanceKlass io/swagger/v3/oas/annotations/OpenAPIDefinition
instanceKlass io/swagger/v3/oas/annotations/security/SecurityScheme
instanceKlass io/swagger/v3/oas/annotations/security/OAuthFlows
instanceKlass io/swagger/v3/oas/annotations/security/OAuthFlow
instanceKlass io/swagger/v3/oas/annotations/security/OAuthScope
instanceKlass org/springdoc/core/providers/JavadocProvider
instanceKlass org/springdoc/core/customizers/ServerBaseUrlCustomizer
instanceKlass org/springdoc/core/customizers/OpenApiBuilderCustomizer
instanceKlass org/springdoc/core/converters/models/Pageable
instanceKlass org/springdoc/core/customizers/DataRestDelegatingMethodParameterCustomizer$DefaultSort
instanceKlass org/springdoc/core/customizers/DataRestDelegatingMethodParameterCustomizer
instanceKlass org/springdoc/core/providers/RepositoryRestConfigurationProvider
instanceKlass org/springdoc/core/converters/models/Sort
instanceKlass io/swagger/v3/core/converter/ModelConverterContext
instanceKlass io/swagger/v3/core/converter/AnnotatedType
instanceKlass org/springframework/web/servlet/view/ContentNegotiatingViewResolver$1
instanceKlass org/springframework/web/servlet/view/AbstractCachingViewResolver$$Lambda$967
instanceKlass org/springframework/web/servlet/view/AbstractCachingViewResolver$CacheFilter
instanceKlass java/lang/invoke/LambdaForm$DMH
instanceKlass org/springframework/web/servlet/view/AbstractCachingViewResolver$1
instanceKlass org/springframework/web/servlet/view/ViewResolverComposite
instanceKlass org/springframework/web/servlet/handler/HandlerExceptionResolverComposite
instanceKlass org/springframework/web/method/annotation/ExceptionHandlerMethodResolver$$Lambda$966
instanceKlass org/springframework/web/method/annotation/ExceptionHandlerMethodResolver
instanceKlass org/springframework/web/servlet/function/ServerRequest
instanceKlass java/util/stream/ReduceOps$2ReducingSink
instanceKlass org/springframework/web/servlet/function/support/RouterFunctionMapping$$Lambda$965
instanceKlass org/springframework/web/servlet/handler/SimpleUrlHandlerMapping$$Lambda$964
instanceKlass org/springframework/web/servlet/resource/ResourceHttpRequestHandler$$Lambda$963
instanceKlass org/springframework/web/servlet/resource/DefaultResourceTransformerChain
instanceKlass org/springframework/web/servlet/resource/DefaultResourceResolverChain
instanceKlass org/springframework/web/servlet/resource/ResourceResolverChain
instanceKlass org/webjars/WebJarAssetLocator$WebJarInfo
instanceKlass java/io/RandomAccessFile$1
instanceKlass org/webjars/WebJarAssetLocator$$Lambda$962
instanceKlass org/webjars/WebJarAssetLocator$$Lambda$961
instanceKlass io/github/classgraph/PotentiallyUnmodifiableList$1
instanceKlass io/github/classgraph/ResourceList$1
instanceKlass io/github/classgraph/ResourceList$ResourceFilter
instanceKlass nonapi/io/github/classgraph/utils/URLPathEncoder
instanceKlass io/github/classgraph/Resource
instanceKlass io/github/classgraph/Scanner$4
instanceKlass io/github/classgraph/Scanner$3
instanceKlass nonapi/io/github/classgraph/fastzipfilereader/NestedJarHandler$RecyclableInflater
instanceKlass nonapi/io/github/classgraph/recycler/Resettable
instanceKlass nonapi/io/github/classgraph/fastzipfilereader/FastZipEntry
instanceKlass nonapi/io/github/classgraph/utils/StringUtils
instanceKlass nonapi/io/github/classgraph/fileslice/reader/RandomAccessArrayReader
instanceKlass nonapi/io/github/classgraph/fileslice/reader/RandomAccessFileChannelReader
instanceKlass nonapi/io/github/classgraph/fileslice/reader/RandomAccessReader
instanceKlass nonapi/io/github/classgraph/fastzipfilereader/ZipFileSlice
instanceKlass java/io/RandomAccessFile
instanceKlass nonapi/io/github/classgraph/fileslice/Slice
instanceKlass nonapi/io/github/classgraph/fastzipfilereader/PhysicalZipFile
instanceKlass sun/nio/fs/WindowsUriSupport
instanceKlass io/github/classgraph/ClasspathElement
instanceKlass io/github/classgraph/Scanner$2$1
instanceKlass nonapi/io/github/classgraph/concurrency/SingletonMap$NewInstanceFactory
instanceKlass sun/nio/fs/AbstractBasicFileAttributeView
instanceKlass sun/nio/fs/DynamicFileAttributeView
instanceKlass sun/nio/fs/WindowsFileAttributeViews
instanceKlass java/nio/file/attribute/BasicFileAttributeView
instanceKlass sun/nio/fs/WindowsFileSystemProvider$1
instanceKlass sun/nio/fs/WindowsLinkSupport
instanceKlass nonapi/io/github/classgraph/concurrency/WorkQueue$1
instanceKlass nonapi/io/github/classgraph/concurrency/WorkQueue$WorkUnitWrapper
instanceKlass nonapi/io/github/classgraph/concurrency/WorkQueue
instanceKlass io/github/classgraph/Scanner$2
instanceKlass nonapi/io/github/classgraph/concurrency/WorkQueue$WorkUnitProcessor
instanceKlass io/github/classgraph/Scanner$ClasspathEntryWorkUnit
instanceKlass java/io/Console
instanceKlass nonapi/io/github/classgraph/classpath/SystemJarFinder$1
instanceKlass nonapi/io/github/classgraph/classpath/SystemJarFinder
instanceKlass nonapi/io/github/classgraph/utils/JarUtils
instanceKlass nonapi/io/github/classgraph/classpath/ClasspathOrder$ClasspathEntry
instanceKlass java/util/AbstractMap$SimpleEntry
instanceKlass nonapi/io/github/classgraph/classpath/ClassLoaderFinder
instanceKlass nonapi/io/github/classgraph/classloaderhandler/FallbackClassLoaderHandler
instanceKlass nonapi/io/github/classgraph/classloaderhandler/ClassGraphClassLoaderHandler
instanceKlass nonapi/io/github/classgraph/classloaderhandler/URLClassLoaderHandler
instanceKlass nonapi/io/github/classgraph/classloaderhandler/JPMSClassLoaderHandler
instanceKlass nonapi/io/github/classgraph/classloaderhandler/ParentLastDelegationOrderTestClassLoaderHandler
instanceKlass nonapi/io/github/classgraph/classloaderhandler/UnoOneJarClassLoaderHandler
instanceKlass nonapi/io/github/classgraph/classloaderhandler/QuarkusClassLoaderHandler
instanceKlass nonapi/io/github/classgraph/classloaderhandler/PlexusClassWorldsClassRealmClassLoaderHandler
instanceKlass nonapi/io/github/classgraph/classloaderhandler/CxfContainerClassLoaderHandler
instanceKlass nonapi/io/github/classgraph/classloaderhandler/TomcatWebappClassLoaderBaseHandler
instanceKlass nonapi/io/github/classgraph/classloaderhandler/SpringBootRestartClassLoaderHandler
instanceKlass nonapi/io/github/classgraph/classloaderhandler/OSGiDefaultClassLoaderHandler
instanceKlass nonapi/io/github/classgraph/classloaderhandler/WebsphereTraditionalClassLoaderHandler
instanceKlass nonapi/io/github/classgraph/classloaderhandler/WebsphereLibertyClassLoaderHandler
instanceKlass nonapi/io/github/classgraph/classloaderhandler/WeblogicClassLoaderHandler
instanceKlass nonapi/io/github/classgraph/classloaderhandler/JBossClassLoaderHandler
instanceKlass nonapi/io/github/classgraph/classloaderhandler/FelixClassLoaderHandler
instanceKlass nonapi/io/github/classgraph/classloaderhandler/EquinoxContextFinderClassLoaderHandler
instanceKlass nonapi/io/github/classgraph/classloaderhandler/EquinoxClassLoaderHandler
instanceKlass nonapi/io/github/classgraph/classpath/ClassLoaderOrder
instanceKlass nonapi/io/github/classgraph/utils/LogNode
instanceKlass nonapi/io/github/classgraph/classloaderhandler/AntClassLoaderHandler
instanceKlass nonapi/io/github/classgraph/classloaderhandler/ClassLoaderHandler
instanceKlass nonapi/io/github/classgraph/classloaderhandler/ClassLoaderHandlerRegistry$ClassLoaderHandlerRegistryEntry
instanceKlass nonapi/io/github/classgraph/classloaderhandler/ClassLoaderHandlerRegistry
instanceKlass nonapi/io/github/classgraph/classpath/ClasspathOrder
instanceKlass nonapi/io/github/classgraph/reflection/ReflectionDriver$ClassMemberCache
instanceKlass nonapi/io/github/classgraph/concurrency/SingletonMap$SingletonHolder
instanceKlass nonapi/io/github/classgraph/classpath/CallStackReader$3
instanceKlass nonapi/io/github/classgraph/classpath/CallStackReader$2
instanceKlass nonapi/io/github/classgraph/classpath/CallStackReader
instanceKlass nonapi/io/github/classgraph/classpath/ModuleFinder
instanceKlass nonapi/io/github/classgraph/classpath/ClasspathFinder
instanceKlass nonapi/io/github/classgraph/recycler/Recycler
instanceKlass nonapi/io/github/classgraph/fastzipfilereader/NestedJarHandler
instanceKlass nonapi/io/github/classgraph/utils/CollectionUtils
instanceKlass io/github/classgraph/Scanner
instanceKlass nonapi/io/github/classgraph/concurrency/InterruptionChecker
instanceKlass nonapi/io/github/classgraph/concurrency/SimpleThreadFactory
instanceKlass nonapi/io/github/classgraph/utils/FastPathResolver
instanceKlass nonapi/io/github/classgraph/utils/FileUtils$2
instanceKlass nonapi/io/github/classgraph/utils/VersionFinder
instanceKlass nonapi/io/github/classgraph/reflection/ReflectionUtils$PrivilegedActionInvocationHandler
instanceKlass nonapi/io/github/classgraph/concurrency/SingletonMap
instanceKlass nonapi/io/github/classgraph/reflection/ReflectionDriver
instanceKlass nonapi/io/github/classgraph/reflection/ReflectionUtils
instanceKlass nonapi/io/github/classgraph/utils/FileUtils$1
instanceKlass nonapi/io/github/classgraph/utils/FileUtils
instanceKlass io/github/classgraph/ScanResult
instanceKlass io/github/classgraph/ModulePathInfo
instanceKlass nonapi/io/github/classgraph/scanspec/AcceptReject
instanceKlass nonapi/io/github/classgraph/scanspec/ScanSpec
instanceKlass java/lang/StrictMath
instanceKlass io/github/classgraph/ClassGraph
instanceKlass org/springframework/web/servlet/resource/AbstractResourceResolver
instanceKlass org/springframework/web/HttpRequestHandler
instanceKlass org/springframework/web/servlet/resource/ResourceTransformerSupport
instanceKlass org/springframework/boot/autoconfigure/web/ResourceProperties$Cache$Cachecontrol$$Lambda$960
instanceKlass org/springframework/boot/autoconfigure/web/ResourceProperties$Cache$Cachecontrol$$Lambda$959
instanceKlass org/springframework/boot/autoconfigure/web/ResourceProperties$Cache$Cachecontrol$$Lambda$958
instanceKlass org/springframework/boot/autoconfigure/web/ResourceProperties$Cache$Cachecontrol$$Lambda$957
instanceKlass org/springframework/boot/autoconfigure/web/ResourceProperties$Cache$Cachecontrol$$Lambda$956
instanceKlass org/springframework/boot/autoconfigure/web/ResourceProperties$Cache$Cachecontrol$$Lambda$955
instanceKlass org/springframework/boot/autoconfigure/web/ResourceProperties$Cache$Cachecontrol$$Lambda$954
instanceKlass org/springframework/boot/autoconfigure/web/ResourceProperties$Cache$Cachecontrol$$Lambda$953
instanceKlass org/springframework/boot/autoconfigure/web/ResourceProperties$Cache$Cachecontrol$$Lambda$952
instanceKlass org/springframework/boot/autoconfigure/web/ResourceProperties$Cache$Cachecontrol$$Lambda$951
instanceKlass org/springframework/boot/autoconfigure/web/ResourceProperties$Cache$Cachecontrol$$Lambda$950
instanceKlass org/springframework/boot/autoconfigure/web/ResourceProperties$Cache$Cachecontrol$$Lambda$949
instanceKlass org/springframework/boot/autoconfigure/web/ResourceProperties$Cache$Cachecontrol$$Lambda$948
instanceKlass org/springframework/boot/autoconfigure/web/ResourceProperties$Cache$Cachecontrol$$Lambda$947
instanceKlass org/springframework/boot/autoconfigure/web/ResourceProperties$Cache$Cachecontrol$$Lambda$946
instanceKlass org/springframework/boot/context/properties/PropertyMapper$Source$$Lambda$945
instanceKlass org/springframework/boot/autoconfigure/web/ResourceProperties$Cache$Cachecontrol$$Lambda$944
instanceKlass io/swagger/v3/core/filter/OpenAPISpecFilter
instanceKlass org/springdoc/core/annotations/RouterOperation
instanceKlass org/springdoc/core/providers/CloudFunctionProvider
instanceKlass org/springdoc/core/filters/OpenApiMethodFilter
instanceKlass org/springdoc/core/customizers/OpenApiLocaleCustomizer
instanceKlass org/springdoc/core/fn/RouterFunctionData
instanceKlass org/springdoc/core/MethodAttributes
instanceKlass org/springdoc/core/fn/RouterOperation
instanceKlass org/springdoc/core/fn/AbstractRouterFunctionVisitor
instanceKlass org/springdoc/core/providers/RepositoryRestResourceProvider
instanceKlass org/springframework/expression/spel/CodeFlow
instanceKlass org/springframework/expression/spel/support/ReflectivePropertyAccessor$OptimalPropertyAccessor
instanceKlass org/springframework/expression/spel/support/ReflectivePropertyAccessor$InvokerPair
instanceKlass org/springframework/expression/spel/support/ReflectivePropertyAccessor$$Lambda$943
instanceKlass org/springframework/expression/spel/support/ReflectivePropertyAccessor$$Lambda$942
instanceKlass org/springframework/expression/spel/support/ReflectivePropertyAccessor$PropertyCacheKey
instanceKlass org/springframework/expression/spel/ast/PropertyOrFieldReference$AccessorLValue
instanceKlass org/springframework/expression/spel/ast/ValueRef
instanceKlass org/springdoc/core/Constants
instanceKlass org/springframework/expression/common/CompositeStringExpression
instanceKlass org/springframework/expression/common/TemplateAwareExpressionParser$Bracket
instanceKlass org/springframework/web/servlet/handler/AbstractHandlerMethodMapping$MappingRegistration
instanceKlass org/springframework/web/servlet/handler/AbstractHandlerMethodMapping$$Lambda$941
instanceKlass org/springframework/web/servlet/mvc/method/RequestMappingInfo$DefaultBuilder
instanceKlass org/springframework/web/servlet/mvc/method/RequestMappingInfo$Builder
instanceKlass org/springframework/util/MimeTypeUtils$$Lambda$940
instanceKlass org/springframework/util/MimeTypeUtils$ConcurrentLruCache
instanceKlass org/springframework/util/MimeTypeUtils
instanceKlass org/springframework/web/servlet/mvc/condition/AbstractMediaTypeExpression
instanceKlass org/springframework/web/servlet/mvc/condition/MediaTypeExpression
instanceKlass org/springframework/web/servlet/mvc/condition/AbstractRequestCondition
instanceKlass org/springframework/web/servlet/handler/AbstractHandlerMethodMapping$$Lambda$939
instanceKlass org/springframework/beans/factory/BeanFactoryUtils$$Lambda$938
instanceKlass org/springframework/web/bind/annotation/CrossOrigin
instanceKlass org/springframework/web/servlet/mvc/method/RequestMappingInfo
instanceKlass org/springframework/web/servlet/mvc/condition/RequestCondition
instanceKlass org/springframework/web/servlet/handler/RequestMatchResult
instanceKlass org/springframework/web/servlet/handler/MappedInterceptor
instanceKlass org/springframework/web/servlet/config/annotation/InterceptorRegistry$$Lambda$937
instanceKlass org/springframework/web/servlet/config/annotation/InterceptorRegistry$$Lambda$936
instanceKlass org/springframework/web/servlet/handler/HandlerInterceptorAdapter
instanceKlass org/springframework/boot/actuate/metrics/web/servlet/LongTaskTimingHandlerInterceptor
instanceKlass org/springframework/web/servlet/handler/WebRequestHandlerInterceptorAdapter
instanceKlass org/springframework/web/servlet/AsyncHandlerInterceptor
instanceKlass org/springframework/web/servlet/config/annotation/InterceptorRegistration
instanceKlass org/springframework/web/servlet/config/annotation/InterceptorRegistry$$Lambda$935
instanceKlass org/springframework/web/servlet/mvc/method/RequestMappingInfo$BuilderConfiguration
instanceKlass org/springframework/web/servlet/mvc/method/RequestMappingInfoHandlerMethodMappingNamingStrategy
instanceKlass org/springframework/web/servlet/handler/HandlerMethodMappingNamingStrategy
instanceKlass org/springframework/web/servlet/handler/AbstractHandlerMethodMapping$MappingRegistry
instanceKlass org/springframework/web/cors/DefaultCorsProcessor
instanceKlass org/springframework/web/cors/CorsProcessor
instanceKlass org/springframework/web/servlet/mvc/method/RequestMappingInfoHandlerMapping$HttpOptionsHandler
instanceKlass org/springframework/web/servlet/handler/AbstractHandlerMethodMapping$EmptyHandler
instanceKlass java/util/stream/ReduceOps$8ReducingSink
instanceKlass java/util/stream/Sink$OfLong
instanceKlass java/util/function/LongConsumer
instanceKlass java/util/stream/LongPipeline$$Lambda$934
instanceKlass java/util/function/LongBinaryOperator
instanceKlass java/lang/invoke/LambdaForm$DMH
instanceKlass java/util/stream/LongStream
instanceKlass java/util/stream/ReferencePipeline$$Lambda$933
instanceKlass org/springframework/boot/autoconfigure/web/servlet/WebMvcAutoConfiguration$WebMvcAutoConfigurationAdapter$$Lambda$932
instanceKlass org/springframework/boot/autoconfigure/web/servlet/WebMvcAutoConfiguration$WebMvcAutoConfigurationAdapter$$Lambda$931
instanceKlass org/springframework/boot/autoconfigure/web/servlet/WebMvcAutoConfiguration$WebMvcAutoConfigurationAdapter$$Lambda$930
instanceKlass org/springframework/web/servlet/mvc/method/annotation/ViewNameMethodReturnValueHandler
instanceKlass org/springframework/web/servlet/mvc/method/annotation/AsyncTaskMethodReturnValueHandler
instanceKlass org/springframework/web/servlet/mvc/method/annotation/DeferredResultMethodReturnValueHandler
instanceKlass org/springframework/web/servlet/mvc/method/annotation/CallableMethodReturnValueHandler
instanceKlass org/springframework/web/servlet/mvc/method/annotation/HttpHeadersReturnValueHandler
instanceKlass org/springframework/web/servlet/mvc/method/annotation/StreamingResponseBodyReturnValueHandler
instanceKlass org/springframework/core/task/SyncTaskExecutor
instanceKlass org/springframework/web/servlet/mvc/method/annotation/ReactiveTypeHandler
instanceKlass org/springframework/web/servlet/mvc/method/annotation/ResponseBodyEmitterReturnValueHandler
instanceKlass org/springframework/web/servlet/mvc/method/annotation/ViewMethodReturnValueHandler
instanceKlass org/springframework/web/servlet/mvc/method/annotation/ModelAndViewMethodReturnValueHandler
instanceKlass org/springframework/web/servlet/mvc/method/annotation/UriComponentsBuilderMethodArgumentResolver
instanceKlass org/springframework/web/method/annotation/SessionStatusMethodArgumentResolver
instanceKlass org/springframework/web/method/annotation/ErrorsMethodArgumentResolver
instanceKlass org/springframework/web/method/annotation/MapMethodProcessor
instanceKlass org/springframework/web/method/annotation/ModelMethodProcessor
instanceKlass org/springframework/web/servlet/mvc/method/annotation/RedirectAttributesMethodArgumentResolver
instanceKlass org/springframework/web/servlet/mvc/method/annotation/ServletResponseMethodArgumentResolver
instanceKlass javax/servlet/http/PushBuilder
instanceKlass org/springframework/web/servlet/mvc/method/annotation/ServletRequestMethodArgumentResolver
instanceKlass org/springframework/web/method/annotation/RequestHeaderMapMethodArgumentResolver
instanceKlass org/springframework/web/accept/ContentNegotiationManager$$Lambda$929
instanceKlass org/springframework/web/servlet/mvc/method/annotation/RequestResponseBodyAdviceChain
instanceKlass org/springframework/core/io/support/ResourceRegion
instanceKlass org/springframework/core/ParameterizedTypeReference
instanceKlass org/springframework/web/servlet/mvc/method/annotation/AbstractMessageConverterMethodArgumentResolver
instanceKlass org/springframework/web/servlet/mvc/method/annotation/MatrixVariableMapMethodArgumentResolver
instanceKlass org/springframework/web/servlet/mvc/method/annotation/PathVariableMapMethodArgumentResolver
instanceKlass org/springframework/web/method/annotation/RequestParamMapMethodArgumentResolver
instanceKlass org/springframework/web/method/annotation/AbstractNamedValueMethodArgumentResolver
instanceKlass org/springframework/web/bind/annotation/InitBinder
instanceKlass org/springframework/web/bind/annotation/ModelAttribute
instanceKlass org/springframework/core/MethodIntrospector$$Lambda$928
instanceKlass org/springframework/web/method/HandlerTypePredicate$Builder$$Lambda$927
instanceKlass org/springframework/web/method/HandlerTypePredicate$Builder$$Lambda$926
instanceKlass org/springframework/web/method/HandlerTypePredicate$Builder$$Lambda$925
instanceKlass org/springframework/web/method/HandlerTypePredicate$Builder
instanceKlass org/springframework/web/method/HandlerTypePredicate
instanceKlass org/springframework/web/method/ControllerAdviceBean$$Lambda$924
instanceKlass org/springframework/http/CacheControl
instanceKlass org/springframework/web/method/ControllerAdviceBean
instanceKlass org/springframework/web/bind/support/DefaultDataBinderFactory
instanceKlass org/springframework/web/method/annotation/SessionAttributesHandler
instanceKlass org/springframework/web/method/annotation/ModelFactory
instanceKlass org/springframework/web/method/support/HandlerMethodReturnValueHandlerComposite
instanceKlass org/springframework/web/method/support/HandlerMethodArgumentResolverComposite
instanceKlass org/springframework/boot/task/TaskExecutorBuilder$$Lambda$923
instanceKlass org/springframework/boot/task/TaskExecutorBuilder$$Lambda$922
instanceKlass org/springframework/boot/task/TaskExecutorBuilder$$Lambda$921
instanceKlass java/lang/invoke/LambdaForm$DMH
instanceKlass org/springframework/boot/task/TaskExecutorBuilder$$Lambda$920
instanceKlass org/springframework/boot/task/TaskExecutorBuilder$$Lambda$919
instanceKlass org/springframework/boot/task/TaskExecutorBuilder$$Lambda$918
instanceKlass org/springframework/boot/task/TaskExecutorBuilder$$Lambda$917
instanceKlass org/springframework/boot/task/TaskExecutorBuilder$$Lambda$916
instanceKlass org/springframework/boot/task/TaskExecutorBuilder$$Lambda$915
instanceKlass org/springframework/boot/task/TaskExecutorBuilder$$Lambda$914
instanceKlass org/springframework/boot/task/TaskExecutorBuilder$$Lambda$913
instanceKlass java/lang/invoke/LambdaForm$DMH
instanceKlass org/springframework/web/servlet/mvc/method/annotation/AbstractMappingJacksonResponseBodyAdvice
instanceKlass org/springframework/web/servlet/mvc/method/annotation/ResponseBodyAdvice
instanceKlass org/springframework/web/servlet/mvc/method/annotation/RequestBodyAdviceAdapter
instanceKlass org/springframework/web/servlet/mvc/method/annotation/RequestBodyAdvice
instanceKlass org/springframework/data/web/PageableDefault
instanceKlass org/springframework/data/web/config/SpringDataWebConfiguration$$Lambda$912
instanceKlass org/springframework/data/domain/AbstractPageRequest
instanceKlass org/springframework/web/bind/support/WebDataBinderFactory
instanceKlass org/springframework/web/method/support/ModelAndViewContainer
instanceKlass org/springframework/data/web/config/SpringDataWebConfiguration$$Lambda$911
instanceKlass org/springframework/data/web/SortDefault
instanceKlass org/springframework/data/web/SortDefault$SortDefaults
instanceKlass com/fasterxml/jackson/databind/MappingIterator
instanceKlass com/fasterxml/jackson/annotation/JsonAutoDetect$Value
instanceKlass com/fasterxml/jackson/databind/jsonschema/JsonSchema
instanceKlass com/fasterxml/jackson/databind/jsonFormatVisitors/JsonFormatVisitorWrapper
instanceKlass com/fasterxml/jackson/databind/jsonFormatVisitors/JsonFormatVisitorWithSerializerProvider
instanceKlass com/fasterxml/jackson/core/JsonParser
instanceKlass com/fasterxml/jackson/databind/deser/DeserializationProblemHandler
instanceKlass com/fasterxml/jackson/core/io/CharacterEscapes
instanceKlass com/fasterxml/jackson/databind/ObjectWriter
instanceKlass com/fasterxml/jackson/core/FormatSchema
instanceKlass com/fasterxml/jackson/core/type/TypeReference
instanceKlass com/fasterxml/jackson/databind/InjectableValues
instanceKlass com/fasterxml/jackson/module/paramnames/ParameterExtractor
instanceKlass org/springframework/http/converter/json/Jackson2ObjectMapperBuilder$$Lambda$910
instanceKlass com/fasterxml/jackson/databind/cfg/HandlerInstantiator
instanceKlass com/fasterxml/jackson/databind/ser/FilterProvider
instanceKlass com/fasterxml/jackson/databind/jsontype/TypeResolverBuilder
instanceKlass org/springframework/data/geo/GeoModule$PolygonMixin
instanceKlass org/springframework/data/geo/Polygon
instanceKlass org/springframework/data/geo/GeoModule$CircleMixin
instanceKlass org/springframework/data/geo/Circle
instanceKlass org/springframework/data/geo/GeoModule$BoxMixin
instanceKlass org/springframework/data/geo/Box
instanceKlass org/springframework/data/geo/Shape
instanceKlass org/springframework/data/geo/GeoModule$PointMixin
instanceKlass org/springframework/data/geo/GeoModule$DistanceMixin
instanceKlass org/springframework/boot/jackson/JsonComponent
instanceKlass com/fasterxml/jackson/databind/deser/ValueInstantiator
instanceKlass com/fasterxml/jackson/databind/jsontype/NamedType
instanceKlass com/fasterxml/jackson/databind/PropertyNamingStrategy
instanceKlass com/fasterxml/jackson/module/paramnames/PackageVersion
instanceKlass java/util/EnumMap$EnumMapIterator
instanceKlass org/springframework/boot/autoconfigure/jackson/JacksonAutoConfiguration$Jackson2ObjectMapperBuilderCustomizerConfiguration$StandardJackson2ObjectMapperBuilderCustomizer$$Lambda$909
instanceKlass org/springframework/boot/autoconfigure/jackson/JacksonAutoConfiguration$Jackson2ObjectMapperBuilderCustomizerConfiguration$StandardJackson2ObjectMapperBuilderCustomizer$$Lambda$908
instanceKlass org/springframework/http/HttpHeaders
instanceKlass org/springframework/http/HttpOutputMessage
instanceKlass org/springframework/boot/context/properties/bind/Binder$$Lambda$907
instanceKlass org/springframework/boot/autoconfigure/web/servlet/WebMvcAutoConfiguration$WebMvcAutoConfigurationAdapter$$Lambda$906
instanceKlass org/springframework/web/bind/support/DefaultSessionAttributeStore
instanceKlass org/springframework/web/bind/support/SessionAttributeStore
instanceKlass org/springframework/web/context/request/async/DeferredResultProcessingInterceptor
instanceKlass org/springframework/web/context/request/async/CallableProcessingInterceptor
instanceKlass org/springframework/util/ConcurrencyThrottleSupport
instanceKlass org/springframework/web/servlet/mvc/method/annotation/RequestMappingHandlerAdapter$$Lambda$905
instanceKlass org/springframework/web/servlet/mvc/method/annotation/RequestMappingHandlerAdapter$$Lambda$904
instanceKlass org/springframework/boot/autoconfigure/validation/ValidatorAdapter
instanceKlass org/springframework/data/repository/support/DomainClassConverter$$Lambda$903
instanceKlass org/springframework/data/repository/support/Repositories
instanceKlass org/springframework/data/repository/support/DomainClassConverter
instanceKlass org/springframework/data/geo/Point
instanceKlass org/springframework/data/geo/Distance
instanceKlass org/springframework/data/geo/Metric
instanceKlass org/springframework/boot/autoconfigure/web/format/DateTimeFormatters
instanceKlass org/springframework/web/context/request/NativeWebRequest
instanceKlass org/springframework/web/accept/MappingMediaTypeFileExtensionResolver$$Lambda$902
instanceKlass org/springframework/web/accept/MappingMediaTypeFileExtensionResolver$$Lambda$901
instanceKlass org/springframework/web/accept/MappingMediaTypeFileExtensionResolver
instanceKlass org/springframework/web/accept/HeaderContentNegotiationStrategy
instanceKlass org/springframework/web/accept/ContentNegotiationManagerFactoryBean$$Lambda$900
instanceKlass org/springframework/boot/autoconfigure/web/servlet/WebMvcAutoConfiguration$WebMvcAutoConfigurationAdapter$$Lambda$899
instanceKlass org/springframework/web/accept/ContentNegotiationManagerFactoryBean
instanceKlass org/springframework/boot/autoconfigure/data/web/SpringDataWebAutoConfiguration$$Lambda$898
instanceKlass org/springframework/boot/autoconfigure/data/web/SpringDataWebAutoConfiguration$$Lambda$897
instanceKlass org/springframework/boot/autoconfigure/orm/jpa/JpaBaseConfiguration$JpaWebConfiguration$1
instanceKlass org/springframework/web/servlet/resource/ResourceTransformerChain
instanceKlass org/springdoc/ui/AbstractSwaggerIndexTransformer
instanceKlass com/fasterxml/jackson/core/FormatFeature
instanceKlass io/swagger/v3/core/util/Yaml
instanceKlass io/swagger/v3/core/jackson/mixin/DiscriminatorMixin
instanceKlass io/swagger/v3/oas/models/media/Discriminator
instanceKlass io/swagger/v3/core/jackson/mixin/OpenAPIMixin
instanceKlass io/swagger/v3/core/jackson/mixin/LicenseMixin
instanceKlass io/swagger/v3/oas/models/info/License
instanceKlass io/swagger/v3/core/jackson/mixin/InfoMixin
instanceKlass io/swagger/v3/oas/models/info/Info
instanceKlass io/swagger/v3/core/jackson/mixin/ComponentsMixin
instanceKlass io/swagger/v3/oas/models/Components
instanceKlass io/swagger/v3/core/jackson/mixin/DateSchemaMixin
instanceKlass io/swagger/v3/core/jackson/mixin/SchemaMixin
instanceKlass io/swagger/v3/oas/models/headers/Header
instanceKlass io/swagger/v3/oas/models/parameters/RequestBody
instanceKlass io/swagger/v3/oas/models/responses/ApiResponse
instanceKlass io/swagger/v3/oas/models/media/XML
instanceKlass io/swagger/v3/oas/models/tags/Tag
instanceKlass io/swagger/v3/oas/models/servers/ServerVariable
instanceKlass io/swagger/v3/oas/models/servers/Server
instanceKlass io/swagger/v3/oas/models/PathItem
instanceKlass io/swagger/v3/core/jackson/mixin/OperationMixin
instanceKlass io/swagger/v3/oas/models/Operation
instanceKlass io/swagger/v3/oas/models/security/OAuthFlows
instanceKlass io/swagger/v3/oas/models/security/OAuthFlow
instanceKlass io/swagger/v3/core/jackson/mixin/MediaTypeMixin
instanceKlass io/swagger/v3/oas/models/media/MediaType
instanceKlass io/swagger/v3/oas/models/links/LinkParameter
instanceKlass io/swagger/v3/oas/models/links/Link
instanceKlass io/swagger/v3/oas/models/ExternalDocumentation
instanceKlass io/swagger/v3/core/jackson/mixin/ExampleMixin
instanceKlass io/swagger/v3/oas/models/examples/Example
instanceKlass io/swagger/v3/oas/models/media/EncodingProperty
instanceKlass io/swagger/v3/oas/models/media/Encoding
instanceKlass io/swagger/v3/oas/models/info/Contact
instanceKlass io/swagger/v3/core/jackson/mixin/ExtensionsMixin
instanceKlass io/swagger/v3/oas/models/security/SecurityScheme
instanceKlass io/swagger/v3/oas/models/parameters/Parameter
instanceKlass io/swagger/v3/core/util/Json
instanceKlass org/springdoc/core/converters/ConverterUtils
instanceKlass org/springframework/web/context/request/async/DeferredResult
instanceKlass io/swagger/v3/oas/annotations/security/SecurityRequirements
instanceKlass io/swagger/v3/oas/annotations/responses/ApiResponses
instanceKlass io/swagger/v3/oas/annotations/servers/Servers
instanceKlass io/swagger/v3/oas/annotations/servers/ServerVariable
instanceKlass io/swagger/v3/oas/annotations/links/LinkParameter
instanceKlass io/swagger/v3/oas/annotations/links/Link
instanceKlass io/swagger/v3/oas/annotations/Parameters
instanceKlass io/swagger/v3/oas/annotations/media/SchemaProperties
instanceKlass io/swagger/v3/oas/annotations/headers/Header
instanceKlass io/swagger/v3/oas/annotations/media/SchemaProperty
instanceKlass io/swagger/v3/oas/annotations/media/Encoding
instanceKlass io/swagger/v3/oas/annotations/media/DiscriminatorMapping
instanceKlass io/swagger/v3/oas/annotations/media/ExampleObject
instanceKlass io/swagger/v3/oas/annotations/media/Schema
instanceKlass io/swagger/v3/oas/annotations/media/ArraySchema
instanceKlass io/swagger/v3/oas/annotations/extensions/Extensions
instanceKlass io/swagger/v3/oas/annotations/extensions/ExtensionProperty
instanceKlass org/springframework/web/util/UriComponentsBuilder
instanceKlass org/springframework/web/util/UriBuilder
instanceKlass io/swagger/v3/oas/annotations/media/Content
instanceKlass io/swagger/v3/oas/annotations/responses/ApiResponse
instanceKlass io/swagger/v3/oas/annotations/ExternalDocumentation
instanceKlass io/swagger/v3/oas/annotations/servers/Server
instanceKlass io/swagger/v3/oas/annotations/parameters/RequestBody
instanceKlass io/swagger/v3/oas/annotations/extensions/Extension
instanceKlass io/swagger/v3/oas/annotations/Parameter
instanceKlass io/swagger/v3/oas/annotations/security/SecurityRequirement
instanceKlass io/swagger/v3/oas/annotations/Operation
instanceKlass org/springframework/web/servlet/mvc/method/annotation/ResponseEntityExceptionHandler
instanceKlass org/springdoc/core/SpringDocUtils
instanceKlass org/springdoc/core/SpringDocConfigProperties$ModelConverters$PolymorphicConverter
instanceKlass org/springdoc/core/SpringDocConfigProperties$ModelConverters$PageableConverter
instanceKlass org/springdoc/core/SpringDocConfigProperties$ModelConverters$DeprecatingConverter
instanceKlass org/springdoc/core/SpringDocConfigProperties$Groups
instanceKlass org/springdoc/core/SpringDocConfigProperties$ModelConverters
instanceKlass org/springdoc/core/SpringDocConfigProperties$ModelConverters$SortConverter
instanceKlass org/springdoc/core/SpringDocConfigProperties$ApiDocs
instanceKlass org/springdoc/core/SpringDocConfigProperties$Webjars
instanceKlass org/springdoc/core/SpringDocConfigProperties$GroupConfig
instanceKlass org/springdoc/core/SpringDocConfigProperties$Cache
instanceKlass org/apache/commons/lang3/StringUtils
instanceKlass org/springdoc/core/SwaggerUiConfigProperties$Csrf
instanceKlass org/springdoc/core/SwaggerUiConfigProperties$SyntaxHighlight
instanceKlass org/springdoc/core/AbstractSwaggerUiConfigProperties$SwaggerUrl
instanceKlass org/springdoc/core/providers/ActuatorProvider
instanceKlass org/springframework/web/servlet/resource/ResourceResolver
instanceKlass org/springframework/web/servlet/config/annotation/ResourceChainRegistration
instanceKlass org/springframework/web/servlet/config/annotation/WebMvcConfigurerComposite
instanceKlass org/springframework/boot/autoconfigure/web/servlet/WebMvcRegistrations
instanceKlass org/springframework/boot/autoconfigure/web/servlet/WebMvcAutoConfiguration$OptionalPathExtensionContentNegotiationStrategy
instanceKlass org/springframework/boot/web/error/ErrorAttributeOptions
instanceKlass org/springframework/boot/convert/DurationStyle$Unit$$Lambda$896
instanceKlass org/springframework/boot/convert/DurationStyle$Unit$$Lambda$895
instanceKlass org/springframework/boot/convert/DurationStyle$Unit$$Lambda$894
instanceKlass org/springframework/boot/convert/DurationStyle$Unit$$Lambda$893
instanceKlass org/springframework/boot/convert/DurationStyle$Unit$$Lambda$892
instanceKlass org/springframework/boot/convert/DurationStyle$Unit$$Lambda$891
instanceKlass org/springframework/boot/convert/DurationStyle$Unit$$Lambda$890
instanceKlass org/springframework/core/annotation/AnnotatedElementUtils$$Lambda$889
instanceKlass org/springframework/boot/convert/DurationFormat
instanceKlass org/springframework/boot/autoconfigure/web/ResourceProperties$Cache$Cachecontrol
instanceKlass org/springframework/boot/autoconfigure/web/ResourceProperties$Content
instanceKlass org/springframework/boot/autoconfigure/web/ResourceProperties$Fixed
instanceKlass org/springframework/boot/autoconfigure/web/ResourceProperties$Strategy
instanceKlass org/springframework/context/support/MessageSourceAccessor
instanceKlass org/springframework/boot/autoconfigure/web/servlet/error/ErrorMvcAutoConfiguration$StaticView
instanceKlass org/springframework/validation/beanvalidation/LocalValidatorFactoryBean$$Lambda$888
instanceKlass java/lang/invoke/LambdaForm$DMH
instanceKlass org/springframework/validation/beanvalidation/LocalValidatorFactoryBean$1
instanceKlass org/springframework/validation/beanvalidation/SpringConstraintValidatorFactory
instanceKlass org/springframework/validation/beanvalidation/LocaleContextMessageInterpolator
instanceKlass org/springframework/validation/BindingResult
instanceKlass org/springframework/validation/Errors
instanceKlass javax/validation/ValidatorContext
instanceKlass org/springframework/boot/validation/MessageInterpolatorFactory
instanceKlass org/springframework/boot/task/TaskExecutorBuilder$$Lambda$887
instanceKlass org/springframework/boot/autoconfigure/task/TaskExecutionAutoConfiguration$$Lambda$886
instanceKlass org/springframework/core/task/TaskDecorator
instanceKlass org/springframework/boot/task/TaskExecutorCustomizer
instanceKlass org/apache/commons/configuration/event/ConfigurationErrorListener
instanceKlass org/apache/commons/lang/text/StrLookup
instanceKlass org/apache/commons/lang/text/StrSubstitutor
instanceKlass org/springframework/context/support/DefaultMessageSourceResolvable
instanceKlass org/springframework/context/MessageSourceResolvable
instanceKlass org/hibernate/hql/internal/ast/exec/BasicExecutor
instanceKlass org/hibernate/hql/internal/ast/exec/StatementExecutor
instanceKlass org/hibernate/engine/internal/JoinSequence$Join
instanceKlass com/hospital/doctor/dto/AvailabilityDTO
instanceKlass com/hospital/doctor/dto/DoctorScheduleDTO
instanceKlass org/springframework/aop/framework/CglibAopProxy$StaticDispatcher
instanceKlass org/springframework/aop/framework/CglibAopProxy$StaticUnadvisedInterceptor
instanceKlass org/aspectj/util/PartialOrder
instanceKlass org/springframework/aop/aspectj/autoproxy/AspectJAwareAdvisorAutoProxyCreator$PartiallyComparableAdvisorHolder
instanceKlass org/springframework/aop/support/AbstractExpressionPointcut
instanceKlass org/springframework/aop/support/ExpressionPointcut
instanceKlass org/springframework/aop/aspectj/AbstractAspectJAdvice
instanceKlass org/springframework/aop/aspectj/AspectJPrecedenceInformation
instanceKlass org/springframework/aop/aspectj/InstantiationModelAwarePointcutAdvisor
instanceKlass org/springframework/core/Constants$$Lambda$885
instanceKlass org/modelmapper/PropertyMap
instanceKlass org/modelmapper/Module
instanceKlass org/modelmapper/TypeMap
instanceKlass org/modelmapper/internal/MappingEngineImpl
instanceKlass org/modelmapper/spi/MappingEngine
instanceKlass org/modelmapper/convention/StrictMatchingStrategy
instanceKlass org/modelmapper/convention/StandardMatchingStrategy
instanceKlass org/modelmapper/convention/LooseMatchingStrategy
instanceKlass org/modelmapper/spi/MatchingStrategy
instanceKlass org/modelmapper/convention/MatchingStrategies
instanceKlass org/modelmapper/convention/NameTransformers$2
instanceKlass org/modelmapper/convention/NameTransformers$1
instanceKlass org/modelmapper/spi/NameTransformer
instanceKlass org/modelmapper/convention/NameTransformers
instanceKlass org/modelmapper/convention/NamingConventions$3
instanceKlass org/modelmapper/convention/NamingConventions$2
instanceKlass org/modelmapper/convention/NamingConventions$1
instanceKlass org/modelmapper/spi/NamingConvention
instanceKlass org/modelmapper/convention/NamingConventions
instanceKlass org/modelmapper/convention/NameTokenizers$UnderscoreNameTokenizer
instanceKlass org/modelmapper/convention/NameTokenizers$CamelCaseNameTokenizer
instanceKlass org/modelmapper/spi/NameTokenizer
instanceKlass org/modelmapper/convention/NameTokenizers
instanceKlass org/modelmapper/internal/valuemutate/MapValueWriter
instanceKlass org/modelmapper/spi/ValueWriter
instanceKlass org/modelmapper/internal/valuemutate/ValueMutateStore
instanceKlass sun/misc/JavaxCryptoSealedObjectAccess
instanceKlass sun/misc/JavaObjectInputStreamAccess
instanceKlass sun/misc/JavaNetHttpCookieAccess
instanceKlass sun/misc/JavaAWTAccess
instanceKlass sun/misc/JavaOISAccess
instanceKlass sun/misc/JavaIOAccess
instanceKlass org/modelmapper/internal/typetools/TypeResolver$2
instanceKlass org/modelmapper/internal/typetools/TypeResolver$AccessMaker
instanceKlass org/modelmapper/internal/typetools/TypeResolver$1
instanceKlass org/modelmapper/internal/typetools/TypeResolver
instanceKlass org/modelmapper/internal/util/Assert
instanceKlass org/modelmapper/internal/valueaccess/MapValueReader
instanceKlass org/modelmapper/internal/util/CopyOnWriteLinkedHashMap
instanceKlass org/modelmapper/spi/ValueReader
instanceKlass org/modelmapper/internal/valueaccess/ValueAccessStore
instanceKlass org/modelmapper/internal/converter/CalendarConverter
instanceKlass org/modelmapper/internal/converter/DateConverter
instanceKlass org/modelmapper/internal/converter/CharacterConverter
instanceKlass org/modelmapper/internal/converter/BooleanConverter
instanceKlass org/modelmapper/internal/converter/NumberConverter
instanceKlass org/modelmapper/internal/converter/EnumConverter
instanceKlass org/modelmapper/internal/converter/StringConverter
instanceKlass org/modelmapper/internal/converter/AssignableConverter
instanceKlass org/modelmapper/internal/converter/MapConverter
instanceKlass org/modelmapper/internal/converter/MergingCollectionConverter
instanceKlass org/modelmapper/internal/converter/ArrayConverter
instanceKlass org/modelmapper/spi/ConditionalConverter
instanceKlass org/modelmapper/Converter
instanceKlass org/modelmapper/internal/converter/ConverterStore
instanceKlass org/modelmapper/internal/TypeMapStore
instanceKlass org/modelmapper/internal/InheritingConfiguration
instanceKlass org/modelmapper/config/Configuration
instanceKlass org/springframework/data/repository/core/support/RepositoryFactorySupport$ImplementationMethodExecutionInterceptor
instanceKlass org/springframework/data/repository/core/support/RepositoryFragment$ImplementedRepositoryFragment$$Lambda$884
instanceKlass org/springframework/data/repository/core/support/RepositoryFragment$ImplementedRepositoryFragment
instanceKlass javax/persistence/criteria/CompoundSelection
instanceKlass javax/persistence/Tuple
instanceKlass org/hibernate/engine/query/spi/AbstractParameterDescriptor
instanceKlass org/hibernate/query/QueryParameter
instanceKlass org/hibernate/hql/internal/ast/NamedParameterInformationImpl
instanceKlass org/hibernate/hql/spi/NamedParameterInformation
instanceKlass org/hibernate/hql/spi/ParameterInformation
instanceKlass org/hibernate/hql/internal/ast/SqlGenerator$StandardFunctionArguments
instanceKlass org/hibernate/hql/internal/ast/SqlGenerator$FunctionArgumentsCollectingWriter
instanceKlass org/hibernate/param/AbstractExplicitParameterSpecification
instanceKlass org/hibernate/param/ExplicitParameterSpecification
instanceKlass org/hibernate/param/ParameterSpecification
instanceKlass org/hibernate/param/ParameterBinder
instanceKlass org/hibernate/hql/internal/ast/tree/FunctionNode
instanceKlass org/springframework/data/jpa/repository/query/StringQuery$1
instanceKlass org/springframework/data/jpa/repository/query/StringQuery$ParameterBindingParser$$Lambda$883
instanceKlass org/springframework/data/domain/Range$$Lambda$882
instanceKlass org/springframework/data/domain/Range$$Lambda$881
instanceKlass org/springframework/data/repository/query/SpelQueryContext$QuotationMap$$Lambda$880
instanceKlass org/hibernate/hql/internal/ast/tree/BinaryOperatorNode
instanceKlass org/hibernate/hql/internal/ast/tree/OperatorNode
instanceKlass org/springframework/data/domain/Range$RangeBuilder
instanceKlass org/springframework/data/domain/Range
instanceKlass org/springframework/data/domain/Range$Bound
instanceKlass org/hibernate/query/internal/QueryParameterBindingsImpl
instanceKlass org/hibernate/query/spi/QueryParameterBindings
instanceKlass org/hibernate/engine/spi/RowSelection
instanceKlass org/hibernate/engine/query/spi/ReturnMetadata
instanceKlass org/hibernate/hql/internal/ast/ParameterTranslationsImpl
instanceKlass org/hibernate/hql/spi/ParameterTranslations
instanceKlass org/hibernate/hql/internal/ast/tree/ExpectedTypeAwareNode
instanceKlass org/hibernate/hql/internal/ast/SqlGenerator$DefaultWriter
instanceKlass org/hibernate/hql/internal/ast/SqlGenerator$SqlWriter
instanceKlass org/hibernate/hql/internal/ast/util/JoinProcessor$1
instanceKlass org/hibernate/engine/internal/JoinSequence$Selector
instanceKlass org/hibernate/engine/internal/JoinSequence
instanceKlass org/hibernate/hql/internal/ast/util/ASTIterator
instanceKlass org/hibernate/hql/internal/ast/util/SyntheticAndFactory
instanceKlass org/hibernate/hql/internal/ast/util/JoinProcessor
instanceKlass org/hibernate/hql/internal/NameGenerator
instanceKlass org/hibernate/hql/internal/ast/util/ColumnHelper
instanceKlass org/hibernate/hql/internal/ast/util/ASTAppender
instanceKlass org/hibernate/hql/internal/ast/tree/AggregatedSelectExpression
instanceKlass org/hibernate/hql/internal/CollectionProperties
instanceKlass org/hibernate/persister/entity/Queryable$Declarer
instanceKlass org/hibernate/hql/internal/ast/util/ASTUtil$CollectingNodeVisitor
instanceKlass org/hibernate/hql/internal/ast/tree/FromElementType
instanceKlass org/hibernate/hql/internal/ast/tree/ParameterContainer
instanceKlass org/hibernate/hql/internal/ast/tree/FromElementFactory
instanceKlass org/hibernate/hql/internal/antlr/SqlTokenTypes
instanceKlass org/hibernate/hql/internal/ast/tree/DotNode$1
instanceKlass org/hibernate/hql/internal/ast/tree/DotNode$IllegalCollectionDereferenceExceptionBuilder
instanceKlass org/hibernate/hql/internal/ast/tree/PathNode
instanceKlass org/hibernate/hql/internal/ast/tree/ResolvableNode
instanceKlass org/hibernate/hql/internal/ast/tree/TableReferenceNode
instanceKlass org/hibernate/hql/internal/ast/util/ASTUtil$IncludePredicate
instanceKlass org/hibernate/hql/internal/ast/util/ASTUtil$FilterPredicate
instanceKlass org/hibernate/hql/internal/ast/tree/SessionFactoryAwareNode
instanceKlass org/hibernate/hql/internal/ast/tree/InitializeableNode
instanceKlass org/hibernate/hql/internal/ast/tree/DisplayableNode
instanceKlass org/hibernate/hql/internal/ast/tree/RestrictableStatement
instanceKlass org/hibernate/hql/internal/ast/tree/Statement
instanceKlass org/hibernate/hql/internal/ast/tree/SelectExpression
instanceKlass org/hibernate/hql/internal/ast/util/LiteralProcessor
instanceKlass org/hibernate/hql/internal/ast/util/SessionFactoryHelper
instanceKlass org/hibernate/hql/internal/ast/util/AliasGenerator
instanceKlass antlr/TreeParserSharedInputState
instanceKlass antlr/ASTNULLType
instanceKlass antlr/TreeParser
instanceKlass org/hibernate/hql/internal/antlr/HqlSqlTokenTypes
instanceKlass org/hibernate/engine/internal/ParameterBinder$NamedParameterSource
instanceKlass org/hibernate/hql/internal/ast/util/ASTUtil
instanceKlass org/hibernate/hql/internal/ast/QueryTranslatorImpl$JavaConstantConverter
instanceKlass org/hibernate/hql/internal/ast/util/NodeTraverser$VisitationStrategy
instanceKlass org/hibernate/hql/internal/ast/util/NodeTraverser
instanceKlass antlr/collections/impl/ASTArray
instanceKlass antlr/BaseAST
instanceKlass antlr/collections/AST
instanceKlass antlr/ASTPair
instanceKlass org/hibernate/hql/internal/ast/ErrorTracker
instanceKlass org/hibernate/hql/internal/ast/ParseErrorHandler
instanceKlass org/hibernate/hql/internal/ast/ErrorReporter
instanceKlass antlr/ASTFactory
instanceKlass antlr/TokenQueue
instanceKlass antlr/TokenBuffer
instanceKlass antlr/ParserSharedInputState
instanceKlass antlr/Token
instanceKlass antlr/ANTLRHashString
instanceKlass antlr/ANTLRStringBuffer
instanceKlass antlr/LexerSharedInputState
instanceKlass antlr/CharQueue
instanceKlass antlr/InputBuffer
instanceKlass antlr/CharScanner
instanceKlass antlr/TokenStream
instanceKlass antlr/collections/impl/BitSet
instanceKlass antlr/Parser
instanceKlass org/hibernate/hql/internal/antlr/HqlTokenTypes
instanceKlass org/hibernate/hql/internal/ast/QueryTranslatorImpl
instanceKlass org/hibernate/hql/spi/FilterTranslator
instanceKlass org/hibernate/engine/query/spi/EntityGraphQueryHint
instanceKlass org/hibernate/hql/internal/ast/ASTQueryTranslatorFactory
instanceKlass org/hibernate/hql/spi/QueryTranslator
instanceKlass org/hibernate/hql/internal/classic/ParserHelper
instanceKlass org/hibernate/hql/internal/QuerySplitter
instanceKlass org/hibernate/engine/query/spi/QueryPlanCache$HQLQueryPlanKey
instanceKlass org/hibernate/query/Query$1
instanceKlass org/hibernate/Query$1
instanceKlass org/hibernate/query/internal/AbstractProducedQuery
instanceKlass org/hibernate/query/spi/QueryImplementor
instanceKlass org/springframework/data/jpa/repository/query/StringQuery$$Lambda$879
instanceKlass org/springframework/data/repository/query/SpelQueryContext$QuotationMap
instanceKlass org/springframework/data/repository/query/SpelQueryContext$SpelExtractor
instanceKlass org/springframework/data/repository/query/SpelQueryContext
instanceKlass org/springframework/data/jpa/repository/query/StringQuery$ParameterBindingParser$$Lambda$878
instanceKlass org/springframework/data/jpa/repository/query/StringQuery$ParameterBindingParser$$Lambda$877
instanceKlass org/springframework/data/jpa/repository/query/StringQuery$Metadata
instanceKlass org/springframework/data/jpa/repository/query/StringQuery
instanceKlass org/springframework/data/jpa/repository/query/QueryParameterSetterFactory$CriteriaQueryParameterSetterFactory$$Lambda$876
instanceKlass org/springframework/data/repository/query/ParametersParameterAccessor
instanceKlass org/springframework/data/jpa/repository/query/QueryParameterSetter$NamedOrIndexedQueryParameterSetter
instanceKlass org/springframework/data/jpa/repository/query/QueryParameterSetter
instanceKlass org/springframework/data/jpa/repository/query/QueryParameterSetterFactory$CriteriaQueryParameterSetterFactory$$Lambda$875
instanceKlass org/springframework/data/jpa/repository/query/StringQuery$ParameterBinding
instanceKlass org/springframework/data/jpa/repository/query/QueryParameterSetterFactory
instanceKlass org/springframework/data/jpa/repository/query/ParameterBinderFactory
instanceKlass org/hibernate/query/criteria/internal/predicate/PredicateImplementor
instanceKlass javax/persistence/criteria/Predicate
instanceKlass org/hibernate/query/criteria/internal/expression/BinaryOperatorExpression
instanceKlass org/hibernate/query/criteria/internal/expression/function/FunctionExpression
instanceKlass org/springframework/data/jpa/repository/query/QueryUtils
instanceKlass org/springframework/data/jpa/repository/query/ParameterMetadataProvider$ParameterMetadata
instanceKlass javax/persistence/criteria/ParameterExpression
instanceKlass javax/persistence/Parameter
instanceKlass org/springframework/data/jpa/repository/query/ParameterMetadataProvider$$Lambda$874
instanceKlass org/springframework/data/jpa/repository/query/ParameterMetadataProvider$$Lambda$873
instanceKlass org/springframework/data/jpa/repository/query/JpaQueryCreator$1
instanceKlass org/springframework/data/jpa/repository/query/JpaQueryCreator$PredicateBuilder
instanceKlass org/springframework/data/repository/query/parser/AbstractQueryCreator$$Lambda$872
instanceKlass org/springframework/data/domain/Sort$Order
instanceKlass org/springframework/data/repository/query/parser/AbstractQueryCreator$$Lambda$871
instanceKlass org/springframework/data/repository/query/ParameterAccessor
instanceKlass org/hibernate/query/criteria/internal/path/AbstractFromImpl$BasicJoinScope
instanceKlass org/hibernate/query/criteria/internal/path/AbstractFromImpl$JoinScope
instanceKlass org/hibernate/query/criteria/internal/ParameterContainer
instanceKlass org/hibernate/query/criteria/internal/FromImplementor
instanceKlass org/hibernate/query/criteria/internal/PathImplementor
instanceKlass org/hibernate/query/criteria/internal/PathSource
instanceKlass org/hibernate/query/criteria/internal/ExpressionImplementor
instanceKlass org/hibernate/query/criteria/internal/Renderable
instanceKlass org/hibernate/query/criteria/internal/SelectionImplementor
instanceKlass org/hibernate/query/criteria/internal/TupleElementImplementor
instanceKlass javax/persistence/criteria/Root
instanceKlass javax/persistence/criteria/From
instanceKlass javax/persistence/criteria/FetchParent
instanceKlass javax/persistence/criteria/Path
instanceKlass javax/persistence/criteria/Subquery
instanceKlass javax/persistence/criteria/Expression
instanceKlass javax/persistence/criteria/Selection
instanceKlass javax/persistence/TupleElement
instanceKlass org/hibernate/query/criteria/internal/QueryStructure
instanceKlass org/hibernate/query/criteria/internal/AbstractNode
instanceKlass org/hibernate/query/criteria/internal/compile/CompilableCriteria
instanceKlass org/springframework/data/repository/query/parser/AbstractQueryCreator
instanceKlass org/springframework/data/jpa/repository/query/ParameterMetadataProvider
instanceKlass org/springframework/data/jpa/repository/query/QueryParameterSetter$QueryMetadataCache
instanceKlass org/springframework/data/jpa/repository/query/PartTreeJpaQuery$QueryPreparer
instanceKlass org/springframework/data/jpa/repository/query/PartTreeJpaQuery$$Lambda$870
instanceKlass org/springframework/data/jpa/repository/query/PartTreeJpaQuery$$Lambda$869
instanceKlass org/springframework/data/repository/query/parser/OrderBySource
instanceKlass org/springframework/data/mapping/PropertyPath$$Lambda$868
instanceKlass org/springframework/data/mapping/PropertyPath$Key
instanceKlass java/lang/invoke/LambdaForm$MH
instanceKlass org/springframework/data/repository/query/parser/PartTree$OrPart$$Lambda$867
instanceKlass org/springframework/data/repository/query/parser/Part
instanceKlass org/springframework/data/repository/query/parser/PartTree$OrPart$$Lambda$866
instanceKlass org/springframework/data/repository/query/parser/PartTree$Predicate$$Lambda$865
instanceKlass org/springframework/data/repository/query/parser/PartTree$OrPart
instanceKlass org/springframework/data/repository/query/parser/PartTree$Predicate$$Lambda$864
instanceKlass java/lang/Character$Subset
instanceKlass org/springframework/data/repository/query/parser/PartTree$Predicate
instanceKlass org/springframework/data/repository/query/parser/PartTree$Subject$$Lambda$863
instanceKlass org/springframework/data/repository/query/parser/PartTree$Subject$$Lambda$862
instanceKlass org/springframework/data/repository/query/parser/PartTree$Subject$$Lambda$861
instanceKlass org/springframework/data/repository/query/parser/PartTree$Subject
instanceKlass org/springframework/data/repository/query/parser/PartTree
instanceKlass org/springframework/data/jpa/repository/query/AbstractJpaQuery$$Lambda$860
instanceKlass org/springframework/data/jpa/repository/query/JpaQueryExecution
instanceKlass org/springframework/data/jpa/repository/query/AbstractJpaQuery$$Lambda$859
instanceKlass org/springframework/data/jpa/repository/query/ParameterBinder
instanceKlass org/hibernate/resource/transaction/backend/jdbc/internal/JdbcResourceLocalTransactionCoordinatorImpl$TransactionDriverControlImpl
instanceKlass org/hibernate/resource/transaction/spi/TransactionCoordinator$TransactionDriver
instanceKlass org/hibernate/engine/transaction/internal/TransactionImpl
instanceKlass org/hibernate/engine/transaction/spi/TransactionImplementor
instanceKlass org/hibernate/Transaction
instanceKlass org/hibernate/internal/ExceptionConverterImpl
instanceKlass org/hibernate/engine/spi/ExceptionConverter
instanceKlass org/springframework/data/jpa/repository/query/AbstractJpaQuery
instanceKlass org/springframework/data/repository/query/RepositoryQuery
instanceKlass org/springframework/data/jpa/repository/query/Procedure
instanceKlass org/springframework/data/jpa/repository/query/EmptyDeclaredQuery
instanceKlass org/springframework/data/jpa/repository/query/DeclaredQuery
instanceKlass org/springframework/data/jpa/repository/query/JpaQueryMethod$$Lambda$858
instanceKlass org/springframework/data/jpa/repository/query/JpaQueryMethod$$Lambda$857
instanceKlass org/springframework/data/jpa/repository/query/JpaQueryMethod$$Lambda$856
instanceKlass org/springframework/data/jpa/repository/query/JpaQueryMethod$$Lambda$855
instanceKlass org/springframework/data/jpa/repository/query/JpaQueryMethod$$Lambda$854
instanceKlass org/springframework/data/jpa/repository/query/JpaEntityGraph
instanceKlass org/springframework/data/jpa/repository/query/JpaQueryMethod$$Lambda$853
instanceKlass org/springframework/data/jpa/repository/Modifying
instanceKlass org/springframework/data/jpa/repository/query/JpaQueryMethod$$Lambda$852
instanceKlass org/springframework/data/jpa/repository/QueryHints
instanceKlass org/springframework/data/jpa/repository/query/JpaQueryMethod$$Lambda$851
instanceKlass org/springframework/data/repository/query/QueryMethod$$Lambda$850
instanceKlass org/springframework/data/repository/query/ResultProcessor$ProjectingConverter
instanceKlass org/springframework/data/repository/query/ReturnedType$$Lambda$849
instanceKlass org/springframework/data/repository/query/ReturnedType$CacheKey
instanceKlass org/springframework/data/repository/query/ReturnedType
instanceKlass org/springframework/data/geo/GeoResults
instanceKlass org/springframework/data/repository/query/ResultProcessor
instanceKlass org/springframework/data/repository/query/QueryMethod$$Lambda$848
instanceKlass org/springframework/data/repository/query/QueryMethod$$Lambda$847
instanceKlass org/springframework/data/repository/query/Parameters$$Lambda$846
instanceKlass org/springframework/data/repository/query/Parameters$$Lambda$845
instanceKlass org/springframework/data/jpa/repository/Temporal
instanceKlass org/springframework/data/repository/query/Parameter$$Lambda$844
instanceKlass org/springframework/data/repository/query/Parameter$$Lambda$843
instanceKlass org/springframework/data/repository/query/Parameter
instanceKlass org/springframework/data/repository/util/QueryExecutionConverters$$Lambda$842
instanceKlass org/springframework/data/repository/query/QueryMethod$$Lambda$841
instanceKlass org/springframework/data/repository/query/QueryMethod$$Lambda$840
instanceKlass org/springframework/data/repository/query/Param
instanceKlass org/springframework/data/repository/query/Parameters
instanceKlass org/springframework/data/util/Pair$$Lambda$839
instanceKlass org/springframework/data/util/Pair$$Lambda$838
instanceKlass org/springframework/data/repository/core/support/QueryExecutorMethodInterceptor$$Lambda$837
instanceKlass org/springframework/data/repository/core/support/QueryExecutorMethodInterceptor$$Lambda$836
instanceKlass org/springframework/data/repository/core/support/QueryExecutorMethodInterceptor$$Lambda$835
instanceKlass org/springframework/data/repository/core/support/QueryExecutionResultHandler
instanceKlass org/springframework/data/repository/core/support/QueryExecutorMethodInterceptor
instanceKlass org/springframework/data/jpa/repository/query/JpaQueryLookupStrategy$AbstractQueryLookupStrategy
instanceKlass org/springframework/data/repository/query/QueryLookupStrategy
instanceKlass org/springframework/data/jpa/repository/query/JpaQueryLookupStrategy$1
instanceKlass org/springframework/data/jpa/repository/query/JpaQueryLookupStrategy
instanceKlass org/springframework/data/projection/DefaultMethodInvokingMethodInterceptor$MethodHandleLookup$2$$Lambda$834
instanceKlass org/springframework/data/projection/DefaultMethodInvokingMethodInterceptor
instanceKlass org/springframework/data/repository/core/support/EventPublishingRepositoryProxyPostProcessor$EventPublishingMethod$$Lambda$833
instanceKlass org/springframework/data/util/AnnotationDetectionMethodCallback
instanceKlass org/springframework/data/domain/DomainEvents
instanceKlass org/springframework/data/repository/core/support/EventPublishingRepositoryProxyPostProcessor$EventPublishingMethod
instanceKlass org/springframework/data/repository/core/support/DefaultRepositoryInformation$$Lambda$832
instanceKlass org/springframework/data/repository/core/support/MethodLookups$RepositoryAwareMethodLookup$$Lambda$831
instanceKlass org/springframework/data/repository/core/support/MethodLookups$RepositoryAwareMethodLookup$$Lambda$830
instanceKlass org/springframework/data/repository/core/support/MethodLookups$RepositoryAwareMethodLookup$$Lambda$829
instanceKlass org/springframework/data/jpa/domain/Specification
instanceKlass org/springframework/core/annotation/AnnotationUtils$$Lambda$828
instanceKlass org/springframework/data/jpa/repository/support/CrudMethodMetadataPostProcessor$CrudMethodMetadataPopulatingMethodInterceptor$$Lambda$827
instanceKlass org/springframework/data/jpa/repository/support/CrudMethodMetadataPostProcessor$CrudMethodMetadataPopulatingMethodInterceptor$$Lambda$826
instanceKlass org/springframework/data/jpa/repository/support/CrudMethodMetadataPostProcessor$CrudMethodMetadataPopulatingMethodInterceptor
instanceKlass org/springframework/data/repository/core/support/RepositoryFactorySupport$$Lambda$825
instanceKlass org/springframework/aop/interceptor/ExposeInvocationInterceptor
instanceKlass java/lang/Package$1PackageInfoProxy
instanceKlass org/springframework/lang/NonNullApi
instanceKlass org/springframework/data/util/NullableUtils$$Lambda$824
instanceKlass org/springframework/data/util/NullableUtils$$Lambda$823
instanceKlass org/springframework/data/util/NullableUtils$$Lambda$822
instanceKlass org/springframework/data/util/NullableUtils
instanceKlass org/springframework/data/repository/core/support/MethodInvocationValidator
instanceKlass org/springframework/aop/target/SingletonTargetSource
instanceKlass org/springframework/data/jpa/repository/support/CrudMethodMetadataPostProcessor$ThreadBoundTargetSource
instanceKlass org/springframework/data/jpa/repository/support/CrudMethodMetadata
instanceKlass org/springframework/data/repository/core/support/RepositoryFactorySupport$$Lambda$821
instanceKlass org/springframework/data/repository/core/support/RepositoryFactorySupport$$Lambda$820
instanceKlass org/springframework/data/util/ReflectionUtils$$Lambda$819
instanceKlass org/springframework/data/jpa/repository/support/JpaMetamodelEntityInformation$IdMetadata
instanceKlass org/springframework/data/jpa/repository/query/DefaultJpaEntityMetadata
instanceKlass org/springframework/data/domain/Persistable
instanceKlass org/springframework/data/repository/core/support/AbstractEntityInformation
instanceKlass org/springframework/data/jpa/repository/support/JpaEntityInformation
instanceKlass org/springframework/data/jpa/repository/query/JpaEntityMetadata
instanceKlass org/springframework/data/repository/core/support/RepositoryComposition$RepositoryFragments$$Lambda$818
instanceKlass org/springframework/data/repository/core/support/RepositoryComposition$RepositoryFragments$$Lambda$817
instanceKlass org/springframework/data/repository/core/support/MethodLookups$RepositoryAwareMethodLookup$$Lambda$816
instanceKlass org/springframework/data/repository/core/support/RepositoryComposition$$Lambda$815
instanceKlass org/springframework/data/repository/core/support/RepositoryComposition$$Lambda$814
instanceKlass org/springframework/data/repository/core/support/RepositoryFragment$StructuralRepositoryFragment
instanceKlass org/springframework/data/repository/core/support/DefaultRepositoryInformation
instanceKlass org/springframework/data/jpa/repository/support/SimpleJpaRepository
instanceKlass org/springframework/data/jpa/repository/support/JpaRepositoryImplementation
instanceKlass org/springframework/data/jpa/repository/JpaSpecificationExecutor
instanceKlass org/springframework/data/repository/core/support/RepositoryFactorySupport$$Lambda$813
instanceKlass org/springframework/data/repository/core/support/RepositoryFactorySupport$RepositoryInformationCacheKey
instanceKlass org/springframework/data/repository/core/support/MethodLookup$$Lambda$812
instanceKlass org/springframework/data/repository/core/support/MethodLookups$RepositoryAwareMethodLookup
instanceKlass org/springframework/data/repository/core/support/MethodLookups$$Lambda$811
instanceKlass org/springframework/data/repository/core/support/MethodLookups$$Lambda$810
instanceKlass org/springframework/data/repository/core/support/MethodLookups
instanceKlass org/springframework/data/repository/core/support/RepositoryComposition$$Lambda$809
instanceKlass org/springframework/data/repository/core/support/RepositoryComposition
instanceKlass org/springframework/data/mapping/model/ClassGeneratingPropertyAccessorFactory$$Lambda$808
instanceKlass org/springframework/data/mapping/SimpleAssociationHandler
instanceKlass org/springframework/data/mapping/model/ClassGeneratingPropertyAccessorFactory$$Lambda$807
instanceKlass org/springframework/data/mapping/SimplePropertyHandler
instanceKlass org/springframework/data/mapping/PersistentPropertyAccessor
instanceKlass org/springframework/data/mapping/context/AbstractMappingContext$PersistentPropertyFilter$$Lambda$806
instanceKlass org/springframework/data/util/TypeDiscoverer$$Lambda$805
instanceKlass org/springframework/data/mapping/context/AbstractMappingContext$PersistentPropertyCreator$$Lambda$804
instanceKlass org/springframework/data/mapping/context/AbstractMappingContext$PersistentPropertyCreator$$Lambda$803
instanceKlass org/springframework/data/mapping/context/AbstractMappingContext$PersistentPropertyCreator$$Lambda$802
instanceKlass org/springframework/data/mapping/context/AbstractMappingContext$PersistentPropertyCreator$$Lambda$801
instanceKlass org/springframework/data/mapping/model/AbstractPersistentProperty$$Lambda$800
instanceKlass org/springframework/data/mapping/model/AbstractPersistentProperty$$Lambda$799
instanceKlass org/springframework/data/mapping/model/AbstractPersistentProperty$$Lambda$798
instanceKlass org/springframework/data/mapping/model/AbstractPersistentProperty$$Lambda$797
instanceKlass org/springframework/data/mapping/model/AbstractPersistentProperty$$Lambda$796
instanceKlass org/springframework/data/jpa/util/JpaMetamodel$$Lambda$795
instanceKlass org/springframework/data/jpa/util/JpaMetamodel$$Lambda$794
instanceKlass org/springframework/data/jpa/util/JpaMetamodel$$Lambda$793
instanceKlass org/springframework/data/jpa/util/JpaMetamodel$$Lambda$792
instanceKlass org/springframework/data/jpa/util/JpaMetamodel$$Lambda$791
instanceKlass org/springframework/data/mapping/context/AbstractMappingContext$PersistentPropertyCreator$$Lambda$790
instanceKlass org/springframework/data/jpa/util/JpaMetamodel$$Lambda$789
instanceKlass org/springframework/data/jpa/util/JpaMetamodel$$Lambda$788
instanceKlass org/springframework/data/jpa/mapping/JpaPersistentPropertyImpl$$Lambda$787
instanceKlass org/springframework/data/mapping/model/BasicPersistentEntity$$Lambda$786
instanceKlass org/springframework/data/annotation/Transient
instanceKlass org/springframework/data/jpa/mapping/JpaPersistentPropertyImpl$$Lambda$785
instanceKlass org/springframework/data/jpa/mapping/JpaPersistentPropertyImpl$$Lambda$784
instanceKlass org/springframework/data/jpa/mapping/JpaPersistentPropertyImpl$$Lambda$783
instanceKlass java/lang/invoke/LambdaForm$DMH
instanceKlass org/springframework/data/mapping/model/BasicPersistentEntity$$Lambda$782
instanceKlass org/springframework/data/annotation/AccessType
instanceKlass org/springframework/data/jpa/mapping/JpaPersistentPropertyImpl$$Lambda$781
instanceKlass org/springframework/data/mapping/model/AnnotationBasedPersistentProperty$$Lambda$780
instanceKlass org/springframework/data/mapping/model/AnnotationBasedPersistentProperty$$Lambda$779
instanceKlass org/springframework/data/mapping/model/AnnotationBasedPersistentProperty$$Lambda$778
instanceKlass org/springframework/data/mapping/model/AnnotationBasedPersistentProperty$$Lambda$777
instanceKlass org/springframework/data/util/Optionals$$Lambda$776
instanceKlass org/springframework/data/util/Optionals$$Lambda$775
instanceKlass org/springframework/data/mapping/model/AnnotationBasedPersistentProperty$$Lambda$774
instanceKlass org/springframework/data/util/Optionals$$Lambda$773
instanceKlass org/springframework/data/mapping/model/AnnotationBasedPersistentProperty$$Lambda$772
instanceKlass org/springframework/data/mapping/model/AnnotationBasedPersistentProperty$$Lambda$771
instanceKlass org/springframework/data/mapping/model/AnnotationBasedPersistentProperty$$Lambda$770
instanceKlass org/springframework/data/mapping/model/AnnotationBasedPersistentProperty$$Lambda$769
instanceKlass org/springframework/data/mapping/model/AnnotationBasedPersistentProperty$$Lambda$768
instanceKlass org/springframework/data/mapping/model/AnnotationBasedPersistentProperty$$Lambda$767
instanceKlass org/springframework/data/mapping/model/Property$$Lambda$766
instanceKlass org/springframework/data/mapping/model/Property$$Lambda$765
instanceKlass org/springframework/data/mapping/model/AbstractPersistentProperty$$Lambda$764
instanceKlass org/springframework/data/mapping/model/AbstractPersistentProperty$$Lambda$763
instanceKlass org/springframework/data/mapping/model/AbstractPersistentProperty$$Lambda$762
instanceKlass org/springframework/data/mapping/model/AbstractPersistentProperty$$Lambda$761
instanceKlass org/springframework/data/mapping/Association
instanceKlass org/springframework/data/mapping/model/Property$$Lambda$760
instanceKlass org/springframework/data/mapping/model/Property$$Lambda$759
instanceKlass org/springframework/data/mapping/model/AbstractPersistentProperty
instanceKlass org/springframework/data/mapping/context/AbstractMappingContext$PersistentPropertyCreator$$Lambda$758
instanceKlass org/springframework/data/mapping/model/Property$$Lambda$757
instanceKlass org/springframework/data/util/TypeDiscoverer$$Lambda$756
instanceKlass org/springframework/data/mapping/model/Property$$Lambda$755
instanceKlass org/springframework/data/mapping/model/Property$$Lambda$754
instanceKlass org/springframework/data/mapping/model/Property$$Lambda$753
instanceKlass org/springframework/data/mapping/model/Property$$Lambda$752
instanceKlass org/springframework/data/mapping/model/Property$$Lambda$751
instanceKlass org/springframework/data/mapping/model/Property$$Lambda$750
instanceKlass org/springframework/data/mapping/model/Property$$Lambda$749
instanceKlass org/springframework/data/mapping/model/Property$$Lambda$748
instanceKlass org/springframework/data/mapping/model/Property$$Lambda$747
instanceKlass org/springframework/data/mapping/model/Property$$Lambda$746
instanceKlass org/springframework/data/util/TypeDiscoverer$$Lambda$745
instanceKlass org/springframework/data/util/Optionals$$Lambda$744
instanceKlass org/springframework/data/util/Optionals$$Lambda$743
instanceKlass org/springframework/data/util/Streamable$$Lambda$742
instanceKlass org/springframework/data/mapping/model/Property$$Lambda$741
instanceKlass org/springframework/data/mapping/model/Property$$Lambda$740
instanceKlass org/springframework/data/mapping/model/Property$$Lambda$739
instanceKlass org/springframework/data/mapping/model/Property$$Lambda$738
instanceKlass org/springframework/data/util/Optionals$$Lambda$737
instanceKlass org/springframework/data/util/Optionals
instanceKlass org/springframework/data/mapping/context/AbstractMappingContext$PersistentPropertyCreator$$Lambda$736
instanceKlass org/springframework/data/mapping/context/AbstractMappingContext$PersistentPropertyFilter$$Lambda$735
instanceKlass org/springframework/data/mapping/context/AbstractMappingContext$PersistentPropertyFilter$PropertyMatch
instanceKlass org/springframework/data/mapping/context/AbstractMappingContext$PersistentPropertyCreator
instanceKlass org/springframework/data/mapping/model/BasicPersistentEntity$$Lambda$734
instanceKlass org/springframework/data/mapping/model/BasicPersistentEntity$$Lambda$733
instanceKlass org/springframework/data/mapping/model/BasicPersistentEntity$$Lambda$732
instanceKlass org/springframework/data/support/IsNewStrategy
instanceKlass org/springframework/data/mapping/model/BasicPersistentEntity$$Lambda$731
instanceKlass org/springframework/data/mapping/Alias
instanceKlass org/springframework/util/MultiValueMapAdapter
instanceKlass org/springframework/data/mapping/PreferredConstructor$Parameter
instanceKlass org/springframework/data/mapping/PreferredConstructor
instanceKlass org/springframework/data/annotation/PersistenceConstructor
instanceKlass org/springframework/data/util/KotlinReflectionUtils
instanceKlass org/springframework/data/mapping/model/PreferredConstructorDiscoverer
instanceKlass org/springframework/data/jpa/util/JpaMetamodel$$Lambda$730
instanceKlass org/springframework/data/jpa/util/JpaMetamodel$$Lambda$729
instanceKlass org/springframework/data/jpa/util/JpaMetamodel
instanceKlass org/springframework/data/annotation/Version
instanceKlass org/springframework/data/repository/core/support/RepositoryFactoryBeanSupport$$Lambda$728
instanceKlass org/springframework/data/repository/core/support/RepositoryFactoryBeanSupport$$Lambda$727
instanceKlass org/springframework/data/repository/core/support/RepositoryFactoryBeanSupport$$Lambda$726
instanceKlass org/springframework/data/repository/core/support/RepositoryFactoryBeanSupport$$Lambda$725
instanceKlass org/springframework/data/repository/core/support/RepositoryFactoryBeanSupport$$Lambda$724
instanceKlass org/springframework/data/repository/core/support/RepositoryFactoryBeanSupport$$Lambda$723
instanceKlass org/springframework/data/repository/core/support/EventPublishingRepositoryProxyPostProcessor
instanceKlass org/springframework/data/repository/core/support/RepositoryFactoryBeanSupport$$Lambda$722
instanceKlass org/springframework/data/jpa/repository/support/JpaRepositoryFactory$$Lambda$721
instanceKlass org/springframework/data/jpa/repository/query/DefaultJpaQueryMethodFactory
instanceKlass org/springframework/data/jpa/repository/support/CrudMethodMetadataPostProcessor
instanceKlass org/hibernate/resource/jdbc/internal/ResourceRegistryStandardImpl$$Lambda$720
instanceKlass org/hibernate/resource/jdbc/internal/ResourceRegistryStandardImpl$$Lambda$719
instanceKlass org/hibernate/resource/transaction/backend/jta/internal/JtaTransactionCoordinatorImpl
instanceKlass org/hibernate/resource/transaction/backend/jta/internal/synchronization/SynchronizationCallbackTarget
instanceKlass org/springframework/orm/jpa/ExtendedEntityManagerCreator$ExtendedEntityManagerInvocationHandler
instanceKlass org/springframework/orm/jpa/ExtendedEntityManagerCreator$$Lambda$718
instanceKlass org/springframework/orm/jpa/ExtendedEntityManagerCreator
instanceKlass org/hibernate/jmx/internal/DisabledJmxServiceImpl
instanceKlass org/hibernate/stat/internal/DeprecatedNaturalIdCacheStatisticsImpl
instanceKlass org/hibernate/stat/NaturalIdCacheStatistics
instanceKlass org/hibernate/stat/internal/CacheRegionStatisticsImpl
instanceKlass org/hibernate/stat/SecondLevelCacheStatistics
instanceKlass org/hibernate/stat/CacheRegionStatistics
instanceKlass org/hibernate/stat/internal/QueryStatisticsImpl
instanceKlass org/hibernate/stat/QueryStatistics
instanceKlass org/hibernate/stat/EntityStatistics
instanceKlass org/hibernate/stat/NaturalIdStatistics
instanceKlass org/hibernate/stat/internal/AbstractCacheableDataStatistics
instanceKlass org/hibernate/stat/CollectionStatistics
instanceKlass org/hibernate/stat/CacheableDataStatistics
instanceKlass org/hibernate/stat/internal/StatsNamedContainer
instanceKlass org/hibernate/stat/internal/StatisticsImpl
instanceKlass org/hibernate/action/internal/CollectionAction
instanceKlass org/hibernate/engine/spi/ActionQueue$ListProvider
instanceKlass org/hibernate/action/internal/EntityAction
instanceKlass org/hibernate/action/spi/AfterTransactionCompletionProcess
instanceKlass org/hibernate/action/spi/Executable
instanceKlass org/hibernate/engine/spi/ActionQueue
instanceKlass org/hibernate/engine/internal/EntityEntryContext
instanceKlass org/hibernate/engine/internal/StatefulPersistenceContext$1
instanceKlass org/hibernate/engine/spi/PersistenceContext$NaturalIdHelper
instanceKlass org/hibernate/engine/internal/StatefulPersistenceContext
instanceKlass org/hibernate/engine/spi/PersistenceContext
instanceKlass org/hibernate/resource/transaction/internal/SynchronizationRegistryStandardImpl
instanceKlass org/hibernate/resource/transaction/spi/SynchronizationRegistryImplementor
instanceKlass org/hibernate/resource/transaction/spi/SynchronizationRegistry
instanceKlass org/hibernate/resource/transaction/backend/jdbc/internal/JdbcResourceLocalTransactionCoordinatorImpl
instanceKlass org/hibernate/internal/NonContextualJdbcConnectionAccess
instanceKlass org/hibernate/resource/jdbc/internal/AbstractLogicalConnectionImplementor
instanceKlass org/hibernate/resource/jdbc/spi/PhysicalJdbcTransaction
instanceKlass org/hibernate/resource/transaction/backend/jdbc/spi/JdbcResourceTransaction
instanceKlass org/hibernate/resource/jdbc/spi/LogicalConnectionImplementor
instanceKlass org/hibernate/resource/jdbc/LogicalConnection
instanceKlass org/hibernate/resource/jdbc/internal/ResourceRegistryStandardImpl
instanceKlass org/hibernate/resource/jdbc/ResourceRegistry
instanceKlass org/hibernate/engine/jdbc/internal/JdbcCoordinatorImpl
instanceKlass org/hibernate/engine/jdbc/spi/JdbcCoordinator
instanceKlass org/hibernate/resource/transaction/backend/jdbc/spi/JdbcResourceTransactionAccess
instanceKlass org/hibernate/internal/JdbcObserverImpl
instanceKlass org/hibernate/resource/jdbc/spi/JdbcObserver
instanceKlass org/hibernate/internal/JdbcSessionContextImpl
instanceKlass org/hibernate/resource/jdbc/spi/JdbcSessionContext
instanceKlass org/hibernate/internal/SharedSessionCreationOptions
instanceKlass org/hibernate/internal/AbstractSharedSessionContract$$Lambda$717
instanceKlass java/lang/invoke/LambdaForm$DMH
instanceKlass org/hibernate/internal/CoordinatingEntityNameResolver
instanceKlass org/hibernate/EntityNameResolver
instanceKlass org/hibernate/engine/internal/SessionEventListenerManagerImpl
instanceKlass org/hibernate/engine/spi/SessionEventListenerManager
instanceKlass org/hibernate/EmptyInterceptor
instanceKlass org/hibernate/cache/spi/AbstractCacheTransactionSynchronization
instanceKlass org/hibernate/internal/AbstractSharedSessionContract
instanceKlass org/hibernate/event/spi/EventSource
instanceKlass org/springframework/transaction/support/TransactionSynchronizationUtils$ScopedProxyUnwrapper
instanceKlass org/springframework/core/InfrastructureProxy
instanceKlass org/springframework/transaction/support/TransactionSynchronizationUtils
instanceKlass org/springframework/transaction/support/TransactionSynchronizationManager
instanceKlass org/springframework/orm/jpa/EntityManagerFactoryUtils
instanceKlass org/springframework/data/util/Lazy$$Lambda$716
instanceKlass org/springframework/data/repository/core/support/RepositoryFactorySupport$QueryCollectingQueryCreationListener
instanceKlass org/springframework/data/repository/core/support/QueryCreationListener
instanceKlass org/springframework/data/repository/util/QueryExecutionConverters$IterableToStreamableConverter
instanceKlass org/springframework/scheduling/annotation/AsyncResult
instanceKlass org/springframework/data/repository/util/NullableWrapper
instanceKlass org/springframework/data/util/Streamable$$Lambda$715
instanceKlass org/springframework/data/repository/util/QueryExecutionConverters$AbstractWrapperTypeConverter$$Lambda$714
instanceKlass org/springframework/data/repository/util/QueryExecutionConverters$AbstractWrapperTypeConverter
instanceKlass org/springframework/util/concurrent/ListenableFuture
instanceKlass org/springframework/data/repository/util/QueryExecutionConverters$WrapperType
instanceKlass com/google/common/base/Optional
instanceKlass org/springframework/data/repository/util/QueryExecutionConverters
instanceKlass org/springframework/data/repository/core/support/RepositoryFactorySupport$$Lambda$713
instanceKlass org/springframework/data/repository/core/support/PersistenceExceptionTranslationRepositoryProxyPostProcessor
instanceKlass org/springframework/data/repository/core/support/TransactionalRepositoryProxyPostProcessor
instanceKlass org/springframework/data/spel/ExtensionAwareEvaluationContextProvider$$Lambda$712
instanceKlass org/springframework/data/spel/ExtensionAwareEvaluationContextProvider
instanceKlass org/springframework/data/repository/query/ExtensionAwareQueryMethodEvaluationContextProvider
instanceKlass org/springframework/data/mapping/PersistentPropertyPath
instanceKlass org/springframework/data/mapping/PropertyPath
instanceKlass org/springframework/data/mapping/PersistentPropertyPaths
instanceKlass org/springframework/data/mapping/model/BasicPersistentEntity
instanceKlass org/springframework/data/jpa/mapping/JpaPersistentEntity
instanceKlass org/springframework/data/mapping/model/MutablePersistentEntity
instanceKlass org/springframework/data/mapping/model/Property
instanceKlass org/springframework/data/jpa/mapping/JpaPersistentProperty
instanceKlass org/springframework/data/mapping/context/AbstractMappingContext$$Lambda$711
instanceKlass org/springframework/data/jpa/provider/JpaClassUtils
instanceKlass org/springframework/data/jpa/provider/ProxyIdAccessor
instanceKlass org/springframework/data/jpa/provider/QueryExtractor
instanceKlass org/springframework/data/jpa/mapping/JpaMetamodelMappingContext$Metamodels
instanceKlass org/springframework/data/mapping/model/InstantiationAwarePropertyAccessorFactory
instanceKlass org/springframework/data/mapping/model/ClassGeneratingPropertyAccessorFactory$$Lambda$710
instanceKlass org/springframework/data/mapping/model/ClassGeneratingPropertyAccessorFactory
instanceKlass org/springframework/data/mapping/model/PersistentPropertyAccessorFactory
instanceKlass org/springframework/data/mapping/model/ClassGeneratingEntityInstantiator$ObjectInstantiator
instanceKlass org/springframework/data/mapping/model/ClassGeneratingEntityInstantiator$ObjectInstantiatorClassGenerator
instanceKlass org/springframework/data/mapping/model/ClassGeneratingEntityInstantiator
instanceKlass org/springframework/data/mapping/model/EntityInstantiator
instanceKlass org/springframework/data/mapping/model/EntityInstantiators
instanceKlass org/springframework/data/mapping/context/PersistentPropertyPathFactory$$Lambda$709
instanceKlass org/springframework/data/mapping/PersistentProperty
instanceKlass org/springframework/data/mapping/context/PersistentPropertyPathFactory
instanceKlass org/springframework/data/mapping/model/SimpleTypeHolder$$Lambda$708
instanceKlass org/springframework/data/mapping/model/SimpleTypeHolder
instanceKlass org/springframework/data/spel/EvaluationContextProvider$$Lambda$707
instanceKlass org/springframework/data/spel/EvaluationContextProvider
instanceKlass org/springframework/data/jpa/repository/config/JpaMetamodelMappingContextFactoryBean$$Lambda$706
instanceKlass org/springframework/beans/factory/BeanFactoryUtils$$Lambda$705
instanceKlass javax/persistence/StoredProcedureQuery
instanceKlass javax/persistence/EntityTransaction
instanceKlass org/springframework/orm/jpa/SharedEntityManagerCreator$SharedEntityManagerInvocationHandler
instanceKlass org/springframework/orm/jpa/EntityManagerProxy
instanceKlass java/lang/reflect/WeakCache$LookupValue
instanceKlass org/springframework/data/repository/core/support/MethodLookup$MethodPredicate
instanceKlass org/springframework/data/repository/core/support/MethodLookup
instanceKlass org/springframework/data/repository/core/support/MethodLookup$InvokedMethod
instanceKlass org/springframework/data/repository/core/support/RepositoryFragmentsFactoryBean$$Lambda$704
instanceKlass org/springframework/data/repository/core/support/RepositoryFragment
instanceKlass org/springframework/beans/factory/support/DefaultSingletonBeanRegistry$$Lambda$703
instanceKlass org/springframework/data/querydsl/SimpleEntityPathResolver
instanceKlass org/springframework/data/jpa/repository/support/JpaRepositoryFactoryBean$$Lambda$702
instanceKlass org/springframework/data/repository/core/support/RepositoryProxyPostProcessor
instanceKlass org/springframework/data/repository/query/QueryMethod
instanceKlass com/hospital/doctor/dto/DoctorSummaryDTO
instanceKlass com/hospital/doctor/dto/DoctorSearchDTO
instanceKlass com/hospital/doctor/dto/DoctorDTO
instanceKlass com/hospital/doctor/dto/DoctorRegistrationDTO
instanceKlass org/springframework/http/HttpEntity
instanceKlass feign/RequestTemplate
instanceKlass org/springframework/objenesis/instantiator/sun/SunReflectionFactoryHelper
instanceKlass org/springframework/objenesis/instantiator/sun/SunReflectionFactoryInstantiator
instanceKlass org/springframework/objenesis/instantiator/ObjectInstantiator
instanceKlass org/springframework/objenesis/strategy/PlatformDescription
instanceKlass org/springframework/cglib/proxy/Enhancer$4
instanceKlass org/springframework/cglib/proxy/Enhancer$3
instanceKlass org/springframework/cglib/proxy/Enhancer$5
instanceKlass org/springframework/aop/ThrowsAdvice
instanceKlass org/springframework/aop/AfterReturningAdvice
instanceKlass org/springframework/aop/AfterAdvice
instanceKlass org/springframework/aop/MethodBeforeAdvice
instanceKlass org/springframework/aop/BeforeAdvice
instanceKlass org/springframework/aop/framework/AdvisedSupport$MethodCacheKey
instanceKlass org/springframework/cloud/netflix/eureka/serviceregistry/EurekaRegistration$1
instanceKlass org/springframework/aop/framework/CglibAopProxy$ProxyCallbackFilter
instanceKlass org/springframework/aop/framework/CglibAopProxy$HashCodeInterceptor
instanceKlass org/springframework/aop/framework/CglibAopProxy$EqualsInterceptor
instanceKlass org/springframework/aop/framework/CglibAopProxy$SerializableNoOp
instanceKlass org/springframework/aop/framework/CglibAopProxy$DynamicUnadvisedInterceptor
instanceKlass org/springframework/aop/framework/CglibAopProxy$DynamicAdvisedInterceptor
instanceKlass org/springframework/cloud/netflix/eureka/serviceregistry/EurekaRegistration$Builder
instanceKlass org/springframework/aop/framework/CglibAopProxy$AdvisedDispatcher
instanceKlass org/springframework/aop/framework/CglibAopProxy
instanceKlass org/springframework/aop/support/DefaultIntroductionAdvisor
instanceKlass org/springframework/aop/support/IntroductionInfoSupport
instanceKlass org/springframework/aop/IntroductionInterceptor
instanceKlass org/springframework/aop/DynamicIntroductionAdvice
instanceKlass org/springframework/aop/scope/DefaultScopedObject
instanceKlass org/springframework/aop/target/AbstractBeanFactoryBasedTargetSource
instanceKlass org/springframework/boot/devtools/livereload/Connection
instanceKlass java/net/ServerSocket
instanceKlass java/util/concurrent/SynchronousQueue$TransferStack$SNode
instanceKlass org/springframework/boot/devtools/livereload/LiveReloadServer$WorkerThreadFactory
instanceKlass org/springframework/boot/devtools/restart/Restarter$LeakSafeThreadFactory
instanceKlass org/springframework/boot/devtools/autoconfigure/RemoteDevToolsProperties$Proxy
instanceKlass org/springframework/boot/devtools/autoconfigure/RemoteDevToolsProperties$Restart
instanceKlass org/springframework/beans/factory/support/AbstractBeanFactory$$Lambda$701
instanceKlass org/springframework/boot/autoconfigure/orm/jpa/DataSourceInitializedPublisher$$Lambda$700
instanceKlass org/springframework/orm/jpa/AbstractEntityManagerFactoryBean$ManagedEntityManagerFactoryInvocationHandler
instanceKlass org/hibernate/annotations/common/reflection/XPackage
instanceKlass org/hibernate/cfg/annotations/HCANNHelper
instanceKlass org/hibernate/internal/SessionFactoryRegistry$1
instanceKlass org/hibernate/internal/SessionFactoryRegistry
instanceKlass org/hibernate/jpa/internal/util/ConfigurationHelper
instanceKlass org/hibernate/jpa/internal/util/LockOptionsHelper
instanceKlass org/hibernate/internal/FastSessionServices$$Lambda$699
instanceKlass org/hibernate/internal/ConnectionObserverStatsBridge
instanceKlass org/hibernate/engine/jdbc/spi/ConnectionObserver
instanceKlass org/hibernate/jpa/internal/util/CacheModeHelper$1
instanceKlass org/hibernate/jpa/internal/util/CacheModeHelper
instanceKlass org/hibernate/internal/FastSessionServices
instanceKlass org/hibernate/internal/SessionFactoryImpl$StatelessSessionBuilderImpl
instanceKlass org/hibernate/StatelessSessionBuilder
instanceKlass org/hibernate/internal/SessionFactoryImpl$SessionBuilderImpl
instanceKlass org/hibernate/internal/SessionCreationOptions
instanceKlass org/hibernate/engine/spi/SessionBuilderImplementor
instanceKlass javax/transaction/UserTransaction
instanceKlass javax/transaction/Synchronization
instanceKlass com/mysql/cj/jdbc/exceptions/SQLError
instanceKlass com/mysql/cj/jdbc/exceptions/SQLExceptionsMapping
instanceKlass com/mysql/cj/exceptions/ExceptionFactory
instanceKlass com/mysql/cj/exceptions/MysqlErrorNumbers
instanceKlass org/hibernate/mapping/Constraint$ColumnComparator
instanceKlass com/zaxxer/hikari/pool/ProxyStatement
instanceKlass org/apache/logging/log4j/message/SimpleMessage
instanceKlass org/hibernate/tool/schema/extract/internal/ColumnInformationImpl
instanceKlass org/hibernate/tool/schema/extract/spi/ColumnInformation
instanceKlass com/mysql/cj/jdbc/DatabaseMetaDataUsingInfoSchema$1
instanceKlass org/hibernate/tool/schema/extract/internal/TableInformationImpl
instanceKlass org/hibernate/tool/schema/extract/spi/TableInformation
instanceKlass com/mysql/cj/ClientPreparedQueryBindValue
instanceKlass com/mysql/cj/BindValue
instanceKlass com/mysql/cj/AbstractQueryBindings
instanceKlass com/mysql/cj/QueryBindings
instanceKlass com/mysql/cj/ParseInfo
instanceKlass com/mysql/cj/PreparedQuery
instanceKlass com/mysql/cj/jdbc/JdbcPreparedStatement
instanceKlass com/mysql/cj/jdbc/EscapeProcessor
instanceKlass org/hibernate/engine/jdbc/env/internal/NormalizingIdentifierHelperImpl$1
instanceKlass org/hibernate/tool/schema/extract/spi/NameSpaceTablesInformation
instanceKlass org/hibernate/engine/jdbc/internal/FormatStyle$NoFormatImpl
instanceKlass org/hibernate/engine/jdbc/internal/HighlightingFormatter
instanceKlass org/hibernate/engine/jdbc/internal/DDLFormatterImpl
instanceKlass org/hibernate/engine/jdbc/internal/BasicFormatterImpl
instanceKlass org/hibernate/engine/jdbc/internal/Formatter
instanceKlass org/hibernate/tool/schema/internal/exec/GenerationTargetToDatabase
instanceKlass org/hibernate/tool/schema/extract/internal/InformationExtractorJdbcDatabaseMetaDataImpl
instanceKlass org/hibernate/tool/schema/extract/spi/InformationExtractor
instanceKlass org/hibernate/tool/schema/internal/exec/ImprovedExtractionContextImpl
instanceKlass org/hibernate/tool/schema/extract/internal/DatabaseInformationImpl
instanceKlass org/hibernate/tool/schema/extract/spi/ExtractionContext$DatabaseObjectAccess
instanceKlass org/hibernate/tool/schema/extract/spi/DatabaseInformation
instanceKlass org/hibernate/tool/schema/internal/Helper
instanceKlass org/hibernate/resource/transaction/backend/jdbc/internal/DdlTransactionIsolatorNonJtaImpl
instanceKlass org/hibernate/resource/transaction/spi/TransactionCoordinator
instanceKlass org/hibernate/resource/transaction/spi/TransactionCoordinatorOwner
instanceKlass org/hibernate/tool/schema/internal/exec/JdbcConnectionAccessProvidedConnectionImpl
instanceKlass org/hibernate/tool/schema/internal/HibernateSchemaManagementTool$JdbcContextImpl
instanceKlass org/hibernate/tool/schema/internal/HibernateSchemaManagementTool$JdbcContextBuilder
instanceKlass org/hibernate/tool/schema/internal/DefaultSchemaFilter
instanceKlass org/hibernate/tool/schema/spi/SchemaFilter
instanceKlass org/hibernate/tool/schema/internal/DefaultSchemaFilterProvider
instanceKlass org/hibernate/tool/schema/spi/SchemaFilterProvider
instanceKlass org/hibernate/tool/schema/internal/AbstractSchemaMigrator
instanceKlass org/hibernate/tool/schema/spi/SchemaManagementToolCoordinator$2
instanceKlass org/hibernate/tool/schema/spi/JpaTargetAndSourceDescriptor
instanceKlass org/hibernate/tool/schema/spi/TargetDescriptor
instanceKlass org/hibernate/tool/schema/spi/SourceDescriptor
instanceKlass org/hibernate/tool/schema/spi/SchemaManagementToolCoordinator$MigrateSettingSelector
instanceKlass org/hibernate/tool/schema/spi/SchemaManagementToolCoordinator$SettingSelector
instanceKlass org/hibernate/tool/schema/spi/SchemaManagementToolCoordinator$4
instanceKlass org/hibernate/tool/schema/spi/SchemaManagementToolCoordinator$1
instanceKlass org/hibernate/tool/schema/spi/ExecutionOptions
instanceKlass org/hibernate/tool/schema/internal/ExceptionHandlerLoggedImpl
instanceKlass org/hibernate/tool/schema/spi/ExceptionHandler
instanceKlass org/hibernate/resource/transaction/spi/DdlTransactionIsolator
instanceKlass org/hibernate/tool/schema/internal/exec/JdbcContext
instanceKlass org/hibernate/tool/schema/spi/SchemaCreator
instanceKlass org/hibernate/tool/schema/spi/SchemaDropper
instanceKlass org/hibernate/tool/schema/internal/exec/GenerationTarget
instanceKlass org/hibernate/tool/schema/spi/SchemaMigrator
instanceKlass org/hibernate/tool/schema/spi/SchemaValidator
instanceKlass org/hibernate/tool/schema/internal/HibernateSchemaManagementTool
instanceKlass org/hibernate/tool/schema/spi/SchemaManagementToolCoordinator$ActionGrouping
instanceKlass org/hibernate/tool/schema/spi/SchemaManagementToolCoordinator
instanceKlass org/hibernate/internal/SessionFactoryImpl$$Lambda$698
instanceKlass org/hibernate/tool/schema/spi/DelayedDropRegistry
instanceKlass org/hibernate/tool/schema/spi/DelayedDropAction
instanceKlass org/hibernate/hql/spi/id/IdTableHelper
instanceKlass org/hibernate/query/spi/NamedQueryRepository
instanceKlass org/hibernate/metamodel/model/domain/spi/ListPersistentAttribute
instanceKlass org/hibernate/metamodel/model/domain/spi/PluralPersistentAttribute
instanceKlass javax/persistence/metamodel/ListAttribute
instanceKlass javax/persistence/metamodel/PluralAttribute
instanceKlass org/hibernate/metamodel/model/domain/internal/PluralAttributeBuilder
instanceKlass org/hibernate/metamodel/internal/AttributeFactory$PluralAttributeMetadataImpl$1
instanceKlass org/hibernate/metamodel/internal/AttributeFactory$PluralAttributeMetadata
instanceKlass org/hibernate/metamodel/model/domain/internal/AbstractManagedType$1
instanceKlass org/hibernate/metamodel/model/domain/internal/SingularAttributeImpl$DelayedKeyTypeAccess
instanceKlass org/hibernate/metamodel/model/domain/internal/BasicTypeImpl
instanceKlass org/hibernate/metamodel/model/domain/spi/BasicTypeDescriptor
instanceKlass org/hibernate/metamodel/model/domain/BasicDomainType
instanceKlass javax/persistence/metamodel/BasicType
instanceKlass org/hibernate/metamodel/internal/AttributeFactory$7
instanceKlass org/hibernate/metamodel/model/domain/internal/AbstractAttribute
instanceKlass org/hibernate/metamodel/model/domain/spi/SingularPersistentAttribute
instanceKlass org/hibernate/metamodel/model/domain/spi/PersistentAttributeDescriptor
instanceKlass org/hibernate/metamodel/model/domain/PersistentAttribute
instanceKlass javax/persistence/metamodel/SingularAttribute
instanceKlass javax/persistence/metamodel/Attribute
instanceKlass org/hibernate/metamodel/internal/AttributeFactory$SingularAttributeMetadataImpl$1
instanceKlass org/hibernate/metamodel/internal/AttributeFactory$ValueContext
instanceKlass org/hibernate/metamodel/internal/AttributeFactory$BaseAttributeMetadata
instanceKlass org/hibernate/metamodel/internal/AttributeFactory$SingularAttributeMetadata
instanceKlass org/hibernate/metamodel/internal/AttributeFactory$AttributeMetadata
instanceKlass org/hibernate/property/access/internal/PropertyAccessMapImpl$GetterImpl
instanceKlass org/hibernate/metamodel/internal/AttributeFactory$1
instanceKlass org/hibernate/metamodel/internal/AttributeFactory$AttributeContext
instanceKlass org/hibernate/metamodel/model/domain/internal/AbstractManagedType$InFlightAccessImpl
instanceKlass org/hibernate/metamodel/model/domain/internal/AbstractIdentifiableType$InFlightAccessImpl
instanceKlass org/hibernate/metamodel/model/domain/spi/IdentifiableTypeDescriptor$InFlightAccess
instanceKlass org/hibernate/metamodel/model/domain/spi/ManagedTypeDescriptor$InFlightAccess
instanceKlass org/hibernate/metamodel/model/domain/internal/AbstractType
instanceKlass org/hibernate/metamodel/model/domain/spi/EntityTypeDescriptor
instanceKlass org/hibernate/metamodel/model/domain/spi/IdentifiableTypeDescriptor
instanceKlass org/hibernate/metamodel/model/domain/spi/ManagedTypeDescriptor
instanceKlass org/hibernate/metamodel/model/domain/spi/SimpleTypeDescriptor
instanceKlass org/hibernate/metamodel/model/domain/spi/DomainTypeDescriptor
instanceKlass org/hibernate/metamodel/model/domain/EntityDomainType
instanceKlass javax/persistence/metamodel/EntityType
instanceKlass javax/persistence/metamodel/Bindable
instanceKlass org/hibernate/metamodel/model/domain/IdentifiableDomainType
instanceKlass javax/persistence/metamodel/IdentifiableType
instanceKlass org/hibernate/metamodel/model/domain/ManagedDomainType
instanceKlass javax/persistence/metamodel/ManagedType
instanceKlass org/hibernate/metamodel/model/domain/SimpleDomainType
instanceKlass org/hibernate/metamodel/model/domain/DomainType
instanceKlass javax/persistence/metamodel/Type
instanceKlass org/hibernate/metamodel/internal/AttributeFactory$6
instanceKlass org/hibernate/metamodel/internal/AttributeFactory$5
instanceKlass org/hibernate/metamodel/internal/AttributeFactory$4
instanceKlass org/hibernate/metamodel/internal/AttributeFactory$3
instanceKlass org/hibernate/metamodel/internal/AttributeFactory$2
instanceKlass org/hibernate/metamodel/internal/AttributeFactory$MemberResolver
instanceKlass org/hibernate/metamodel/internal/AttributeFactory
instanceKlass org/hibernate/metamodel/internal/MetadataContext
instanceKlass org/hibernate/loader/plan/spi/CompositeQuerySpace
instanceKlass org/hibernate/loader/plan/exec/process/internal/CollectionReferenceInitializerImpl
instanceKlass org/hibernate/loader/plan/exec/process/spi/CollectionReferenceInitializer
instanceKlass org/hibernate/loader/plan/exec/process/internal/CollectionReturnReader
instanceKlass org/hibernate/loader/GeneratedCollectionAliases
instanceKlass org/hibernate/loader/CollectionAliases
instanceKlass org/hibernate/loader/plan/exec/internal/CollectionReferenceAliasesImpl
instanceKlass org/hibernate/loader/plan/exec/spi/CollectionReferenceAliases
instanceKlass org/hibernate/persister/collection/AbstractCollectionPersister$2
instanceKlass org/hibernate/persister/walking/spi/CollectionElementDefinition
instanceKlass org/hibernate/loader/plan/build/internal/spaces/JoinImpl
instanceKlass org/hibernate/loader/plan/spi/JoinDefinedByMetadata
instanceKlass org/hibernate/loader/plan/spi/Join
instanceKlass org/hibernate/loader/plan/build/internal/spaces/JoinHelper
instanceKlass org/hibernate/loader/plan/spi/CollectionReturn
instanceKlass org/hibernate/loader/collection/plan/CollectionLoader$Builder
instanceKlass org/hibernate/loader/collection/CollectionInitializer
instanceKlass org/hibernate/loader/collection/BatchingCollectionInitializerBuilder$1
instanceKlass org/hibernate/loader/collection/BatchingCollectionInitializerBuilder
instanceKlass org/hibernate/metamodel/internal/MetamodelImpl$$Lambda$697
instanceKlass org/hibernate/loader/plan/spi/CollectionFetchableElement
instanceKlass org/hibernate/loader/plan/build/internal/returns/AbstractCollectionReference
instanceKlass org/hibernate/loader/plan/spi/CollectionAttributeFetch
instanceKlass org/hibernate/loader/plan/spi/CollectionReference
instanceKlass org/hibernate/loader/plan/build/spi/ExpandingCollectionQuerySpace
instanceKlass org/hibernate/loader/plan/spi/CollectionQuerySpace
instanceKlass org/hibernate/loader/plan/exec/process/internal/AbstractRowReader
instanceKlass org/hibernate/loader/plan/exec/process/spi/RowReader
instanceKlass org/hibernate/loader/plan/exec/process/internal/ResultSetProcessorImpl
instanceKlass org/hibernate/loader/plan/build/spi/LoadPlanTreePrinter
instanceKlass org/hibernate/loader/plan/exec/internal/LoadQueryJoinAndFetchProcessor$FetchStatsImpl
instanceKlass org/hibernate/loader/plan/exec/internal/FetchStats
instanceKlass org/hibernate/sql/JoinFragment
instanceKlass org/hibernate/internal/DynamicFilterAliasGenerator
instanceKlass org/hibernate/internal/FilterAliasGenerator
instanceKlass org/hibernate/sql/InFragment
instanceKlass org/hibernate/loader/plan/exec/query/internal/SelectStatementBuilder
instanceKlass org/hibernate/loader/plan/exec/process/internal/EntityReferenceInitializerImpl
instanceKlass org/hibernate/loader/plan/exec/process/spi/EntityReferenceInitializer
instanceKlass org/hibernate/loader/plan/exec/process/internal/EntityReturnReader
instanceKlass org/hibernate/loader/plan/exec/process/spi/ReturnReader
instanceKlass org/hibernate/loader/plan/exec/internal/AbstractLoadQueryDetails$ReaderCollectorImpl
instanceKlass org/hibernate/loader/DefaultEntityAliases
instanceKlass org/hibernate/loader/EntityAliases
instanceKlass org/hibernate/loader/plan/exec/internal/EntityReferenceAliasesImpl
instanceKlass org/hibernate/loader/plan/exec/spi/EntityReferenceAliases
instanceKlass org/hibernate/loader/plan/exec/internal/LoadQueryJoinAndFetchProcessor
instanceKlass org/hibernate/loader/plan/exec/internal/AbstractLoadQueryDetails
instanceKlass org/hibernate/loader/plan/exec/spi/LoadQueryDetails
instanceKlass org/hibernate/loader/plan/exec/internal/AliasResolutionContextImpl
instanceKlass org/hibernate/loader/plan/exec/internal/RootHelper
instanceKlass org/hibernate/loader/plan/exec/internal/BatchingLoadQueryDetailsFactory
instanceKlass org/hibernate/loader/plan/build/internal/LoadPlanImpl
instanceKlass org/hibernate/loader/plan/spi/EntityFetch
instanceKlass org/hibernate/loader/plan/spi/AttributeFetch
instanceKlass org/hibernate/loader/plan/build/internal/spaces/QuerySpaceHelper
instanceKlass org/hibernate/persister/walking/internal/FetchStrategyHelper$1
instanceKlass org/hibernate/engine/FetchStrategy
instanceKlass org/hibernate/persister/walking/internal/FetchStrategyHelper
instanceKlass org/hibernate/engine/internal/JoinHelper
instanceKlass org/hibernate/persister/walking/spi/CompositionDefinition
instanceKlass org/hibernate/loader/plan/build/spi/ExpandingEntityIdentifierDescription
instanceKlass org/hibernate/persister/walking/spi/AssociationKey
instanceKlass org/hibernate/loader/plan/build/internal/returns/SimpleEntityIdentifierDescriptionImpl
instanceKlass org/hibernate/loader/plan/spi/EntityIdentifierDescription
instanceKlass org/hibernate/loader/plan/build/internal/spaces/AbstractQuerySpace
instanceKlass org/hibernate/loader/plan/build/spi/ExpandingEntityQuerySpace
instanceKlass org/hibernate/loader/plan/build/spi/ExpandingQuerySpace
instanceKlass org/hibernate/loader/plan/spi/EntityQuerySpace
instanceKlass org/hibernate/loader/plan/spi/QuerySpace
instanceKlass org/hibernate/loader/plan/spi/BidirectionalEntityReference
instanceKlass org/hibernate/loader/plan/spi/Fetch
instanceKlass org/hibernate/loader/plan/build/internal/returns/AbstractExpandingFetchSource
instanceKlass org/hibernate/loader/plan/build/spi/ExpandingFetchSource
instanceKlass org/hibernate/loader/plan/spi/EntityReturn
instanceKlass org/hibernate/loader/plan/spi/Return
instanceKlass org/hibernate/loader/plan/spi/EntityReference
instanceKlass org/hibernate/loader/plan/spi/FetchSource
instanceKlass org/apache/logging/log4j/spi/DefaultThreadContextStack
instanceKlass org/apache/logging/log4j/spi/DefaultThreadContextMap
instanceKlass org/apache/logging/log4j/spi/GarbageFreeSortedArrayThreadContextMap
instanceKlass java/io/ObjectInputValidation
instanceKlass java/io/ObjectInputStream$GetField
instanceKlass org/apache/logging/log4j/util/SortedArrayStringMap$1
instanceKlass org/apache/logging/log4j/util/TriConsumer
instanceKlass org/apache/logging/log4j/util/SortedArrayStringMap
instanceKlass org/apache/logging/log4j/util/IndexedStringMap
instanceKlass org/apache/logging/log4j/util/StringMap
instanceKlass org/apache/logging/log4j/util/IndexedReadOnlyStringMap
instanceKlass org/apache/logging/log4j/util/ReadOnlyStringMap
instanceKlass org/apache/logging/log4j/spi/CopyOnWriteSortedArrayThreadContextMap
instanceKlass org/apache/logging/log4j/spi/CopyOnWrite
instanceKlass org/apache/logging/log4j/spi/ObjectThreadContextMap
instanceKlass org/apache/logging/log4j/spi/ReadOnlyThreadContextMap
instanceKlass org/apache/logging/log4j/spi/ThreadContextMapFactory
instanceKlass org/apache/logging/log4j/ThreadContext$EmptyIterator
instanceKlass org/apache/logging/log4j/spi/ThreadContextStack
instanceKlass org/apache/logging/log4j/ThreadContext$ContextStack
instanceKlass org/apache/logging/log4j/ThreadContext
instanceKlass org/jboss/logging/MDC
instanceKlass org/hibernate/persister/walking/spi/MetamodelGraphWalker
instanceKlass org/hibernate/loader/plan/build/spi/MetamodelDrivenLoadPlanBuilder
instanceKlass org/hibernate/loader/plan/build/internal/spaces/QuerySpacesImpl
instanceKlass org/hibernate/loader/plan/build/spi/ExpandingQuerySpaces
instanceKlass org/hibernate/loader/plan/spi/QuerySpaces
instanceKlass org/hibernate/loader/PropertyPath
instanceKlass org/hibernate/loader/plan/build/internal/AbstractLoadPlanBuildingAssociationVisitationStrategy$PropertyPathStack
instanceKlass org/hibernate/loader/plan/build/internal/AbstractLoadPlanBuildingAssociationVisitationStrategy
instanceKlass org/hibernate/loader/plan/build/spi/LoadPlanBuildingContext
instanceKlass org/hibernate/loader/plan/build/spi/LoadPlanBuildingAssociationVisitationStrategy
instanceKlass org/hibernate/persister/walking/spi/AssociationVisitationStrategy
instanceKlass org/hibernate/loader/plan/exec/process/spi/ResultSetProcessorResolver$$Lambda$696
instanceKlass java/lang/invoke/LambdaForm$DMH
instanceKlass java/lang/invoke/LambdaForm$DMH
instanceKlass org/hibernate/loader/plan/exec/process/spi/ResultSetProcessor
instanceKlass org/hibernate/loader/plan/exec/process/spi/ReaderCollector
instanceKlass org/hibernate/loader/plan/exec/spi/AliasResolutionContext
instanceKlass org/hibernate/loader/plan/spi/LoadPlan
instanceKlass org/hibernate/loader/plan/exec/process/spi/ResultSetProcessorResolver
instanceKlass org/hibernate/loader/plan/exec/query/internal/QueryBuildingParametersImpl
instanceKlass org/hibernate/loader/plan/exec/query/spi/QueryBuildingParameters
instanceKlass org/hibernate/loader/entity/plan/EntityLoader$Builder
instanceKlass org/hibernate/loader/plan/exec/internal/AbstractLoadPlanBasedLoader
instanceKlass org/hibernate/loader/entity/BatchingEntityLoaderBuilder$1
instanceKlass org/hibernate/loader/entity/BatchingEntityLoaderBuilder
instanceKlass org/hibernate/engine/spi/EffectiveEntityGraph
instanceKlass org/hibernate/graph/spi/AppliedGraph
instanceKlass org/hibernate/engine/spi/LoadQueryInfluencers
instanceKlass org/hibernate/persister/entity/AbstractEntityPersister$3
instanceKlass org/hibernate/persister/entity/AbstractEntityPersister$$Lambda$695
instanceKlass org/hibernate/loader/entity/UniqueEntityLoader
instanceKlass org/hibernate/id/insert/AbstractReturningDelegate
instanceKlass org/hibernate/id/insert/InsertGeneratedIdentifierDelegate
instanceKlass org/hibernate/dialect/identity/IdentityColumnSupportImpl
instanceKlass org/hibernate/dialect/identity/IdentityColumnSupport
instanceKlass org/hibernate/sql/SelectFragment
instanceKlass org/hibernate/persister/entity/AbstractEntityPersister$$Lambda$694
instanceKlass org/hibernate/persister/entity/AbstractEntityPersister$InclusionChecker
instanceKlass java/lang/invoke/LambdaForm$DMH
instanceKlass org/hibernate/sql/Select
instanceKlass org/hibernate/sql/Delete
instanceKlass org/hibernate/sql/Insert
instanceKlass org/hibernate/metamodel/internal/MetamodelImpl$$Lambda$693
instanceKlass java/lang/invoke/LambdaForm$DMH
instanceKlass org/hibernate/dialect/Dialect$6
instanceKlass org/hibernate/sql/ForUpdateFragment
instanceKlass org/hibernate/sql/SimpleSelect
instanceKlass org/hibernate/sql/Update
instanceKlass org/hibernate/cache/spi/entry/UnstructuredCacheEntry
instanceKlass org/hibernate/cache/spi/entry/CacheEntryStructure
instanceKlass org/hibernate/persister/collection/AbstractCollectionPersister
instanceKlass org/hibernate/persister/collection/SQLLoadableCollection
instanceKlass org/hibernate/persister/collection/QueryableCollection
instanceKlass org/hibernate/metadata/CollectionMetadata
instanceKlass org/hibernate/persister/walking/internal/EntityIdentifierDefinitionHelper$AttributeDefinitionAdapter
instanceKlass org/hibernate/persister/walking/internal/EntityIdentifierDefinitionHelper$1
instanceKlass org/hibernate/persister/walking/spi/EncapsulatedEntityIdentifierDefinition
instanceKlass org/hibernate/persister/walking/spi/EntityIdentifierDefinition
instanceKlass org/hibernate/persister/walking/internal/EntityIdentifierDefinitionHelper
instanceKlass org/hibernate/boot/model/relational/QualifiedNameParser$NameParts
instanceKlass org/hibernate/boot/model/relational/QualifiedName
instanceKlass org/hibernate/persister/entity/AbstractEntityPersister$NoopCacheEntryHelper
instanceKlass org/hibernate/persister/entity/AbstractEntityPersister$CacheEntryHelper
instanceKlass org/hibernate/internal/FilterHelper
instanceKlass org/hibernate/loader/internal/AliasConstantsHelper
instanceKlass org/hibernate/persister/entity/AbstractPropertyMapping
instanceKlass org/hibernate/engine/internal/MutableEntityEntryFactory
instanceKlass org/hibernate/engine/spi/EntityEntryFactory
instanceKlass org/hibernate/classic/Lifecycle
instanceKlass net/bytebuddy/dynamic/loading/ClassInjector$UsingUnsafe$Dispatcher$Enabled
instanceKlass net/bytebuddy/dynamic/loading/ClassInjector$UsingUnsafe$Dispatcher$Initializable
instanceKlass net/bytebuddy/dynamic/loading/ClassInjector$UsingUnsafe$Dispatcher
instanceKlass net/bytebuddy/dynamic/DynamicType$Loaded
instanceKlass net/bytebuddy/dynamic/loading/ClassLoadingStrategy$ForUnsafeInjection
instanceKlass net/bytebuddy/dynamic/loading/ClassInjector$UsingLookup$Dispatcher$ForJava9CapableVm
instanceKlass net/bytebuddy/dynamic/loading/ClassInjector$UsingLookup$Dispatcher
instanceKlass net/bytebuddy/dynamic/loading/ClassLoadingStrategy
instanceKlass net/bytebuddy/dynamic/loading/ClassInjector$AbstractBase
instanceKlass net/bytebuddy/dynamic/loading/ClassInjector
instanceKlass org/hibernate/bytecode/spi/ClassLoadingStrategyHelper
instanceKlass java/nio/file/FileVisitor
instanceKlass java/nio/file/FileStore
instanceKlass java/nio/file/attribute/FileAttributeView
instanceKlass java/nio/file/attribute/AttributeView
instanceKlass java/nio/file/attribute/UserPrincipal
instanceKlass java/io/FilenameFilter
instanceKlass net/bytebuddy/dynamic/DynamicType$Default$Dispatcher$ForJava7CapableVm
instanceKlass net/bytebuddy/dynamic/DynamicType$Default$Dispatcher
instanceKlass java/nio/file/CopyOption
instanceKlass net/bytebuddy/dynamic/DynamicType$Default
instanceKlass net/bytebuddy/dynamic/DynamicType$Unloaded
instanceKlass net/bytebuddy/dynamic/DynamicType
instanceKlass net/bytebuddy/jar/asm/Handler
instanceKlass net/bytebuddy/jar/asm/AnnotationVisitor
instanceKlass net/bytebuddy/jar/asm/Attribute
instanceKlass net/bytebuddy/dynamic/scaffold/TypeWriter$Default$UnresolvedType
instanceKlass net/bytebuddy/implementation/bytecode/constant/TextConstant
instanceKlass net/bytebuddy/implementation/bytecode/constant/ClassConstant$ForReferenceType
instanceKlass net/bytebuddy/dynamic/scaffold/TypeWriter$MethodPool$Record$ForNonImplementedMethod
instanceKlass net/bytebuddy/implementation/bytecode/ByteCodeAppender$Compound
instanceKlass net/bytebuddy/dynamic/scaffold/TypeInitializer$Simple
instanceKlass net/bytebuddy/implementation/bytecode/ByteCodeAppender$Simple
instanceKlass net/bytebuddy/dynamic/scaffold/TypeInitializer$Drain$Default
instanceKlass net/bytebuddy/dynamic/scaffold/TypeInitializer$Drain
instanceKlass net/bytebuddy/implementation/bytecode/member/MethodVariableAccess$MethodLoading$TypeCastingHandler
instanceKlass net/bytebuddy/implementation/bytecode/member/MethodVariableAccess$MethodLoading
instanceKlass net/bytebuddy/implementation/Implementation$SpecialMethodInvocation$AbstractBase
instanceKlass net/bytebuddy/implementation/Implementation$SpecialMethodInvocation
instanceKlass net/bytebuddy/description/method/MethodDescription$SignatureToken
instanceKlass net/bytebuddy/implementation/bytecode/Removal$2
instanceKlass net/bytebuddy/implementation/bytecode/assign/primitive/PrimitiveBoxingDelegate$BoxingStackManipulation
instanceKlass net/bytebuddy/implementation/bytecode/assign/TypeCasting
instanceKlass net/bytebuddy/implementation/bytecode/assign/primitive/PrimitiveUnboxingDelegate$ImplicitlyTypedUnboxingResponsible
instanceKlass net/bytebuddy/implementation/bytecode/assign/primitive/PrimitiveUnboxingDelegate$UnboxingResponsible
instanceKlass net/bytebuddy/implementation/bytecode/ByteCodeAppender$Size
instanceKlass net/bytebuddy/implementation/Implementation$Context$Default$FieldCacheEntry
instanceKlass net/bytebuddy/implementation/bytecode/member/MethodInvocation$Invocation
instanceKlass net/bytebuddy/implementation/bytecode/member/MethodInvocation$WithImplicitInvocationTargetType
instanceKlass net/bytebuddy/implementation/bind/MethodDelegationBinder$MethodBinding$Builder$Build
instanceKlass net/bytebuddy/implementation/bind/MethodDelegationBinder$MethodBinding
instanceKlass net/bytebuddy/implementation/bytecode/member/FieldAccess$AccessDispatcher$AbstractFieldInstruction
instanceKlass net/bytebuddy/implementation/bytecode/member/FieldAccess$AccessDispatcher
instanceKlass net/bytebuddy/implementation/bytecode/member/FieldAccess$Defined
instanceKlass net/bytebuddy/dynamic/scaffold/FieldLocator$Resolution$Simple
instanceKlass net/bytebuddy/dynamic/scaffold/FieldLocator$Resolution
instanceKlass net/bytebuddy/description/type/TypeDefinition$SuperClassIterator
instanceKlass net/bytebuddy/implementation/bytecode/collection/ArrayFactory$ArrayStackManipulation
instanceKlass net/bytebuddy/implementation/bytecode/collection/ArrayFactory$ArrayCreator$ForReferenceType
instanceKlass net/bytebuddy/implementation/bytecode/collection/ArrayFactory$ArrayCreator
instanceKlass net/bytebuddy/implementation/bytecode/collection/ArrayFactory
instanceKlass net/bytebuddy/implementation/bytecode/collection/CollectionFactory
instanceKlass net/bytebuddy/implementation/bytecode/constant/MethodConstant$CachedMethod
instanceKlass net/bytebuddy/implementation/bytecode/constant/MethodConstant$CanCache
instanceKlass net/bytebuddy/implementation/bytecode/constant/MethodConstant
instanceKlass net/bytebuddy/implementation/bytecode/member/MethodVariableAccess$OffsetLoading
instanceKlass net/bytebuddy/implementation/bind/MethodDelegationBinder$ParameterBinding$Anonymous
instanceKlass net/bytebuddy/implementation/bind/MethodDelegationBinder$ParameterBinding
instanceKlass net/bytebuddy/implementation/bind/MethodDelegationBinder$MethodBinding$Builder
instanceKlass net/bytebuddy/implementation/bytecode/StackManipulation$Size
instanceKlass net/bytebuddy/implementation/bind/MethodDelegationBinder$MethodInvoker
instanceKlass net/bytebuddy/implementation/bytecode/StackManipulation$Compound
instanceKlass net/bytebuddy/implementation/bytecode/StackManipulation
instanceKlass net/bytebuddy/jar/asm/MethodVisitor
instanceKlass net/bytebuddy/dynamic/scaffold/TypeWriter$MethodPool$Record$AccessBridgeWrapper
instanceKlass net/bytebuddy/dynamic/scaffold/TypeWriter$MethodPool$Record$ForDefinedMethod
instanceKlass net/bytebuddy/dynamic/scaffold/TypeWriter$MethodPool$Record
instanceKlass net/bytebuddy/implementation/attribute/AnnotationAppender$Target$OnField
instanceKlass net/bytebuddy/jar/asm/FieldVisitor
instanceKlass net/bytebuddy/dynamic/scaffold/TypeWriter$FieldPool$Record$ForExplicitField
instanceKlass net/bytebuddy/dynamic/scaffold/TypeWriter$FieldPool$Record
instanceKlass net/bytebuddy/description/field/FieldDescription$InDefinedShape
instanceKlass net/bytebuddy/jar/asm/TypeReference
instanceKlass net/bytebuddy/implementation/attribute/AnnotationAppender$ForTypeAnnotations
instanceKlass net/bytebuddy/implementation/attribute/AnnotationAppender$Target$OnType
instanceKlass net/bytebuddy/implementation/attribute/AnnotationAppender$Target
instanceKlass net/bytebuddy/implementation/attribute/AnnotationAppender$Default
instanceKlass net/bytebuddy/implementation/attribute/AnnotationAppender
instanceKlass net/bytebuddy/description/type/TypeDescription$Generic$Visitor$ForSignatureVisitor
instanceKlass net/bytebuddy/jar/asm/signature/SignatureVisitor
instanceKlass net/bytebuddy/implementation/Implementation$Context$ExtractableView$AbstractBase
instanceKlass net/bytebuddy/implementation/Implementation$Context$ExtractableView
instanceKlass net/bytebuddy/implementation/Implementation$Context
instanceKlass net/bytebuddy/implementation/MethodAccessorFactory
instanceKlass net/bytebuddy/jar/asm/ByteVector
instanceKlass net/bytebuddy/jar/asm/Symbol
instanceKlass net/bytebuddy/jar/asm/SymbolTable
instanceKlass net/bytebuddy/jar/asm/ClassVisitor
instanceKlass net/bytebuddy/dynamic/scaffold/TypeWriter$Default$ClassDumpAction$Dispatcher
instanceKlass net/bytebuddy/description/type/RecordComponentList
instanceKlass net/bytebuddy/description/field/FieldList
instanceKlass net/bytebuddy/dynamic/scaffold/TypeWriter$Default
instanceKlass net/bytebuddy/dynamic/scaffold/TypeWriter
instanceKlass net/bytebuddy/dynamic/scaffold/RecordComponentRegistry$Default$Compiled
instanceKlass net/bytebuddy/dynamic/scaffold/RecordComponentRegistry$Compiled
instanceKlass net/bytebuddy/dynamic/scaffold/TypeWriter$RecordComponentPool
instanceKlass net/bytebuddy/dynamic/scaffold/FieldRegistry$Default$Compiled
instanceKlass net/bytebuddy/dynamic/scaffold/FieldRegistry$Compiled
instanceKlass net/bytebuddy/dynamic/scaffold/TypeWriter$FieldPool
instanceKlass net/bytebuddy/description/type/TypeVariableToken
instanceKlass net/bytebuddy/description/type/TypeDescription$Generic$Visitor$Reducing
instanceKlass net/bytebuddy/description/field/FieldDescription$SignatureToken
instanceKlass net/bytebuddy/matcher/LatentMatcher$ForFieldToken$ResolvedMatcher
instanceKlass net/bytebuddy/dynamic/scaffold/FieldRegistry$Default$Compiled$Entry
instanceKlass net/bytebuddy/dynamic/scaffold/MethodRegistry$Default$Compiled
instanceKlass net/bytebuddy/dynamic/scaffold/MethodRegistry$Compiled
instanceKlass net/bytebuddy/dynamic/scaffold/TypeWriter$MethodPool
instanceKlass net/bytebuddy/implementation/SuperMethodCall$Appender
instanceKlass net/bytebuddy/dynamic/scaffold/FieldLocator$AbstractBase
instanceKlass net/bytebuddy/dynamic/scaffold/FieldLocator
instanceKlass net/bytebuddy/implementation/FieldAccessor$FieldLocation$Relative$Prepared
instanceKlass net/bytebuddy/implementation/FieldAccessor$FieldLocation$Prepared
instanceKlass net/bytebuddy/implementation/FieldAccessor$ForImplicitProperty$Appender
instanceKlass net/bytebuddy/dynamic/scaffold/MethodRegistry$Default$Compiled$Entry
instanceKlass net/bytebuddy/implementation/bind/MethodDelegationBinder$Processor
instanceKlass net/bytebuddy/implementation/MethodDelegation$Appender
instanceKlass net/bytebuddy/implementation/MethodDelegation$ImplementationDelegate$Compiled$ForStaticCall
instanceKlass net/bytebuddy/implementation/MethodDelegation$ImplementationDelegate$Compiled
instanceKlass net/bytebuddy/dynamic/scaffold/MethodRegistry$Handler$ForImplementation$Compiled
instanceKlass net/bytebuddy/dynamic/scaffold/MethodRegistry$Handler$Compiled
instanceKlass net/bytebuddy/implementation/Implementation$Target$AbstractBase
instanceKlass net/bytebuddy/implementation/Implementation$Target
instanceKlass net/bytebuddy/implementation/Implementation$Target$Factory
instanceKlass net/bytebuddy/dynamic/scaffold/MethodRegistry$Default$Prepared
instanceKlass net/bytebuddy/dynamic/scaffold/MethodRegistry$Prepared
instanceKlass net/bytebuddy/dynamic/scaffold/MethodRegistry$Default$Prepared$Entry
instanceKlass net/bytebuddy/dynamic/scaffold/MethodGraph$Linked$Delegation
instanceKlass net/bytebuddy/dynamic/scaffold/MethodGraph$Linked
instanceKlass net/bytebuddy/dynamic/scaffold/MethodGraph$Compiler$Default$Key$Store$Graph
instanceKlass net/bytebuddy/dynamic/scaffold/MethodGraph
instanceKlass net/bytebuddy/dynamic/scaffold/MethodGraph$Compiler$Default$Key$Store$Entry$Resolved$Node
instanceKlass net/bytebuddy/dynamic/scaffold/MethodGraph$Node
instanceKlass org/hibernate/proxy/LazyInitializer
instanceKlass net/bytebuddy/description/modifier/Visibility$1
instanceKlass net/bytebuddy/dynamic/scaffold/MethodGraph$Compiler$Default$Key$Store$Entry$Resolved
instanceKlass net/bytebuddy/dynamic/scaffold/MethodGraph$Compiler$Default$Key$Store$Entry$Initial
instanceKlass net/bytebuddy/dynamic/scaffold/MethodGraph$Compiler$Default$Key$Store$Entry
instanceKlass net/bytebuddy/dynamic/scaffold/MethodGraph$Compiler$Default$Harmonizer$ForJavaMethod$Token
instanceKlass net/bytebuddy/description/method/MethodDescription$TypeToken
instanceKlass net/bytebuddy/dynamic/scaffold/MethodGraph$Compiler$Default$Key
instanceKlass net/bytebuddy/dynamic/scaffold/MethodGraph$Compiler$Default$Key$Store
instanceKlass net/bytebuddy/description/enumeration/EnumerationDescription$AbstractBase
instanceKlass net/bytebuddy/description/enumeration/EnumerationDescription
instanceKlass net/bytebuddy/description/annotation/AnnotationValue$ForConstant$PropertyDelegate
instanceKlass net/bytebuddy/description/annotation/AnnotationValue$AbstractBase
instanceKlass net/bytebuddy/dynamic/scaffold/subclass/SubclassDynamicTypeBuilder$InstrumentableMatcher
instanceKlass net/bytebuddy/description/annotation/AnnotationValue
instanceKlass net/bytebuddy/description/method/ParameterDescription$Token
instanceKlass net/bytebuddy/description/method/ParameterDescription$InGenericShape
instanceKlass net/bytebuddy/description/method/MethodDescription$Token
instanceKlass net/bytebuddy/description/type/TypeDescription$Generic$AnnotationReader$Delegator
instanceKlass net/bytebuddy/description/type/TypeDescription$Generic$AnnotationReader$Dispatcher$ForJava8CapableVm
instanceKlass net/bytebuddy/description/type/TypeDescription$Generic$AnnotationReader$Dispatcher
instanceKlass net/bytebuddy/description/method/MethodDescription$InGenericShape
instanceKlass net/bytebuddy/description/type/TypeDescription$Generic$Visitor$ForRawType
instanceKlass net/bytebuddy/pool/TypePool$CacheProvider$Simple
instanceKlass net/bytebuddy/pool/TypePool$CacheProvider
instanceKlass net/bytebuddy/jar/asm/Type
instanceKlass net/bytebuddy/pool/TypePool$AbstractBase
instanceKlass net/bytebuddy/pool/TypePool
instanceKlass net/bytebuddy/dynamic/TypeResolutionStrategy$Resolved
instanceKlass net/bytebuddy/dynamic/TypeResolutionStrategy
instanceKlass net/bytebuddy/description/type/TypeList
instanceKlass net/bytebuddy/dynamic/scaffold/FieldRegistry$Default$Entry
instanceKlass net/bytebuddy/matcher/LatentMatcher$ForFieldToken
instanceKlass org/hibernate/proxy/ProxyConfiguration
instanceKlass net/bytebuddy/description/field/FieldDescription
instanceKlass net/bytebuddy/implementation/attribute/FieldAttributeAppender$Factory
instanceKlass net/bytebuddy/implementation/attribute/FieldAttributeAppender
instanceKlass net/bytebuddy/description/field/FieldDescription$Token
instanceKlass net/bytebuddy/description/ByteCodeElement$Token
instanceKlass net/bytebuddy/dynamic/DynamicType$Builder$FieldDefinition$Optional$Valuable
instanceKlass net/bytebuddy/dynamic/DynamicType$Builder$FieldDefinition$Optional
instanceKlass net/bytebuddy/dynamic/DynamicType$Builder$FieldDefinition$Valuable
instanceKlass net/bytebuddy/dynamic/DynamicType$Builder$FieldDefinition
instanceKlass net/bytebuddy/dynamic/scaffold/MethodRegistry$Default$Entry
instanceKlass net/bytebuddy/dynamic/Transformer
instanceKlass net/bytebuddy/implementation/attribute/MethodAttributeAppender$Factory
instanceKlass net/bytebuddy/implementation/attribute/MethodAttributeAppender
instanceKlass net/bytebuddy/dynamic/DynamicType$Builder$MethodDefinition$ReceiverTypeDefinition
instanceKlass net/bytebuddy/dynamic/DynamicType$Builder$MethodDefinition
instanceKlass net/bytebuddy/dynamic/scaffold/MethodRegistry$Handler$ForImplementation
instanceKlass net/bytebuddy/dynamic/scaffold/MethodRegistry$Handler
instanceKlass net/bytebuddy/dynamic/DynamicType$Builder$MethodDefinition$ImplementationDefinition$AbstractBase
instanceKlass net/bytebuddy/dynamic/DynamicType$Builder$MethodDefinition$ImplementationDefinition$Optional
instanceKlass net/bytebuddy/dynamic/DynamicType$Builder$MethodDefinition$ImplementationDefinition
instanceKlass net/bytebuddy/asm/AsmVisitorWrapper
instanceKlass net/bytebuddy/implementation/attribute/TypeAttributeAppender
instanceKlass net/bytebuddy/dynamic/scaffold/RecordComponentRegistry$Default
instanceKlass net/bytebuddy/dynamic/scaffold/RecordComponentRegistry
instanceKlass net/bytebuddy/dynamic/scaffold/MethodRegistry$Default
instanceKlass net/bytebuddy/dynamic/scaffold/MethodRegistry
instanceKlass net/bytebuddy/dynamic/scaffold/FieldRegistry$Default
instanceKlass net/bytebuddy/dynamic/scaffold/FieldRegistry
instanceKlass net/bytebuddy/utility/CompoundList
instanceKlass net/bytebuddy/description/type/TypeDescription$Generic$Visitor$Substitutor
instanceKlass net/bytebuddy/implementation/LoadedTypeInitializer
instanceKlass net/bytebuddy/dynamic/scaffold/TypeInitializer
instanceKlass net/bytebuddy/implementation/bytecode/ByteCodeAppender
instanceKlass net/bytebuddy/dynamic/scaffold/InstrumentedType$WithFlexibleName
instanceKlass net/bytebuddy/dynamic/scaffold/InstrumentedType
instanceKlass net/bytebuddy/description/modifier/ModifierContributor$Resolver
instanceKlass net/bytebuddy/description/modifier/ModifierContributor$ForField
instanceKlass net/bytebuddy/description/modifier/ModifierContributor$ForMethod
instanceKlass net/bytebuddy/description/modifier/ModifierContributor$ForType
instanceKlass net/bytebuddy/description/modifier/ModifierContributor
instanceKlass net/bytebuddy/dynamic/DynamicType$Builder$AbstractBase
instanceKlass net/bytebuddy/dynamic/scaffold/subclass/ConstructorStrategy
instanceKlass net/bytebuddy/NamingStrategy$SuffixingRandom$BaseNameResolver$ForFixedValue
instanceKlass net/bytebuddy/TypeCache$LookupKey
instanceKlass org/hibernate/bytecode/internal/bytebuddy/ByteBuddyState$$Lambda$692
instanceKlass org/hibernate/proxy/pojo/bytebuddy/ByteBuddyProxyHelper$$Lambda$691
instanceKlass net/bytebuddy/dynamic/DynamicType$Builder
instanceKlass net/bytebuddy/TypeCache$SimpleKey
instanceKlass org/hibernate/proxy/pojo/bytebuddy/ByteBuddyProxyFactory
instanceKlass org/hibernate/bytecode/spi/BasicProxyFactory
instanceKlass org/hibernate/proxy/ProxyFactory
instanceKlass org/hibernate/bytecode/internal/bytebuddy/ProxyFactoryFactoryImpl
instanceKlass org/hibernate/proxy/pojo/ProxyFactoryHelper
instanceKlass org/hibernate/tuple/PojoInstantiator
instanceKlass org/hibernate/tuple/Instantiator
instanceKlass org/hibernate/persister/walking/spi/AssociationAttributeDefinition
instanceKlass org/hibernate/tuple/BaselineAttributeInformation
instanceKlass org/hibernate/engine/spi/CascadeStyles$BaseCascadeStyle
instanceKlass org/hibernate/engine/spi/CascadeStyles
instanceKlass org/hibernate/tuple/BaselineAttributeInformation$Builder
instanceKlass org/hibernate/tuple/PropertyFactory$1
instanceKlass org/hibernate/bytecode/enhance/spi/interceptor/EnhancementHelper
instanceKlass org/hibernate/engine/spi/CascadeStyle
instanceKlass org/hibernate/tuple/NonIdentifierAttribute
instanceKlass org/hibernate/persister/walking/spi/AttributeDefinition
instanceKlass org/hibernate/bytecode/enhance/spi/interceptor/LazyAttributesMetadata
instanceKlass org/hibernate/engine/spi/PersistentAttributeInterceptable
instanceKlass org/hibernate/tuple/entity/BytecodeEnhancementMetadataPojoImpl
instanceKlass org/hibernate/bytecode/spi/BytecodeEnhancementMetadata
instanceKlass org/hibernate/tuple/AbstractAttribute
instanceKlass org/hibernate/tuple/IdentifierAttribute
instanceKlass org/hibernate/tuple/Property
instanceKlass org/hibernate/tuple/Attribute
instanceKlass org/hibernate/engine/spi/IdentifierValue
instanceKlass org/hibernate/engine/spi/UnsavedValueStrategy
instanceKlass org/hibernate/engine/internal/UnsavedValueFactory
instanceKlass org/hibernate/property/access/spi/SetterFieldImpl
instanceKlass org/hibernate/property/access/spi/Setter
instanceKlass org/hibernate/property/access/spi/GetterFieldImpl
instanceKlass org/hibernate/property/access/spi/Getter
instanceKlass org/hibernate/property/access/internal/PropertyAccessFieldImpl
instanceKlass org/hibernate/property/access/spi/PropertyAccess
instanceKlass org/hibernate/engine/spi/Managed
instanceKlass org/hibernate/property/access/internal/PropertyAccessStrategyNoopImpl
instanceKlass org/hibernate/property/access/internal/PropertyAccessStrategyEmbeddedImpl
instanceKlass org/hibernate/property/access/internal/PropertyAccessStrategyMapImpl
instanceKlass org/hibernate/property/access/internal/PropertyAccessStrategyMixedImpl
instanceKlass org/hibernate/property/access/internal/PropertyAccessStrategyFieldImpl
instanceKlass org/hibernate/property/access/internal/PropertyAccessStrategyBasicImpl
instanceKlass org/hibernate/property/access/spi/PropertyAccessStrategy
instanceKlass org/hibernate/property/access/internal/PropertyAccessStrategyResolverStandardImpl
instanceKlass org/hibernate/tuple/PropertyFactory
instanceKlass org/hibernate/tuple/entity/EntityMetamodel$NoInDatabaseValueGenerationStrategy
instanceKlass org/hibernate/tuple/InDatabaseValueGenerationStrategy
instanceKlass org/hibernate/tuple/entity/EntityMetamodel$NoInMemoryValueGenerationStrategy
instanceKlass org/hibernate/tuple/InMemoryValueGenerationStrategy
instanceKlass org/hibernate/tuple/entity/EntityMetamodel$GenerationStrategyPair
instanceKlass org/hibernate/internal/util/collections/LazyIndexedMap
instanceKlass org/hibernate/internal/util/MarkerObject
instanceKlass org/hibernate/persister/entity/AbstractEntityPersister
instanceKlass org/hibernate/persister/entity/Lockable
instanceKlass org/hibernate/id/PostInsertIdentityPersister
instanceKlass org/hibernate/bytecode/enhance/spi/LazyPropertyInitializer
instanceKlass org/hibernate/persister/entity/SQLLoadable
instanceKlass org/hibernate/persister/entity/UniqueKeyLoadable
instanceKlass org/hibernate/metadata/ClassMetadata
instanceKlass org/hibernate/persister/entity/Queryable
instanceKlass org/hibernate/persister/entity/PropertyMapping
instanceKlass org/hibernate/persister/entity/OuterJoinLoadable
instanceKlass org/hibernate/persister/entity/Joinable
instanceKlass org/hibernate/persister/entity/Loadable
instanceKlass org/hibernate/persister/internal/StandardPersisterClassResolver
instanceKlass org/hibernate/persister/entity/EntityPersister
instanceKlass org/hibernate/persister/walking/spi/EntityDefinition
instanceKlass org/hibernate/persister/walking/spi/AttributeSource
instanceKlass org/hibernate/persister/collection/CollectionPersister
instanceKlass org/hibernate/persister/walking/spi/CollectionDefinition
instanceKlass org/hibernate/persister/internal/PersisterFactoryImpl
instanceKlass org/hibernate/metamodel/internal/MetamodelImpl$1
instanceKlass org/hibernate/persister/spi/PersisterCreationContext
instanceKlass org/hibernate/metamodel/internal/MetamodelImpl
instanceKlass org/hibernate/metamodel/spi/MetamodelImplementor
instanceKlass org/hibernate/Metamodel
instanceKlass javax/persistence/metamodel/Metamodel
instanceKlass org/hibernate/usertype/Sized
instanceKlass org/hibernate/metamodel/model/convert/internal/OrdinalEnumValueConverter
instanceKlass org/hibernate/type/descriptor/sql/BasicBinder
instanceKlass org/hibernate/type/descriptor/ValueBinder
instanceKlass org/hibernate/type/descriptor/sql/BasicExtractor
instanceKlass org/hibernate/type/descriptor/ValueExtractor
instanceKlass org/hibernate/metamodel/model/convert/internal/NamedEnumValueConverter
instanceKlass org/hibernate/metamodel/model/convert/spi/EnumValueConverter
instanceKlass org/hibernate/metamodel/model/convert/spi/BasicValueConverter
instanceKlass org/hibernate/type/descriptor/java/spi/JavaTypeDescriptorRegistry$$Lambda$690
instanceKlass org/hibernate/type/descriptor/java/spi/RegistryHelper
instanceKlass org/hibernate/usertype/CompositeUserType
instanceKlass org/hibernate/mapping/SimpleValue$ParameterTypeImpl
instanceKlass org/hibernate/usertype/DynamicParameterizedType$ParameterType
instanceKlass org/hibernate/internal/SessionFactoryImpl$$Lambda$689
instanceKlass org/hibernate/internal/SessionFactoryImpl$$Lambda$688
instanceKlass org/hibernate/event/service/internal/EventListenerGroupImpl$$Lambda$687
instanceKlass org/hibernate/cfg/beanvalidation/DuplicationStrategyImpl
instanceKlass org/hibernate/cfg/beanvalidation/BeanValidationEventListener
instanceKlass org/hibernate/validator/internal/metadata/aggregated/BeanMetaDataImpl$$Lambda$686
instanceKlass org/hibernate/validator/internal/metadata/aggregated/BeanMetaDataImpl$$Lambda$685
instanceKlass org/hibernate/validator/internal/metadata/core/MetaConstraint
instanceKlass org/hibernate/validator/internal/metadata/descriptor/ElementDescriptorImpl
instanceKlass org/hibernate/validator/internal/util/ConcurrentReferenceHashMap$KeyReference
instanceKlass org/hibernate/validator/internal/engine/groups/GroupWithInheritance
instanceKlass org/hibernate/validator/internal/engine/groups/Sequence
instanceKlass org/hibernate/validator/internal/engine/groups/ValidationOrder$DefaultSequenceValidationOrder
instanceKlass org/hibernate/validator/internal/engine/groups/Group
instanceKlass org/hibernate/validator/internal/engine/groups/ValidationOrder$DefaultGroupValidationOrder
instanceKlass org/hibernate/validator/internal/engine/groups/ValidationOrder
instanceKlass org/hibernate/validator/internal/metadata/aggregated/BeanMetaDataImpl$DefaultGroupSequenceContext
instanceKlass org/hibernate/validator/internal/metadata/aggregated/BeanMetaDataImpl
instanceKlass org/hibernate/validator/internal/metadata/aggregated/BeanMetaData
instanceKlass org/hibernate/validator/internal/metadata/aggregated/PropertyMetaData$Builder$$Lambda$684
instanceKlass org/hibernate/validator/internal/metadata/facets/Cascadable$Builder
instanceKlass org/hibernate/validator/internal/metadata/aggregated/ValidatableParametersMetaData$$Lambda$683
instanceKlass org/hibernate/validator/internal/metadata/aggregated/ValidatableParametersMetaData
instanceKlass org/hibernate/validator/internal/metadata/facets/Validatable
instanceKlass org/hibernate/validator/internal/metadata/aggregated/AbstractConstraintMetaData$$Lambda$682
instanceKlass org/hibernate/validator/internal/metadata/aggregated/GroupConversionHelper
instanceKlass org/hibernate/validator/internal/metadata/aggregated/NonContainerCascadingMetaData
instanceKlass org/hibernate/validator/internal/metadata/aggregated/CascadingMetaData
instanceKlass org/hibernate/validator/internal/metadata/facets/Cascadable
instanceKlass org/hibernate/validator/internal/metadata/aggregated/AbstractConstraintMetaData
instanceKlass org/hibernate/validator/internal/metadata/aggregated/ConstraintMetaData
instanceKlass com/fasterxml/classmate/Annotations
instanceKlass com/fasterxml/classmate/util/MethodKey
instanceKlass org/hibernate/validator/internal/util/privilegedactions/GetResolvedMemberMethods
instanceKlass com/fasterxml/classmate/ResolvedTypeWithMembers$AnnotationHandler
instanceKlass com/fasterxml/classmate/AnnotationConfiguration
instanceKlass com/fasterxml/classmate/members/ResolvedMember
instanceKlass com/fasterxml/classmate/ResolvedTypeWithMembers
instanceKlass com/fasterxml/classmate/members/HierarchicType
instanceKlass org/hibernate/validator/internal/util/ExecutableHelper$SimpleMethodFilter
instanceKlass com/fasterxml/classmate/Filter
instanceKlass com/fasterxml/classmate/util/ResolvedTypeKey
instanceKlass com/fasterxml/classmate/util/ClassStack
instanceKlass java/util/stream/Collectors$$Lambda$681
instanceKlass org/hibernate/validator/internal/metadata/aggregated/CascadingMetaDataBuilder$$Lambda$680
instanceKlass org/hibernate/validator/internal/metadata/aggregated/CascadingMetaDataBuilder$$Lambda$679
instanceKlass org/hibernate/validator/internal/metadata/aggregated/CascadingMetaDataBuilder$$Lambda$678
instanceKlass org/hibernate/validator/internal/properties/Signature
instanceKlass org/hibernate/validator/internal/metadata/aggregated/MetaDataBuilder
instanceKlass org/hibernate/validator/internal/metadata/aggregated/BeanMetaDataBuilder$1
instanceKlass org/hibernate/validator/internal/metadata/aggregated/BeanMetaDataBuilder$BuilderDelegate
instanceKlass org/hibernate/validator/internal/metadata/provider/AnnotationMetaDataProvider$TypeArgumentFieldLocation
instanceKlass org/hibernate/validator/internal/metadata/provider/AnnotationMetaDataProvider$$Lambda$677
instanceKlass org/hibernate/validator/internal/metadata/core/ConstraintHelper$$Lambda$676
instanceKlass javax/validation/Constraint
instanceKlass org/hibernate/validator/internal/properties/javabean/JavaBeanField
instanceKlass org/hibernate/validator/internal/properties/Field
instanceKlass org/hibernate/validator/internal/util/classhierarchy/Filters$InterfacesFilter
instanceKlass org/hibernate/validator/internal/util/classhierarchy/Filters$WeldProxyFilter
instanceKlass org/hibernate/validator/internal/util/classhierarchy/Filters
instanceKlass org/hibernate/validator/internal/util/classhierarchy/ClassHierarchyHelper
instanceKlass org/hibernate/validator/internal/util/classhierarchy/Filter
instanceKlass org/hibernate/validator/internal/metadata/aggregated/BeanMetaDataBuilder
instanceKlass org/hibernate/cfg/beanvalidation/GroupsPerOperation
instanceKlass org/hibernate/cfg/beanvalidation/TypeSafeActivator$1
instanceKlass org/hibernate/cfg/beanvalidation/BeanValidationIntegrator$1
instanceKlass org/hibernate/cfg/beanvalidation/ActivationContext
instanceKlass org/hibernate/cfg/beanvalidation/TypeSafeActivator
instanceKlass javax/validation/ConstraintViolation
instanceKlass org/hibernate/internal/SessionFactoryImpl$1IntegratorObserver
instanceKlass org/hibernate/loader/Loader
instanceKlass org/hibernate/loader/custom/CustomQuery
instanceKlass org/hibernate/engine/query/spi/NativeSQLQueryPlan
instanceKlass org/hibernate/engine/query/spi/sql/NativeSQLQuerySpecification
instanceKlass org/hibernate/query/internal/ParameterMetadataImpl
instanceKlass org/hibernate/query/ParameterMetadata
instanceKlass org/hibernate/engine/query/internal/NativeQueryInterpreterStandardImpl
instanceKlass org/hibernate/internal/util/collections/BoundedConcurrentHashMap$HashEntry
instanceKlass org/hibernate/internal/util/collections/BoundedConcurrentHashMap$LIRS
instanceKlass org/hibernate/internal/util/collections/BoundedConcurrentHashMap$EvictionPolicy
instanceKlass org/hibernate/internal/util/collections/BoundedConcurrentHashMap$NullEvictionListener
instanceKlass org/hibernate/internal/util/collections/BoundedConcurrentHashMap$EvictionListener
instanceKlass org/hibernate/engine/query/spi/QueryPlanCache
instanceKlass org/hibernate/internal/TypeLocatorImpl
instanceKlass org/hibernate/jpa/internal/PersistenceUnitUtilImpl
instanceKlass javax/persistence/PersistenceUnitUtil
instanceKlass org/hibernate/query/criteria/internal/CriteriaBuilderImpl
instanceKlass org/hibernate/query/criteria/HibernateCriteriaBuilder
instanceKlass javax/persistence/criteria/CriteriaBuilder
instanceKlass org/hibernate/cache/spi/access/NaturalIdDataAccess
instanceKlass org/hibernate/cache/spi/TimestampsCache
instanceKlass org/hibernate/cache/spi/UpdateTimestampsCache
instanceKlass org/hibernate/cache/spi/access/EntityDataAccess
instanceKlass org/hibernate/cache/spi/access/CollectionDataAccess
instanceKlass org/hibernate/cache/spi/access/CachedDomainDataAccess
instanceKlass org/hibernate/metamodel/model/domain/NavigableRole
instanceKlass org/hibernate/cache/spi/QueryResultsCache
instanceKlass org/hibernate/cache/spi/QueryCache
instanceKlass org/hibernate/cache/internal/DisabledCaching
instanceKlass org/hibernate/dialect/function/SQLFunctionRegistry
instanceKlass javax/persistence/ExcludeDefaultListeners
instanceKlass javax/persistence/ExcludeSuperclassListeners
instanceKlass org/hibernate/internal/util/ReflectHelper
instanceKlass org/hibernate/jpa/event/internal/AbstractCallback
instanceKlass org/hibernate/jpa/event/spi/Callback
instanceKlass javax/persistence/PostLoad
instanceKlass javax/persistence/PostRemove
instanceKlass javax/persistence/PreRemove
instanceKlass javax/persistence/PostPersist
instanceKlass javax/persistence/PostUpdate
instanceKlass org/hibernate/jpa/event/internal/CallbackBuilderLegacyImpl
instanceKlass org/hibernate/jpa/event/spi/CallbackBuilder
instanceKlass org/hibernate/resource/beans/spi/ManagedBean
instanceKlass org/hibernate/resource/beans/internal/ManagedBeanRegistryImpl
instanceKlass org/hibernate/resource/beans/container/spi/BeanContainer$LifecycleOptions
instanceKlass java/lang/SafeVarargs
instanceKlass org/hibernate/event/internal/DefaultRefreshEventListener
instanceKlass org/hibernate/event/internal/PostUpdateEventListenerStandardImpl
instanceKlass org/hibernate/event/internal/DefaultPostLoadEventListener
instanceKlass org/hibernate/event/internal/PostInsertEventListenerStandardImpl
instanceKlass org/hibernate/event/internal/PostDeleteEventListenerStandardImpl
instanceKlass org/hibernate/event/spi/PostCommitUpdateEventListener
instanceKlass org/hibernate/event/spi/PostCommitInsertEventListener
instanceKlass org/hibernate/event/spi/PostCommitDeleteEventListener
instanceKlass org/hibernate/event/internal/DefaultPreLoadEventListener
instanceKlass org/hibernate/event/internal/DefaultInitializeCollectionEventListener
instanceKlass org/hibernate/event/internal/DefaultLoadEventListener
instanceKlass org/hibernate/event/internal/DefaultFlushEntityEventListener
instanceKlass org/hibernate/event/internal/DefaultEvictEventListener
instanceKlass org/hibernate/event/internal/DefaultDeleteEventListener
instanceKlass org/hibernate/event/internal/AbstractReassociateEventListener
instanceKlass org/hibernate/jpa/event/spi/CallbackRegistryConsumer
instanceKlass org/hibernate/event/service/internal/EventListenerGroupImpl$$Lambda$675
instanceKlass java/util/concurrent/CompletableFuture$AsynchronousCompletionTask
instanceKlass java/util/concurrent/ForkJoinPool$1
instanceKlass java/util/concurrent/ForkJoinPool$DefaultForkJoinWorkerThreadFactory
instanceKlass java/util/concurrent/ForkJoinTask
instanceKlass java/util/concurrent/ForkJoinPool$WorkQueue
instanceKlass java/util/concurrent/ForkJoinPool$ForkJoinWorkerThreadFactory
instanceKlass java/util/concurrent/CompletableFuture$AltResult
instanceKlass org/hibernate/event/service/internal/EventListenerGroupImpl$1
instanceKlass org/hibernate/event/internal/AbstractFlushingEventListener
instanceKlass org/hibernate/event/service/spi/JpaBootstrapSensitive
instanceKlass org/hibernate/event/service/internal/EventListenerGroupImpl
instanceKlass org/hibernate/event/service/spi/EventListenerGroup
instanceKlass org/hibernate/event/spi/EventType$1
instanceKlass org/hibernate/event/spi/PostCollectionUpdateEventListener
instanceKlass org/hibernate/event/spi/PostCollectionRemoveEventListener
instanceKlass org/hibernate/event/spi/PostCollectionRecreateEventListener
instanceKlass org/hibernate/event/spi/PreCollectionUpdateEventListener
instanceKlass org/hibernate/event/spi/PreCollectionRemoveEventListener
instanceKlass org/hibernate/event/spi/PreCollectionRecreateEventListener
instanceKlass org/hibernate/event/spi/PostLoadEventListener
instanceKlass org/hibernate/event/spi/PreInsertEventListener
instanceKlass org/hibernate/event/spi/PreUpdateEventListener
instanceKlass org/hibernate/event/spi/PreDeleteEventListener
instanceKlass org/hibernate/event/spi/PreLoadEventListener
instanceKlass org/hibernate/event/spi/RefreshEventListener
instanceKlass org/hibernate/event/spi/LockEventListener
instanceKlass org/hibernate/event/spi/EvictEventListener
instanceKlass org/hibernate/event/spi/ClearEventListener
instanceKlass org/hibernate/event/spi/FlushEntityEventListener
instanceKlass org/hibernate/event/spi/DirtyCheckEventListener
instanceKlass org/hibernate/event/spi/AutoFlushEventListener
instanceKlass org/hibernate/event/spi/FlushEventListener
instanceKlass org/hibernate/event/spi/ReplicateEventListener
instanceKlass org/hibernate/event/spi/DeleteEventListener
instanceKlass org/hibernate/event/spi/MergeEventListener
instanceKlass org/hibernate/event/spi/PersistEventListener
instanceKlass org/hibernate/event/spi/SaveOrUpdateEventListener
instanceKlass org/hibernate/event/spi/InitializeCollectionEventListener
instanceKlass org/hibernate/event/spi/ResolveNaturalIdEventListener
instanceKlass org/hibernate/event/spi/LoadEventListener
instanceKlass org/hibernate/event/spi/EventType
instanceKlass org/hibernate/jpa/event/internal/CallbackRegistryImpl
instanceKlass org/hibernate/jpa/event/internal/CallbackRegistryImplementor
instanceKlass org/hibernate/jpa/event/spi/CallbackBuilder$CallbackRegistrar
instanceKlass org/hibernate/jpa/event/spi/CallbackRegistry
instanceKlass org/hibernate/jpa/event/internal/CallbacksFactory
instanceKlass org/hibernate/event/service/internal/EventListenerRegistryImpl
instanceKlass org/hibernate/engine/query/spi/NativeQueryInterpreter
instanceKlass org/hibernate/cache/spi/CacheImplementor
instanceKlass org/hibernate/engine/spi/CacheImplementor
instanceKlass org/hibernate/Cache
instanceKlass javax/persistence/Cache
instanceKlass org/hibernate/stat/spi/StatisticsImplementor
instanceKlass org/hibernate/stat/Statistics
instanceKlass org/hibernate/event/service/spi/EventListenerRegistry
instanceKlass org/hibernate/service/spi/SessionFactoryServiceInitiatorContext
instanceKlass org/hibernate/service/spi/SessionFactoryServiceContributor
instanceKlass org/hibernate/engine/query/spi/NativeQueryInterpreterInitiator
instanceKlass org/hibernate/engine/spi/CacheInitiator
instanceKlass org/hibernate/stat/internal/StatisticsInitiator
instanceKlass org/hibernate/event/service/internal/EventListenerServiceInitiator
instanceKlass org/hibernate/service/spi/SessionFactoryServiceInitiator
instanceKlass org/hibernate/service/internal/StandardSessionFactoryServiceInitiators
instanceKlass org/hibernate/service/internal/SessionFactoryServiceRegistryBuilderImpl
instanceKlass org/hibernate/service/spi/SessionFactoryServiceRegistryBuilder
instanceKlass org/hibernate/service/spi/SessionFactoryServiceRegistry
instanceKlass org/hibernate/service/internal/SessionFactoryServiceRegistryFactoryImpl
instanceKlass org/hibernate/cfg/Settings
instanceKlass org/hibernate/internal/SessionFactoryObserverChain
instanceKlass org/hibernate/boot/internal/SessionFactoryBuilderImpl$$Lambda$674
instanceKlass org/hibernate/engine/query/spi/QueryPlanCache$QueryPlanCreator
instanceKlass java/lang/invoke/LambdaForm$DMH
instanceKlass org/hibernate/engine/query/spi/HQLQueryPlan
instanceKlass org/hibernate/jpa/internal/JpaComplianceImpl
instanceKlass org/hibernate/jpa/internal/JpaComplianceImpl$JpaComplianceBuilder
instanceKlass org/hibernate/internal/SessionFactoryImpl
instanceKlass org/hibernate/bytecode/internal/SessionFactoryObserverForBytecodeEnhancer
instanceKlass org/hibernate/bytecode/enhance/spi/Enhancer
instanceKlass org/hibernate/bytecode/enhance/spi/EnhancementContext
instanceKlass org/hibernate/bytecode/spi/ReflectionOptimizer
instanceKlass org/hibernate/jpa/boot/internal/EntityManagerFactoryBuilderImpl$JpaEntityNotFoundDelegate
instanceKlass org/hibernate/jpa/boot/internal/EntityManagerFactoryBuilderImpl$ServiceRegistryCloser
instanceKlass org/hibernate/boot/spi/SessionFactoryBuilderFactory
instanceKlass org/hibernate/hql/spi/id/IdTableSupportStandardImpl
instanceKlass org/hibernate/hql/spi/id/IdTableSupport
instanceKlass org/hibernate/context/spi/CurrentTenantIdentifierResolver
instanceKlass org/hibernate/boot/internal/StandardEntityNotFoundDelegate
instanceKlass org/hibernate/proxy/EntityNotFoundDelegate
instanceKlass org/hibernate/boot/internal/DefaultCustomEntityDirtinessStrategy
instanceKlass org/hibernate/CustomEntityDirtinessStrategy
instanceKlass org/hibernate/cfg/BaselineSessionEventsListenerBuilder
instanceKlass org/hibernate/resource/jdbc/spi/StatementInspector
instanceKlass org/hibernate/Interceptor
instanceKlass org/hibernate/tuple/entity/AbstractEntityTuplizer
instanceKlass org/hibernate/tuple/entity/EntityTuplizer
instanceKlass org/hibernate/tuple/Tuplizer
instanceKlass org/hibernate/tuple/entity/EntityMetamodel
instanceKlass org/hibernate/tuple/entity/EntityTuplizerFactory
instanceKlass org/hibernate/boot/internal/SessionFactoryOptionsBuilder
instanceKlass org/hibernate/boot/internal/SessionFactoryBuilderImpl
instanceKlass org/hibernate/boot/spi/SessionFactoryBuilderImplementor
instanceKlass org/hibernate/boot/SessionFactoryBuilder
instanceKlass org/hibernate/boot/internal/DefaultSessionFactoryBuilderService
instanceKlass org/hibernate/boot/internal/MetadataImpl
instanceKlass org/hibernate/internal/util/collections/SingletonIterator
instanceKlass org/hibernate/boot/spi/AdditionalJaxbMappingProducer
instanceKlass org/hibernate/boot/model/naming/NamingHelper$1
instanceKlass org/hibernate/boot/model/naming/NamingHelper
instanceKlass org/hibernate/boot/internal/InFlightMetadataCollectorImpl$1
instanceKlass org/hibernate/boot/model/naming/ImplicitForeignKeyNameSource
instanceKlass org/hibernate/boot/model/naming/ImplicitConstraintNameSource
instanceKlass org/hibernate/annotations/WhereJoinTable
instanceKlass org/hibernate/annotations/FilterJoinTables
instanceKlass org/hibernate/annotations/FilterJoinTable
instanceKlass org/hibernate/mapping/OneToMany
instanceKlass org/hibernate/internal/util/collections/JoinedIterator
instanceKlass org/hibernate/mapping/Constraint
instanceKlass org/hibernate/mapping/Table$ForeignKeyKey
instanceKlass org/hibernate/mapping/Formula
instanceKlass org/hibernate/boot/spi/MetadataContributor
instanceKlass org/hibernate/annotations/ForeignKey
instanceKlass org/hibernate/annotations/LazyToOne
instanceKlass org/hibernate/cfg/ToOneBinder
instanceKlass javax/persistence/ForeignKey
instanceKlass org/hibernate/annotations/FetchProfiles
instanceKlass org/hibernate/annotations/FetchProfile
instanceKlass org/hibernate/annotations/Tables
instanceKlass org/hibernate/annotations/Table
instanceKlass org/hibernate/boot/internal/InFlightMetadataCollectorImpl$$Lambda$673
instanceKlass org/hibernate/type/EnumType
instanceKlass org/hibernate/type/spi/TypeConfigurationAware
instanceKlass org/hibernate/usertype/LoggableUserType
instanceKlass org/hibernate/usertype/DynamicParameterizedType
instanceKlass org/hibernate/usertype/ParameterizedType
instanceKlass org/hibernate/usertype/EnhancedUserType
instanceKlass org/hibernate/usertype/UserType
instanceKlass org/hibernate/boot/model/source/internal/ImplicitColumnNamingSecondPass
instanceKlass org/hibernate/cfg/CollectionSecondPass
instanceKlass org/hibernate/annotations/Fetch
instanceKlass org/hibernate/annotations/LazyCollection
instanceKlass javax/persistence/CollectionTable
instanceKlass javax/persistence/JoinTable
instanceKlass org/hibernate/cfg/AnnotationBinder$2
instanceKlass javax/persistence/MapKeyJoinColumn
instanceKlass javax/persistence/MapKeyJoinColumns
instanceKlass javax/persistence/MapKeyColumn
instanceKlass org/hibernate/cfg/WrappedInferredData
instanceKlass org/hibernate/annotations/NotFound
instanceKlass org/hibernate/annotations/Cascade
instanceKlass org/hibernate/annotations/SortComparator
instanceKlass org/hibernate/annotations/SortNatural
instanceKlass org/hibernate/annotations/Sort
instanceKlass org/hibernate/annotations/OrderBy
instanceKlass javax/persistence/OrderBy
instanceKlass javax/persistence/MapKey
instanceKlass org/hibernate/annotations/CollectionType
instanceKlass org/hibernate/annotations/CollectionId
instanceKlass org/hibernate/cfg/annotations/CollectionBinder
instanceKlass org/hibernate/annotations/MapKeyType
instanceKlass org/hibernate/annotations/IndexColumn
instanceKlass javax/persistence/OrderColumn
instanceKlass org/hibernate/cfg/Ejb3Column$1
instanceKlass org/hibernate/boot/model/naming/ImplicitBasicColumnNameSource
instanceKlass org/hibernate/boot/model/naming/ImplicitNameSource
instanceKlass org/hibernate/boot/model/source/spi/AbstractAttributeKey
instanceKlass org/hibernate/annotations/Columns
instanceKlass org/hibernate/annotations/Index
instanceKlass org/hibernate/boot/internal/IdGeneratorInterpreterImpl$1
instanceKlass org/hibernate/cfg/AnnotationBinder$1
instanceKlass org/hibernate/boot/model/IdGeneratorStrategyInterpreter$GeneratorNameDeterminationContext
instanceKlass org/hibernate/annotations/OptimisticLock
instanceKlass org/hibernate/mapping/Collection
instanceKlass org/hibernate/mapping/Fetchable
instanceKlass org/hibernate/annotations/NaturalId
instanceKlass org/hibernate/annotations/AttributeAccessor
instanceKlass org/hibernate/cfg/annotations/PropertyBinder$NoValueGeneration
instanceKlass org/hibernate/tuple/ValueGeneration
instanceKlass org/hibernate/annotations/ValueGenerationType
instanceKlass org/hibernate/mapping/Property
instanceKlass org/hibernate/boot/internal/InFlightMetadataCollectorImpl$TableColumnNameBinding
instanceKlass org/hibernate/mapping/SimpleValue
instanceKlass org/hibernate/mapping/KeyValue
instanceKlass org/hibernate/mapping/Value
instanceKlass javax/persistence/Lob
instanceKlass javax/persistence/Temporal
instanceKlass org/hibernate/annotations/Type
instanceKlass org/hibernate/annotations/Nationalized
instanceKlass org/hibernate/boot/model/convert/internal/AttributeConverterManager$$Lambda$672
instanceKlass org/hibernate/boot/model/convert/spi/AutoApplicableConverterDescriptor
instanceKlass org/hibernate/cfg/annotations/SimpleValueBinder
instanceKlass javax/persistence/Basic
instanceKlass javax/persistence/Embedded
instanceKlass org/hibernate/annotations/ManyToAny
instanceKlass javax/persistence/ManyToMany
instanceKlass javax/persistence/Version
instanceKlass org/hibernate/annotations/LazyGroup
instanceKlass org/hibernate/cfg/annotations/PropertyBinder
instanceKlass org/hibernate/annotations/Target
instanceKlass org/hibernate/annotations/Any
instanceKlass javax/persistence/ElementCollection
instanceKlass org/hibernate/annotations/ColumnTransformers
instanceKlass org/hibernate/annotations/ColumnTransformer
instanceKlass org/hibernate/annotations/ColumnDefault
instanceKlass org/hibernate/annotations/Formula
instanceKlass org/hibernate/annotations/JoinFormula
instanceKlass org/hibernate/annotations/JoinColumnsOrFormulas
instanceKlass org/hibernate/annotations/JoinColumnOrFormula
instanceKlass javax/persistence/JoinColumns
instanceKlass javax/persistence/JoinColumn
instanceKlass org/hibernate/cfg/ColumnsBuilder
instanceKlass org/hibernate/annotations/Parent
instanceKlass javax/persistence/IdClass
instanceKlass org/hibernate/cfg/InheritanceState$ElementsToProcess
instanceKlass javax/persistence/OneToOne
instanceKlass javax/persistence/ManyToOne
instanceKlass javax/persistence/MapsId
instanceKlass org/hibernate/cfg/PropertyInferredData
instanceKlass org/hibernate/cfg/PropertyData
instanceKlass javax/persistence/OneToMany
instanceKlass javax/persistence/Enumerated
instanceKlass org/hibernate/annotations/AccessType
instanceKlass org/hibernate/cfg/PropertyContainer
instanceKlass javax/persistence/Column
instanceKlass javax/persistence/GeneratedValue
instanceKlass javax/persistence/Id
instanceKlass javax/persistence/EmbeddedId
instanceKlass org/hibernate/annotations/common/reflection/java/JavaXType
instanceKlass org/hibernate/annotations/common/reflection/java/generics/ApproximatingTypeEnvironment
instanceKlass org/hibernate/annotations/common/reflection/java/generics/TypeUtils
instanceKlass org/hibernate/annotations/common/reflection/ReflectionUtil
instanceKlass org/hibernate/annotations/common/reflection/XClass$1
instanceKlass org/hibernate/annotations/common/reflection/Filter
instanceKlass javax/persistence/Access
instanceKlass org/hibernate/annotations/GenericGenerator
instanceKlass org/hibernate/annotations/OnDelete
instanceKlass javax/persistence/SecondaryTables
instanceKlass javax/persistence/SecondaryTable
instanceKlass javax/persistence/Converts
instanceKlass javax/persistence/Convert
instanceKlass javax/persistence/AssociationOverrides
instanceKlass javax/persistence/AssociationOverride
instanceKlass javax/persistence/AttributeOverrides
instanceKlass javax/persistence/AttributeOverride
instanceKlass org/hibernate/cfg/AbstractPropertyHolder
instanceKlass org/hibernate/cfg/PropertyHolder
instanceKlass org/hibernate/cfg/PropertyHolderBuilder
instanceKlass org/hibernate/boot/internal/InFlightMetadataCollectorImpl$EntityTableXrefImpl
instanceKlass org/hibernate/boot/spi/InFlightMetadataCollector$EntityTableXref
instanceKlass org/hibernate/annotations/RowId
instanceKlass org/hibernate/mapping/Table
instanceKlass org/hibernate/mapping/RelationalModel
instanceKlass org/hibernate/cfg/annotations/EntityBinder$EntityTableNamingStrategyHelper
instanceKlass org/hibernate/annotations/Check
instanceKlass javax/persistence/NamedEntityGraphs
instanceKlass javax/persistence/NamedEntityGraph
instanceKlass org/hibernate/annotations/Tuplizer
instanceKlass org/hibernate/annotations/Tuplizers
instanceKlass org/hibernate/annotations/Subselect
instanceKlass org/hibernate/annotations/Synchronize
instanceKlass org/hibernate/annotations/Loader
instanceKlass org/hibernate/annotations/SQLDeleteAll
instanceKlass org/hibernate/annotations/SQLDelete
instanceKlass org/hibernate/annotations/SQLUpdate
instanceKlass org/hibernate/annotations/SQLInsert
instanceKlass org/hibernate/annotations/Persister
instanceKlass org/hibernate/annotations/Filter
instanceKlass org/hibernate/annotations/Filters
instanceKlass org/hibernate/annotations/NaturalIdCache
instanceKlass org/hibernate/cfg/annotations/EntityBinder$1
instanceKlass org/hibernate/cfg/annotations/EntityBinder$LocalCacheAnnotationStub
instanceKlass javax/persistence/Cacheable
instanceKlass org/hibernate/annotations/Cache
instanceKlass org/hibernate/annotations/Where
instanceKlass org/hibernate/annotations/BatchSize
instanceKlass org/hibernate/annotations/Proxy
instanceKlass org/hibernate/annotations/DiscriminatorOptions
instanceKlass javax/persistence/DiscriminatorValue
instanceKlass org/hibernate/mapping/Column
instanceKlass org/hibernate/mapping/Selectable
instanceKlass org/hibernate/cfg/Ejb3Column
instanceKlass org/hibernate/annotations/DiscriminatorFormula
instanceKlass javax/persistence/DiscriminatorColumn
instanceKlass javax/persistence/PrimaryKeyJoinColumn
instanceKlass javax/persistence/PrimaryKeyJoinColumns
instanceKlass org/hibernate/cfg/annotations/TableBinder
instanceKlass org/hibernate/annotations/AnyMetaDefs
instanceKlass org/hibernate/annotations/AnyMetaDef
instanceKlass org/hibernate/annotations/TypeDefs
instanceKlass org/hibernate/annotations/TypeDef
instanceKlass org/hibernate/annotations/FilterDefs
instanceKlass org/hibernate/annotations/FilterDef
instanceKlass org/hibernate/annotations/NamedNativeQueries
instanceKlass org/hibernate/annotations/NamedNativeQuery
instanceKlass org/hibernate/annotations/NamedQueries
instanceKlass org/hibernate/annotations/NamedQuery
instanceKlass javax/persistence/NamedNativeQueries
instanceKlass javax/persistence/NamedQueries
instanceKlass javax/persistence/SqlResultSetMappings
instanceKlass org/hibernate/cfg/SecondaryTableSecondPass
instanceKlass org/hibernate/cfg/CreateKeySecondPass
instanceKlass org/hibernate/cfg/FkSecondPass
instanceKlass org/hibernate/cfg/CopyIdentifierComponentSecondPass
instanceKlass org/hibernate/cfg/SetSimpleValueTypeSecondPass
instanceKlass org/hibernate/cfg/PkDrivenByDefaultMapsIdSecondPass
instanceKlass org/hibernate/cfg/IdGeneratorResolverSecondPass
instanceKlass org/hibernate/cfg/annotations/ResultsetMappingSecondPass
instanceKlass org/hibernate/cfg/QuerySecondPass
instanceKlass org/hibernate/cfg/SecondPass
instanceKlass org/hibernate/cfg/annotations/QueryBinder
instanceKlass org/hibernate/annotations/Polymorphism
instanceKlass org/hibernate/annotations/OptimisticLocking
instanceKlass org/hibernate/annotations/SelectBeforeUpdate
instanceKlass org/hibernate/annotations/DynamicUpdate
instanceKlass org/hibernate/annotations/DynamicInsert
instanceKlass org/hibernate/cfg/BinderHelper
instanceKlass org/hibernate/cfg/annotations/EntityBinder$SecondaryTableNamingStrategyHelper
instanceKlass org/hibernate/boot/model/naming/NamingStrategyHelper
instanceKlass org/hibernate/cfg/annotations/EntityBinder
instanceKlass org/hibernate/annotations/Entity
instanceKlass org/hibernate/sql/Alias
instanceKlass org/hibernate/mapping/PersistentClass
instanceKlass org/hibernate/mapping/MetaAttributable
instanceKlass org/hibernate/mapping/Filterable
instanceKlass org/hibernate/mapping/AttributeContainer
instanceKlass org/hibernate/mapping/TableOwner
instanceKlass javax/persistence/Inheritance
instanceKlass org/hibernate/cfg/InheritanceState
instanceKlass org/hibernate/annotations/common/reflection/java/generics/CompoundTypeEnvironment
instanceKlass org/hibernate/annotations/common/reflection/java/generics/TypeEnvironmentFactory
instanceKlass javax/persistence/NamedStoredProcedureQueries
instanceKlass javax/persistence/NamedStoredProcedureQuery
instanceKlass javax/persistence/SqlResultSetMapping
instanceKlass javax/persistence/NamedNativeQuery
instanceKlass javax/persistence/NamedQuery
instanceKlass javax/persistence/SequenceGenerators
instanceKlass javax/persistence/TableGenerators
instanceKlass javax/persistence/TableGenerator
instanceKlass javax/persistence/SequenceGenerator
instanceKlass org/hibernate/cfg/AnnotationBinder
instanceKlass javax/persistence/EntityListeners
instanceKlass org/hibernate/cfg/annotations/reflection/XMLContext$Default
instanceKlass org/hibernate/boot/model/source/internal/annotations/AnnotationMetadataSourceProcessorImpl$1
instanceKlass org/hibernate/boot/spi/JpaOrmXmlPersistenceUnitDefaultAware$JpaOrmXmlPersistenceUnitDefaults
instanceKlass org/hibernate/annotations/common/reflection/java/JavaAnnotationReader
instanceKlass org/hibernate/annotations/common/reflection/AnnotationReader
instanceKlass org/hibernate/annotations/common/reflection/java/TypeEnvironmentMap$ContextScope$$Lambda$671
instanceKlass org/hibernate/annotations/common/reflection/java/TypeEnvironmentMap$$Lambda$670
instanceKlass org/hibernate/annotations/common/reflection/java/generics/TypeSwitch
instanceKlass org/hibernate/annotations/common/reflection/java/generics/IdentityTypeEnvironment
instanceKlass org/hibernate/boot/model/source/internal/annotations/AnnotationMetadataSourceProcessorImpl$AttributeConverterManager
instanceKlass org/hibernate/cfg/annotations/reflection/AttributeConverterDefinitionCollector
instanceKlass org/hibernate/boot/model/source/internal/annotations/AnnotationMetadataSourceProcessorImpl
instanceKlass org/hibernate/boot/model/source/internal/hbm/RelationalObjectBinder
instanceKlass org/hibernate/boot/model/source/internal/hbm/ModelBinder
instanceKlass org/hibernate/boot/model/source/internal/hbm/EntityHierarchyBuilder
instanceKlass org/hibernate/boot/model/source/internal/hbm/HbmMetadataSourceProcessorImpl
instanceKlass org/hibernate/boot/model/process/spi/MetadataBuildingProcess$1
instanceKlass org/hibernate/boot/model/source/spi/MetadataSourceProcessor
instanceKlass org/hibernate/boot/model/naming/ObjectNameNormalizer
instanceKlass org/hibernate/boot/internal/MetadataBuildingContextRootImpl
instanceKlass org/hibernate/boot/spi/MetadataBuildingContext
instanceKlass org/hibernate/boot/model/TypeContributor
instanceKlass org/hibernate/boot/model/process/spi/MetadataBuildingProcess$2
instanceKlass org/hibernate/boot/internal/InFlightMetadataCollectorImpl$$Lambda$669
instanceKlass org/hibernate/boot/model/relational/AuxiliaryDatabaseObject
instanceKlass org/hibernate/boot/model/relational/Exportable
instanceKlass org/hibernate/boot/model/relational/Namespace$ComparableHelper
instanceKlass org/hibernate/boot/model/relational/Namespace
instanceKlass org/hibernate/boot/model/relational/Namespace$Name
instanceKlass org/hibernate/engine/jdbc/internal/ResultSetWrapperImpl
instanceKlass org/hibernate/engine/jdbc/spi/ResultSetWrapper
instanceKlass org/hibernate/engine/jdbc/spi/SqlStatementLogger
instanceKlass org/hibernate/engine/jdbc/LobCreator
instanceKlass org/hibernate/engine/jdbc/internal/JdbcServicesImpl
instanceKlass org/hibernate/boot/model/relational/Database
instanceKlass com/zaxxer/hikari/pool/ProxyConnection$ClosedConnection$$Lambda$668
instanceKlass com/zaxxer/hikari/pool/ProxyConnection$ClosedConnection
instanceKlass com/mysql/cj/protocol/WatchableStream
instanceKlass com/mysql/cj/jdbc/Clob
instanceKlass com/mysql/cj/protocol/WriterWatcher
instanceKlass com/mysql/cj/protocol/OutputStreamWatcher
instanceKlass org/hibernate/engine/jdbc/env/internal/LobCreatorBuilderImpl
instanceKlass org/hibernate/engine/jdbc/env/spi/LobCreatorBuilder
instanceKlass org/hibernate/engine/jdbc/env/internal/QualifiedObjectNameFormatterStandardImpl$CatalogNameFormat
instanceKlass org/hibernate/engine/jdbc/env/internal/QualifiedObjectNameFormatterStandardImpl$Format
instanceKlass org/hibernate/engine/jdbc/env/internal/QualifiedObjectNameFormatterStandardImpl$1
instanceKlass org/hibernate/engine/jdbc/env/internal/QualifiedObjectNameFormatterStandardImpl
instanceKlass org/hibernate/engine/jdbc/env/spi/QualifiedObjectNameFormatter
instanceKlass org/hibernate/boot/model/naming/Identifier
instanceKlass org/hibernate/engine/jdbc/env/internal/ExtractedDatabaseMetaDataImpl
instanceKlass org/hibernate/engine/jdbc/env/spi/ExtractedDatabaseMetaData
instanceKlass org/hibernate/tool/schema/extract/spi/ExtractionContext$EmptyExtractionContext
instanceKlass org/hibernate/tool/schema/extract/spi/ExtractionContext
instanceKlass org/hibernate/tool/schema/extract/internal/SequenceInformationExtractorNoOpImpl
instanceKlass org/hibernate/tool/schema/extract/spi/SequenceInformationExtractor
instanceKlass org/hibernate/engine/jdbc/env/internal/DefaultSchemaNameResolver$SchemaNameResolverJava17Delegate
instanceKlass java/sql/Savepoint
instanceKlass java/sql/Struct
instanceKlass java/sql/SQLXML
instanceKlass java/sql/Array
instanceKlass org/hibernate/engine/jdbc/env/internal/DefaultSchemaNameResolver
instanceKlass org/hibernate/engine/jdbc/env/spi/SchemaNameResolver
instanceKlass com/mysql/cj/protocol/result/AbstractResultsetRow$1
instanceKlass com/zaxxer/hikari/pool/ProxyResultSet
instanceKlass com/mysql/cj/jdbc/DatabaseMetaData$11
instanceKlass org/hibernate/engine/jdbc/spi/TypeInfo
instanceKlass org/hibernate/engine/jdbc/cursor/internal/StandardRefCursorSupport
instanceKlass org/hibernate/engine/jdbc/env/internal/ExtractedDatabaseMetaDataImpl$Builder
instanceKlass org/hibernate/engine/jdbc/env/internal/NormalizingIdentifierHelperImpl
instanceKlass org/hibernate/engine/jdbc/env/spi/IdentifierHelper
instanceKlass org/hibernate/engine/jdbc/env/spi/AnsiSqlKeywords
instanceKlass java/util/regex/Pattern$1MatcherIterator
instanceKlass org/hibernate/boot/model/source/internal/hbm/CommaSeparatedStringHelper
instanceKlass com/mysql/cj/result/DefaultValueFactory
instanceKlass com/mysql/cj/AbstractQuery
instanceKlass com/mysql/cj/jdbc/StatementImpl
instanceKlass com/mysql/cj/jdbc/JdbcStatement
instanceKlass com/mysql/cj/Query
instanceKlass org/hibernate/internal/util/collections/ArrayHelper
instanceKlass org/hibernate/engine/jdbc/env/spi/IdentifierHelperBuilder
instanceKlass org/hibernate/engine/jdbc/spi/SqlExceptionHelper$WarningHandlerLoggingSupport
instanceKlass org/hibernate/engine/jdbc/spi/SqlExceptionHelper$WarningHandler
instanceKlass org/hibernate/exception/internal/SQLStateConverter$1
instanceKlass org/hibernate/engine/jdbc/spi/SqlExceptionHelper$1
instanceKlass org/hibernate/engine/jdbc/spi/SqlExceptionHelper
instanceKlass org/hibernate/exception/spi/AbstractSQLExceptionConversionDelegate
instanceKlass org/hibernate/dialect/MySQLDialect$3
instanceKlass org/hibernate/exception/spi/SQLExceptionConversionDelegate
instanceKlass org/hibernate/exception/internal/StandardSQLExceptionConverter
instanceKlass org/hibernate/exception/spi/SQLExceptionConverter
instanceKlass org/hibernate/engine/jdbc/env/internal/JdbcEnvironmentImpl
instanceKlass org/hibernate/dialect/function/NoArgSQLFunction
instanceKlass org/hibernate/dialect/InnoDBStorageEngine
instanceKlass org/hibernate/dialect/MySQLStorageEngine
instanceKlass org/hibernate/dialect/unique/DefaultUniqueDelegate
instanceKlass org/hibernate/dialect/unique/UniqueDelegate
instanceKlass org/hibernate/dialect/function/CastFunction
instanceKlass org/hibernate/dialect/function/TemplateRenderer
instanceKlass org/hibernate/dialect/function/SQLFunctionTemplate
instanceKlass org/hibernate/type/StandardBasicTypes
instanceKlass org/hibernate/dialect/function/StandardSQLFunction
instanceKlass org/hibernate/dialect/function/SQLFunction
instanceKlass org/hibernate/dialect/function/StandardAnsiSqlAggregationFunctions
instanceKlass org/hibernate/dialect/Dialect$5
instanceKlass org/hibernate/loader/BatchLoadSizingStrategy
instanceKlass org/hibernate/tool/schema/internal/StandardAuxiliaryDatabaseObjectExporter
instanceKlass org/hibernate/tool/schema/internal/StandardUniqueKeyExporter
instanceKlass org/hibernate/tool/schema/internal/StandardForeignKeyExporter
instanceKlass org/hibernate/tool/schema/internal/StandardIndexExporter
instanceKlass org/hibernate/tool/schema/internal/StandardSequenceExporter
instanceKlass org/hibernate/tool/schema/internal/StandardTableExporter
instanceKlass org/hibernate/tool/schema/spi/Exporter
instanceKlass org/hibernate/dialect/TypeNames
instanceKlass org/hibernate/exception/spi/TemplatedViolatedConstraintNameExtracter
instanceKlass org/hibernate/dialect/pagination/AbstractLimitHandler
instanceKlass org/hibernate/dialect/pagination/LimitHandler
instanceKlass org/hibernate/dialect/Dialect$4
instanceKlass org/hibernate/exception/spi/ViolatedConstraintNameExtracter
instanceKlass org/hibernate/dialect/Dialect$3
instanceKlass org/hibernate/dialect/Dialect$2
instanceKlass org/hibernate/dialect/Dialect$1
instanceKlass org/hibernate/dialect/LobMergeStrategy
instanceKlass org/hibernate/engine/jdbc/env/internal/JdbcEnvironmentInitiator$1
instanceKlass com/zaxxer/hikari/pool/ProxyDatabaseMetaData
instanceKlass com/zaxxer/hikari/pool/ProxyConnection
instanceKlass com/zaxxer/hikari/pool/ProxyFactory
instanceKlass com/zaxxer/hikari/pool/ProxyLeakTask
instanceKlass com/zaxxer/hikari/pool/HikariPool$HouseKeeper
instanceKlass com/zaxxer/hikari/pool/ProxyLeakTaskFactory
instanceKlass java/util/concurrent/ThreadPoolExecutor$CallerRunsPolicy
instanceKlass java/util/concurrent/ThreadPoolExecutor$DiscardOldestPolicy
instanceKlass com/zaxxer/hikari/pool/PoolBase$NopMetricsTrackerDelegate
instanceKlass com/zaxxer/hikari/pool/PoolBase$IMetricsTrackerDelegate
instanceKlass com/zaxxer/hikari/pool/HikariPool$$Lambda$667
instanceKlass com/mysql/cj/jdbc/ConnectionImpl$NetworkTimeoutSetter
instanceKlass com/mysql/cj/protocol/NetworkResources
instanceKlass com/mysql/cj/jdbc/ConnectionImpl$$Lambda$666
instanceKlass com/mysql/cj/WarningListener
instanceKlass com/mysql/cj/jdbc/result/ResultSetInternalMethods
instanceKlass com/mysql/cj/protocol/ResultsetRowsOwner
instanceKlass java/time/zone/ZoneOffsetTransitionRule
instanceKlass java/time/zone/ZoneRules
instanceKlass com/mysql/cj/LicenseConfiguration
instanceKlass com/mysql/cj/result/StringValueFactory
instanceKlass com/mysql/cj/result/ValueFactory
instanceKlass com/mysql/cj/protocol/a/result/NativeResultset
instanceKlass com/mysql/cj/protocol/a/result/AbstractResultsetRows
instanceKlass com/mysql/cj/protocol/ResultsetRows
instanceKlass com/mysql/cj/result/RowList
instanceKlass com/mysql/cj/protocol/result/AbstractResultsetRow
instanceKlass com/mysql/cj/result/DefaultColumnDefinition$1
instanceKlass com/mysql/cj/protocol/a/MysqlTextValueDecoder
instanceKlass com/mysql/cj/protocol/ValueDecoder
instanceKlass com/mysql/cj/protocol/a/AbstractRowFactory
instanceKlass com/mysql/cj/result/DefaultColumnDefinition
instanceKlass com/mysql/cj/result/Field$1
instanceKlass com/mysql/cj/protocol/a/ColumnDefinitionReader$1
instanceKlass java/sql/SQLType
instanceKlass com/mysql/cj/util/LazyString
instanceKlass com/mysql/cj/result/Field
instanceKlass com/mysql/cj/protocol/a/ColumnDefinitionFactory
instanceKlass com/mysql/cj/protocol/a/ResultsetFactory
instanceKlass com/mysql/cj/protocol/a/MultiPacketReader
instanceKlass com/mysql/cj/protocol/a/TimeTrackingPacketReader
instanceKlass com/mysql/cj/protocol/a/TimeTrackingPacketSender
instanceKlass com/mysql/cj/protocol/a/result/OkPacket
instanceKlass com/mysql/cj/protocol/a/NativeUtils
instanceKlass com/mysql/cj/protocol/a/PacketSplitter
instanceKlass com/mysql/cj/Collation
instanceKlass java/nio/charset/Charset$ExtendedProviderHolder$1
instanceKlass java/nio/charset/Charset$ExtendedProviderHolder
instanceKlass com/mysql/cj/MysqlCharset
instanceKlass com/mysql/cj/CharsetMapping
instanceKlass com/mysql/cj/protocol/Security
instanceKlass com/mysql/cj/protocol/a/authentication/AuthenticationLdapSaslClientPlugin$$Lambda$665
instanceKlass javax/security/auth/callback/CallbackHandler
instanceKlass javax/security/auth/callback/Callback
instanceKlass com/mysql/cj/protocol/a/authentication/AuthenticationLdapSaslClientPlugin
instanceKlass com/mysql/cj/protocol/a/authentication/MysqlOldPasswordPlugin
instanceKlass com/mysql/cj/protocol/a/authentication/Sha256PasswordPlugin
instanceKlass com/mysql/cj/protocol/a/authentication/MysqlClearPasswordPlugin
instanceKlass com/mysql/cj/protocol/a/authentication/MysqlNativePasswordPlugin
instanceKlass com/mysql/cj/protocol/AuthenticationPlugin
instanceKlass com/mysql/cj/ServerVersion
instanceKlass com/mysql/cj/protocol/a/NativePacketPayload$1
instanceKlass com/mysql/cj/protocol/a/NativeCapabilities
instanceKlass com/mysql/cj/protocol/ServerCapabilities
instanceKlass com/mysql/cj/protocol/a/NativePacketHeader
instanceKlass com/mysql/cj/protocol/MessageHeader
instanceKlass com/mysql/cj/protocol/a/NativeServerSession
instanceKlass com/mysql/cj/protocol/ServerSession
instanceKlass com/mysql/cj/protocol/a/BinaryResultsetReader
instanceKlass com/mysql/cj/protocol/a/TextResultsetReader
instanceKlass com/mysql/cj/protocol/Resultset
instanceKlass com/mysql/cj/protocol/a/ResultsetRowReader
instanceKlass com/mysql/cj/protocol/ResultsetRow
instanceKlass com/mysql/cj/result/Row
instanceKlass com/mysql/cj/protocol/a/ColumnDefinitionReader
instanceKlass com/mysql/cj/protocol/ProtocolEntityReader
instanceKlass com/mysql/cj/protocol/ColumnDefinition
instanceKlass com/mysql/cj/protocol/ProtocolEntity
instanceKlass com/mysql/cj/protocol/a/NativeAuthenticationProvider$$Lambda$664
instanceKlass com/mysql/cj/callback/MysqlCallbackHandler
instanceKlass com/mysql/cj/callback/MysqlCallback
instanceKlass com/mysql/cj/protocol/a/NativeAuthenticationProvider
instanceKlass com/mysql/cj/protocol/AuthenticationProvider
instanceKlass com/mysql/cj/protocol/a/SimplePacketReader
instanceKlass com/mysql/cj/protocol/MessageReader
instanceKlass com/mysql/cj/protocol/a/SimplePacketSender
instanceKlass com/mysql/cj/protocol/MessageSender
instanceKlass com/mysql/cj/protocol/a/NativePacketPayload
instanceKlass com/mysql/cj/protocol/Message
instanceKlass com/mysql/cj/log/BaseMetricsHolder
instanceKlass com/mysql/cj/protocol/AbstractProtocol$2
instanceKlass com/mysql/cj/protocol/PacketReceivedTimeHolder
instanceKlass com/mysql/cj/protocol/AbstractProtocol$1
instanceKlass com/mysql/cj/protocol/PacketSentTimeHolder
instanceKlass com/mysql/cj/protocol/AbstractProtocol
instanceKlass com/mysql/cj/protocol/Protocol$ProtocolEventHandler
instanceKlass com/mysql/cj/conf/RuntimeProperty$RuntimePropertyListener
instanceKlass com/mysql/cj/protocol/Protocol
instanceKlass java/net/Socket$3
instanceKlass java/net/Socket$2
instanceKlass sun/net/NetHooks
instanceKlass java/net/Proxy
instanceKlass sun/net/spi/DefaultProxySelector$3
instanceKlass sun/net/spi/DefaultProxySelector$NonProxyInfo
instanceKlass sun/net/NetProperties$1
instanceKlass sun/net/NetProperties
instanceKlass sun/net/spi/DefaultProxySelector$1
instanceKlass java/net/ProxySelector
instanceKlass java/net/SocksSocketImpl$3
instanceKlass java/net/InetSocketAddress$InetSocketAddressHolder
instanceKlass java/net/SocketAddress
instanceKlass sun/misc/FloatingDecimal$ASCIIToBinaryBuffer
instanceKlass java/net/PlainSocketImpl$1
instanceKlass java/net/AbstractPlainSocketImpl$1
instanceKlass java/net/SocketImpl
instanceKlass java/net/SocketOptions
instanceKlass java/net/SocksConsts
instanceKlass java/net/Socket
instanceKlass com/mysql/cj/protocol/StandardSocketFactory
instanceKlass com/mysql/cj/protocol/SocketFactory
instanceKlass com/mysql/cj/protocol/SocketMetadata
instanceKlass com/mysql/cj/protocol/AbstractSocketConnection
instanceKlass com/mysql/cj/protocol/SocketConnection
instanceKlass com/mysql/cj/jdbc/ConnectionImpl$$Lambda$663
instanceKlass com/mysql/cj/NoSubInterceptorWrapper
instanceKlass com/mysql/cj/interceptors/QueryInterceptor
instanceKlass com/mysql/cj/jdbc/DatabaseMetaData
instanceKlass java/sql/DatabaseMetaData
instanceKlass com/mysql/cj/protocol/a/NativeMessageBuilder
instanceKlass com/mysql/cj/MessageBuilder
instanceKlass com/mysql/cj/log/LogFactory
instanceKlass com/mysql/cj/log/NullLogger
instanceKlass com/mysql/cj/CoreSession
instanceKlass com/mysql/cj/Session
instanceKlass com/mysql/cj/jdbc/result/ResultSetFactory
instanceKlass com/mysql/cj/protocol/ProtocolEntityFactory
instanceKlass com/mysql/cj/conf/AbstractRuntimeProperty
instanceKlass com/mysql/cj/conf/RuntimeProperty
instanceKlass com/mysql/cj/PerConnectionLRUFactory
instanceKlass com/mysql/cj/util/PerVmServerConfigCacheFactory
instanceKlass com/mysql/cj/CacheAdapterFactory
instanceKlass com/mysql/cj/conf/AbstractPropertyDefinition
instanceKlass com/mysql/cj/conf/PropertyDefinition
instanceKlass com/mysql/cj/conf/PropertyDefinitions
instanceKlass com/mysql/cj/conf/DefaultPropertySet
instanceKlass com/mysql/cj/jdbc/JdbcPropertySet
instanceKlass com/mysql/cj/conf/PropertySet
instanceKlass com/mysql/cj/conf/HostInfo$$Lambda$662
instanceKlass com/mysql/cj/log/StandardLogger
instanceKlass com/mysql/cj/log/Log
instanceKlass com/mysql/cj/jdbc/ConnectionImpl
instanceKlass com/mysql/cj/Session$SessionEventListener
instanceKlass com/mysql/cj/jdbc/JdbcConnection
instanceKlass com/mysql/cj/TransactionEventHandler
instanceKlass com/mysql/cj/MysqlConnection
instanceKlass com/mysql/cj/jdbc/NonRegisteringDriver$1
instanceKlass com/mysql/cj/conf/ConnectionUrl$$Lambda$661
instanceKlass com/mysql/cj/conf/ConnectionUrl$$Lambda$660
instanceKlass com/mysql/cj/conf/ConnectionUrl$$Lambda$659
instanceKlass com/mysql/cj/conf/ConnectionUrl$$Lambda$658
instanceKlass com/mysql/cj/conf/ConnectionUrl$$Lambda$657
instanceKlass java/math/MathContext
instanceKlass com/mysql/cj/Messages
instanceKlass com/mysql/cj/Constants
instanceKlass com/mysql/cj/util/Util
instanceKlass com/mysql/cj/conf/HostInfo
instanceKlass com/mysql/cj/conf/ConnectionUrlParser$Pair
instanceKlass java/util/stream/Collectors$$Lambda$656
instanceKlass java/util/stream/Collectors$$Lambda$655
instanceKlass java/util/stream/Collectors$$Lambda$654
instanceKlass java/util/stream/Collectors$$Lambda$653
instanceKlass java/util/StringJoiner
instanceKlass com/mysql/cj/conf/ConnectionUrl$$Lambda$652
instanceKlass com/zaxxer/hikari/util/FastList
instanceKlass com/zaxxer/hikari/pool/PoolEntry
instanceKlass com/zaxxer/hikari/util/ConcurrentBag$IConcurrentBagEntry
instanceKlass com/zaxxer/hikari/util/ClockSource$NanosecondClockSource
instanceKlass com/zaxxer/hikari/util/ClockSource$Factory
instanceKlass com/zaxxer/hikari/util/ClockSource
instanceKlass java/util/concurrent/ThreadPoolExecutor$DiscardPolicy
instanceKlass com/zaxxer/hikari/util/UtilityElf$DefaultThreadFactory
instanceKlass com/zaxxer/hikari/pool/HikariPool$$Lambda$651
instanceKlass com/zaxxer/hikari/util/SuspendResumeLock
instanceKlass com/zaxxer/hikari/util/ConcurrentBag$$Lambda$650
instanceKlass java/util/concurrent/SynchronousQueue$TransferQueue$QNode
instanceKlass java/util/concurrent/SynchronousQueue$Transferer
instanceKlass com/zaxxer/hikari/util/ConcurrentBag
instanceKlass com/zaxxer/hikari/pool/HikariPool$PoolEntryCreator
instanceKlass com/zaxxer/hikari/pool/PoolBase$SynchronousExecutor
instanceKlass java/net/URLEncoder
instanceKlass java/net/URLDecoder
instanceKlass com/mysql/cj/util/StringUtils
instanceKlass com/mysql/cj/conf/ConnectionUrlParser
instanceKlass com/mysql/cj/conf/ConnectionUrl
instanceKlass com/mysql/cj/conf/DatabaseUrlContainer
instanceKlass com/zaxxer/hikari/util/DriverDataSource
instanceKlass com/zaxxer/hikari/SQLExceptionOverride
instanceKlass com/zaxxer/hikari/util/UtilityElf
instanceKlass org/hibernate/engine/jdbc/env/internal/JdbcEnvironmentInitiator$ConnectionProviderJdbcConnectionAccess
instanceKlass org/hibernate/engine/jdbc/connections/spi/JdbcConnectionAccess
instanceKlass javax/naming/event/NamespaceChangeListener
instanceKlass javax/naming/event/NamingListener
instanceKlass org/hibernate/engine/jndi/internal/JndiServiceImpl
instanceKlass org/hibernate/engine/jdbc/dialect/spi/DialectResolutionInfo
instanceKlass org/hibernate/engine/jdbc/dialect/internal/StandardDialectResolver
instanceKlass org/hibernate/engine/jdbc/dialect/internal/DialectResolverSet
instanceKlass org/hibernate/engine/jdbc/dialect/spi/DialectResolutionInfoSource
instanceKlass org/hibernate/engine/jdbc/dialect/internal/DialectFactoryImpl
instanceKlass org/hibernate/id/enhanced/TableGenerator
instanceKlass org/hibernate/id/ForeignGenerator
instanceKlass org/hibernate/id/IncrementGenerator
instanceKlass org/hibernate/id/SequenceGenerator
instanceKlass org/hibernate/id/enhanced/SequenceStyleGenerator
instanceKlass org/hibernate/id/PersistentIdentifierGenerator
instanceKlass org/hibernate/boot/model/relational/ExportableProducer
instanceKlass org/hibernate/id/AbstractPostInsertGenerator
instanceKlass org/hibernate/id/BulkInsertionCapableIdentifierGenerator
instanceKlass org/hibernate/id/PostInsertIdentifierGenerator
instanceKlass org/hibernate/id/Assigned
instanceKlass org/hibernate/id/AbstractUUIDGenerator
instanceKlass org/hibernate/id/GUIDGenerator
instanceKlass org/hibernate/id/UUIDGenerator
instanceKlass org/hibernate/id/Configurable
instanceKlass org/hibernate/id/IdentifierGenerator
instanceKlass org/hibernate/id/factory/internal/DefaultIdentifierGeneratorFactory
instanceKlass org/hibernate/boot/model/convert/internal/AttributeConverterManager$$Lambda$649
instanceKlass org/hibernate/internal/util/StringHelper$Renderer
instanceKlass org/hibernate/boot/model/convert/spi/ConverterDescriptor
instanceKlass org/hibernate/boot/model/convert/internal/AttributeConverterManager
instanceKlass org/hibernate/boot/model/convert/spi/ConverterAutoApplyHandler
instanceKlass org/hibernate/boot/internal/InFlightMetadataCollectorImpl
instanceKlass org/hibernate/boot/spi/InFlightMetadataCollector
instanceKlass org/hibernate/boot/spi/MetadataImplementor
instanceKlass org/hibernate/boot/Metadata
instanceKlass org/hibernate/boot/archive/scan/internal/StandardScanParameters
instanceKlass org/hibernate/boot/archive/scan/spi/ScanParameters
instanceKlass org/hibernate/boot/archive/scan/internal/ScanResultImpl
instanceKlass org/hibernate/boot/archive/scan/spi/ScanResult
instanceKlass javax/xml/stream/FactoryFinder$1
instanceKlass javax/xml/stream/SecuritySupport$5
instanceKlass javax/xml/stream/SecuritySupport$2
instanceKlass javax/xml/stream/SecuritySupport
instanceKlass javax/xml/stream/FactoryFinder
instanceKlass javax/xml/stream/XMLEventFactory
instanceKlass org/hibernate/boot/jaxb/internal/stax/LocalXmlResourceResolver$DtdMapping
instanceKlass org/hibernate/boot/jaxb/internal/stax/LocalSchemaLocator
instanceKlass org/hibernate/boot/jaxb/internal/stax/LocalXmlResourceResolver$NamespaceSchemaMapping
instanceKlass org/hibernate/boot/jaxb/internal/stax/LocalXmlResourceResolver
instanceKlass org/hibernate/boot/jaxb/internal/AbstractBinder
instanceKlass org/hibernate/boot/jaxb/spi/Binder
instanceKlass org/hibernate/boot/spi/XmlMappingBinderAccess
instanceKlass org/hibernate/boot/model/process/internal/ScanningCoordinator
instanceKlass org/hibernate/boot/model/process/internal/ManagedResourcesImpl$$Lambda$648
instanceKlass org/hibernate/boot/AttributeConverterInfo
instanceKlass org/hibernate/boot/model/process/internal/ManagedResourcesImpl
instanceKlass org/hibernate/boot/model/process/spi/ManagedResources
instanceKlass org/hibernate/boot/model/process/spi/MetadataBuildingProcess
instanceKlass org/hibernate/jpa/boot/internal/StandardJpaScanEnvironmentImpl
instanceKlass org/hibernate/boot/archive/scan/spi/ScanEnvironment
instanceKlass org/hibernate/boot/spi/MetadataBuilderFactory
instanceKlass org/hibernate/boot/spi/MetadataBuilderInitializer
instanceKlass org/hibernate/boot/cfgxml/internal/CfgXmlAccessServiceImpl
instanceKlass org/hibernate/boot/spi/MetadataSourcesContributor
instanceKlass org/hibernate/type/internal/TypeConfigurationRegistry
instanceKlass org/hibernate/type/TypeResolver
instanceKlass org/hibernate/type/TypeFactory$$Lambda$647
instanceKlass org/hibernate/type/TypeFactory$TypeScope
instanceKlass org/hibernate/type/TypeFactory
instanceKlass org/hibernate/type/spi/TypeBootstrapContext
instanceKlass org/hibernate/type/AbstractType
instanceKlass org/hibernate/type/AssociationType
instanceKlass org/hibernate/type/CompositeType
instanceKlass org/hibernate/annotations/Immutable
instanceKlass org/hibernate/type/descriptor/java/NClobTypeDescriptor$NClobMutabilityPlan
instanceKlass java/sql/NClob
instanceKlass org/hibernate/type/descriptor/java/ClobTypeDescriptor$ClobMutabilityPlan
instanceKlass java/sql/Clob
instanceKlass org/hibernate/type/descriptor/java/BlobTypeDescriptor$BlobMutabilityPlan
instanceKlass java/sql/Blob
instanceKlass org/hibernate/type/descriptor/java/MutableMutabilityPlan
instanceKlass java/time/temporal/TemporalQueries$$Lambda$646
instanceKlass java/time/temporal/TemporalQueries$$Lambda$645
instanceKlass java/time/temporal/TemporalQueries$$Lambda$644
instanceKlass java/time/temporal/TemporalQueries$$Lambda$643
instanceKlass java/time/temporal/TemporalQueries$$Lambda$642
instanceKlass java/time/temporal/TemporalQueries$$Lambda$641
instanceKlass java/time/temporal/TemporalQueries$$Lambda$640
instanceKlass java/time/temporal/TemporalQueries
instanceKlass org/hibernate/type/VersionType
instanceKlass org/hibernate/internal/util/compare/ComparableComparator
instanceKlass org/hibernate/type/descriptor/java/ImmutableMutabilityPlan
instanceKlass org/hibernate/type/descriptor/java/MutabilityPlan
instanceKlass org/hibernate/type/descriptor/java/AbstractTypeDescriptor
instanceKlass org/hibernate/type/descriptor/java/BasicJavaDescriptor
instanceKlass org/hibernate/type/descriptor/java/JavaTypeDescriptor
instanceKlass org/hibernate/engine/jdbc/Size
instanceKlass org/hibernate/type/AbstractStandardBasicType
instanceKlass org/hibernate/type/ProcedureParameterNamedBinder
instanceKlass org/hibernate/type/ProcedureParameterExtractionAware
instanceKlass org/hibernate/type/StringRepresentableType
instanceKlass org/hibernate/type/BasicType
instanceKlass org/hibernate/type/SingleColumnType
instanceKlass org/hibernate/type/DiscriminatorType
instanceKlass org/hibernate/type/IdentifierType
instanceKlass org/hibernate/type/Type
instanceKlass org/hibernate/type/PrimitiveType
instanceKlass org/hibernate/type/LiteralType
instanceKlass org/hibernate/type/BasicTypeRegistry
instanceKlass org/hibernate/type/descriptor/sql/NClobTypeDescriptor
instanceKlass org/hibernate/type/descriptor/sql/NVarcharTypeDescriptor
instanceKlass org/hibernate/type/descriptor/sql/ClobTypeDescriptor
instanceKlass org/hibernate/type/descriptor/sql/VarcharTypeDescriptor
instanceKlass org/hibernate/type/descriptor/sql/BlobTypeDescriptor
instanceKlass org/hibernate/type/descriptor/sql/VarbinaryTypeDescriptor
instanceKlass org/hibernate/type/descriptor/sql/TimeTypeDescriptor
instanceKlass org/hibernate/type/descriptor/sql/TimestampTypeDescriptor
instanceKlass org/hibernate/type/descriptor/sql/DateTypeDescriptor
instanceKlass org/hibernate/type/descriptor/sql/TinyIntTypeDescriptor
instanceKlass org/hibernate/type/descriptor/sql/SmallIntTypeDescriptor
instanceKlass org/hibernate/type/descriptor/sql/IntegerTypeDescriptor
instanceKlass org/hibernate/type/descriptor/sql/RealTypeDescriptor
instanceKlass org/hibernate/type/descriptor/sql/DoubleTypeDescriptor
instanceKlass org/hibernate/type/descriptor/sql/DecimalTypeDescriptor
instanceKlass org/hibernate/type/descriptor/sql/BigIntTypeDescriptor
instanceKlass org/hibernate/type/descriptor/sql/BitTypeDescriptor
instanceKlass org/hibernate/type/descriptor/sql/BooleanTypeDescriptor
instanceKlass org/hibernate/type/descriptor/sql/SqlTypeDescriptor
instanceKlass org/hibernate/type/descriptor/sql/SqlTypeDescriptorRegistry
instanceKlass org/hibernate/type/descriptor/java/spi/JavaTypeDescriptorRegistry
instanceKlass java/util/UUID$Holder
instanceKlass org/hibernate/id/uuid/LocalObjectUuidHelper
instanceKlass org/hibernate/type/spi/TypeConfiguration$Scope
instanceKlass org/hibernate/type/spi/TypeConfiguration
instanceKlass org/hibernate/SessionFactoryObserver
instanceKlass org/hibernate/boot/archive/spi/ArchiveDescriptorFactory
instanceKlass org/hibernate/boot/archive/scan/internal/StandardScanOptions
instanceKlass org/hibernate/boot/archive/scan/spi/ScanOptions
instanceKlass org/hibernate/jpa/internal/MutableJpaComplianceImpl
instanceKlass org/hibernate/jpa/spi/MutableJpaCompliance
instanceKlass org/hibernate/jpa/spi/JpaCompliance
instanceKlass org/hibernate/cfg/annotations/reflection/XMLContext
instanceKlass org/hibernate/annotations/common/reflection/java/JavaMetadataProvider
instanceKlass org/hibernate/cfg/annotations/reflection/JPAMetadataProvider
instanceKlass org/hibernate/annotations/common/reflection/MetadataProvider
instanceKlass org/hibernate/annotations/common/reflection/java/JavaReflectionManager$$Lambda$639
instanceKlass org/hibernate/annotations/common/reflection/XMethod
instanceKlass org/hibernate/annotations/common/reflection/java/JavaReflectionManager$$Lambda$638
instanceKlass org/hibernate/annotations/common/reflection/XProperty
instanceKlass org/hibernate/annotations/common/reflection/XMember
instanceKlass org/hibernate/annotations/common/reflection/java/JavaReflectionManager$$Lambda$637
instanceKlass org/hibernate/annotations/common/reflection/java/XTypeConstruction
instanceKlass org/hibernate/annotations/common/reflection/java/JavaXAnnotatedElement
instanceKlass org/hibernate/annotations/common/reflection/XClass
instanceKlass org/hibernate/annotations/common/reflection/XAnnotatedElement
instanceKlass org/hibernate/annotations/common/reflection/java/generics/TypeEnvironment
instanceKlass org/hibernate/annotations/common/reflection/java/TypeEnvironmentMap
instanceKlass org/hibernate/annotations/common/util/StandardClassLoaderDelegateImpl
instanceKlass org/hibernate/annotations/common/reflection/ClassLoaderDelegate
instanceKlass org/hibernate/annotations/common/util/impl/Log
instanceKlass org/hibernate/annotations/common/util/impl/LoggerFactory
instanceKlass org/hibernate/annotations/common/Version
instanceKlass org/hibernate/annotations/common/reflection/java/JavaReflectionManager
instanceKlass org/hibernate/annotations/common/reflection/MetadataProviderInjector
instanceKlass org/hibernate/annotations/common/reflection/ReflectionManager
instanceKlass org/hibernate/boot/internal/ClassLoaderAccessImpl
instanceKlass org/hibernate/boot/spi/ClassLoaderAccess
instanceKlass com/fasterxml/classmate/MemberResolver
instanceKlass org/hibernate/boot/internal/ClassmateContext
instanceKlass org/hibernate/boot/internal/BootstrapContextImpl
instanceKlass org/hibernate/boot/spi/BootstrapContext
instanceKlass org/hibernate/boot/registry/selector/internal/StrategySelectorImpl$$Lambda$636
instanceKlass org/hibernate/boot/model/naming/PhysicalNamingStrategyStandardImpl
instanceKlass org/hibernate/boot/internal/MetadataBuilderImpl$MetadataBuildingOptionsImpl$3
instanceKlass org/hibernate/cache/spi/TimestampsRegion
instanceKlass org/hibernate/cache/spi/DomainDataRegion
instanceKlass org/hibernate/cache/cfg/spi/DomainDataRegionBuildingContext
instanceKlass org/hibernate/cache/cfg/spi/DomainDataRegionConfig
instanceKlass org/hibernate/cache/spi/QueryResultsRegion
instanceKlass org/hibernate/cache/spi/DirectAccessRegion
instanceKlass org/hibernate/cache/spi/Region
instanceKlass org/hibernate/engine/spi/SessionFactoryImplementor
instanceKlass org/hibernate/query/spi/QueryParameterBindingTypeResolver
instanceKlass org/hibernate/engine/spi/Mapping
instanceKlass org/hibernate/cache/spi/CacheTransactionSynchronization
instanceKlass org/hibernate/boot/spi/SessionFactoryOptions
instanceKlass org/hibernate/cache/internal/NoCachingRegionFactory
instanceKlass org/hibernate/boot/registry/selector/internal/StrategySelectorImpl$$Lambda$635
instanceKlass org/hibernate/cache/internal/StrategyCreatorRegionFactoryImpl
instanceKlass org/hibernate/boot/internal/MetadataBuilderImpl$MetadataBuildingOptionsImpl$2
instanceKlass org/hibernate/boot/internal/MetadataBuilderImpl$MetadataBuildingOptionsImpl$1
instanceKlass org/hibernate/boot/internal/MetadataBuilderImpl$MappingDefaultsImpl$1
instanceKlass org/hibernate/engine/config/spi/StandardConverters$2
instanceKlass org/hibernate/engine/config/spi/StandardConverters$1
instanceKlass org/hibernate/engine/config/spi/StandardConverters
instanceKlass org/hibernate/boot/internal/MetadataBuilderImpl$MappingDefaultsImpl
instanceKlass org/hibernate/boot/spi/MappingDefaults
instanceKlass org/hibernate/service/spi/Manageable
instanceKlass org/hibernate/service/spi/Startable
instanceKlass org/hibernate/service/spi/InjectService
instanceKlass org/hibernate/engine/config/spi/ConfigurationService$Converter
instanceKlass org/hibernate/engine/config/internal/ConfigurationServiceImpl
instanceKlass org/hibernate/boot/internal/IdGeneratorInterpreterImpl$FallbackInterpreter
instanceKlass org/hibernate/boot/internal/IdGeneratorInterpreterImpl
instanceKlass org/hibernate/boot/model/IdGeneratorStrategyInterpreter
instanceKlass org/hibernate/boot/internal/MetadataBuilderImpl$MetadataBuildingOptionsImpl
instanceKlass org/hibernate/boot/spi/JpaOrmXmlPersistenceUnitDefaultAware
instanceKlass org/hibernate/boot/spi/MetadataBuildingOptions
instanceKlass org/hibernate/boot/internal/MetadataBuilderImpl
instanceKlass org/hibernate/boot/model/TypeContributions
instanceKlass org/hibernate/boot/spi/MetadataBuilderImplementor
instanceKlass org/hibernate/boot/MetadataBuilder
instanceKlass org/hibernate/boot/MetadataSources
instanceKlass org/hibernate/event/spi/EntityCopyObserverFactory
instanceKlass org/hibernate/resource/beans/spi/ManagedBeanRegistry
instanceKlass org/hibernate/cache/spi/RegionFactory
instanceKlass org/hibernate/service/spi/SessionFactoryServiceRegistryFactory
instanceKlass org/hibernate/engine/transaction/jta/platform/spi/JtaPlatformResolver
instanceKlass org/hibernate/id/factory/spi/MutableIdentifierGeneratorFactory
instanceKlass org/hibernate/id/factory/IdentifierGeneratorFactory
instanceKlass org/hibernate/hql/spi/QueryTranslatorFactory
instanceKlass org/hibernate/engine/jdbc/cursor/spi/RefCursorSupport
instanceKlass org/hibernate/engine/jdbc/spi/JdbcServices
instanceKlass org/hibernate/engine/jdbc/batch/spi/BatchBuilder
instanceKlass org/hibernate/engine/jdbc/dialect/spi/DialectFactory
instanceKlass org/hibernate/engine/jdbc/dialect/spi/DialectResolver
instanceKlass org/hibernate/engine/jdbc/connections/spi/MultiTenantConnectionProvider
instanceKlass org/hibernate/persister/spi/PersisterFactory
instanceKlass org/hibernate/persister/spi/PersisterClassResolver
instanceKlass org/hibernate/jmx/spi/JmxService
instanceKlass org/hibernate/engine/jndi/spi/JndiService
instanceKlass org/hibernate/engine/jdbc/env/spi/JdbcEnvironment
instanceKlass org/hibernate/tool/schema/spi/SchemaManagementTool
instanceKlass org/hibernate/property/access/spi/PropertyAccessStrategyResolver
instanceKlass org/hibernate/engine/config/spi/ConfigurationService
instanceKlass org/hibernate/boot/cfgxml/spi/CfgXmlAccessService
instanceKlass org/hibernate/bytecode/spi/ProxyFactoryFactory
instanceKlass org/hibernate/boot/spi/SessionFactoryBuilderService
instanceKlass org/hibernate/internal/util/collections/CollectionHelper
instanceKlass org/hibernate/service/internal/AbstractServiceRegistryImpl
instanceKlass org/hibernate/boot/registry/StandardServiceRegistry
instanceKlass org/hibernate/service/spi/ServiceContributor
instanceKlass org/hibernate/service/internal/ProvidedService
instanceKlass org/hibernate/secure/internal/DisabledJaccServiceImpl
instanceKlass org/hibernate/secure/spi/JaccService
instanceKlass org/hibernate/jpa/boot/internal/EntityManagerFactoryBuilderImpl$$Lambda$634
instanceKlass org/hibernate/jpa/boot/internal/EntityManagerFactoryBuilderImpl$$Lambda$633
instanceKlass org/hibernate/jpa/boot/internal/EntityManagerFactoryBuilderImpl$$Lambda$632
instanceKlass org/hibernate/jpa/boot/internal/EntityManagerFactoryBuilderImpl$$Lambda$631
instanceKlass org/hibernate/internal/util/NullnessHelper
instanceKlass org/hibernate/jpa/boot/internal/EntityManagerFactoryBuilderImpl$$Lambda$630
instanceKlass org/hibernate/jpa/boot/internal/EntityManagerFactoryBuilderImpl$$Lambda$629
instanceKlass org/hibernate/jpa/boot/internal/EntityManagerFactoryBuilderImpl$$Lambda$628
instanceKlass org/hibernate/jpa/boot/internal/EntityManagerFactoryBuilderImpl$$Lambda$627
instanceKlass org/hibernate/internal/util/StringHelper
instanceKlass org/hibernate/proxy/pojo/bytebuddy/ByteBuddyProxyHelper
instanceKlass net/bytebuddy/dynamic/scaffold/FieldLocator$Factory
instanceKlass net/bytebuddy/implementation/FieldAccessor$FieldLocation$Relative
instanceKlass net/bytebuddy/implementation/FieldAccessor$FieldLocation
instanceKlass net/bytebuddy/implementation/FieldAccessor$OwnerTypeLocatable
instanceKlass net/bytebuddy/implementation/FieldAccessor$AssignerConfigurable
instanceKlass net/bytebuddy/implementation/FieldAccessor$PropertyConfigurable
instanceKlass net/bytebuddy/implementation/FieldAccessor$FieldNameExtractor$ForFixedValue
instanceKlass net/bytebuddy/implementation/FieldAccessor$FieldNameExtractor
instanceKlass net/bytebuddy/implementation/FieldAccessor
instanceKlass org/hibernate/bytecode/internal/bytebuddy/ByteBuddyState$ProxyDefinitionHelpers$2
instanceKlass net/bytebuddy/implementation/bytecode/assign/primitive/PrimitiveTypeAwareAssigner
instanceKlass net/bytebuddy/implementation/bytecode/assign/primitive/VoidAwareAssigner
instanceKlass net/bytebuddy/implementation/bytecode/assign/Assigner
instanceKlass net/bytebuddy/implementation/bind/MethodDelegationBinder$TerminationHandler
instanceKlass net/bytebuddy/implementation/bind/annotation/TargetMethodAnnotationDrivenBinder$Record
instanceKlass net/bytebuddy/implementation/bind/MethodDelegationBinder$Record
instanceKlass net/bytebuddy/implementation/bind/annotation/TargetMethodAnnotationDrivenBinder$DelegationProcessor$Handler$Bound
instanceKlass net/bytebuddy/implementation/bind/annotation/TargetMethodAnnotationDrivenBinder$DelegationProcessor$Handler$Unbound
instanceKlass net/bytebuddy/implementation/bind/annotation/TargetMethodAnnotationDrivenBinder$DelegationProcessor$Handler
instanceKlass net/bytebuddy/implementation/bind/annotation/RuntimeType$Verifier
instanceKlass net/bytebuddy/description/method/ParameterDescription$ForLoadedParameter$Dispatcher$ForJava8CapableVm
instanceKlass net/bytebuddy/description/method/ParameterDescription$ForLoadedParameter$Dispatcher
instanceKlass net/bytebuddy/description/method/ParameterDescription$InDefinedShape
instanceKlass net/bytebuddy/description/method/ParameterDescription
instanceKlass net/bytebuddy/description/NamedElement$WithOptionalName
instanceKlass net/bytebuddy/description/method/ParameterList$ForLoadedExecutable$Dispatcher$ForJava8CapableVm
instanceKlass net/bytebuddy/description/method/ParameterList$ForLoadedExecutable$Dispatcher
instanceKlass net/bytebuddy/description/method/ParameterList
instanceKlass net/bytebuddy/description/type/TypeDescription$Generic
instanceKlass net/bytebuddy/description/type/TypeDescription$Generic$AnnotationReader
instanceKlass net/bytebuddy/description/annotation/AnnotationDescription$AbstractBase
instanceKlass net/bytebuddy/description/annotation/AnnotationDescription$Loadable
instanceKlass net/bytebuddy/description/annotation/AnnotationDescription
instanceKlass net/bytebuddy/implementation/bind/annotation/IgnoreForBinding
instanceKlass net/bytebuddy/implementation/bind/annotation/RuntimeType
instanceKlass net/bytebuddy/description/annotation/AnnotationList
instanceKlass net/bytebuddy/implementation/bind/annotation/IgnoreForBinding$Verifier
instanceKlass net/bytebuddy/implementation/MethodDelegation$ImplementationDelegate$ForStaticMethod
instanceKlass net/bytebuddy/implementation/MethodDelegation$ImplementationDelegate
instanceKlass net/bytebuddy/implementation/bind/annotation/Empty
instanceKlass net/bytebuddy/implementation/bind/annotation/StubValue
instanceKlass net/bytebuddy/implementation/bind/annotation/SuperMethod
instanceKlass net/bytebuddy/implementation/bind/annotation/SuperCall
instanceKlass net/bytebuddy/implementation/bind/annotation/This
instanceKlass net/bytebuddy/implementation/bind/annotation/Origin
instanceKlass net/bytebuddy/implementation/bind/annotation/AllArguments
instanceKlass net/bytebuddy/implementation/bind/annotation/Argument
instanceKlass net/bytebuddy/implementation/bind/annotation/TargetMethodAnnotationDrivenBinder$DelegationProcessor
instanceKlass net/bytebuddy/implementation/bind/annotation/TargetMethodAnnotationDrivenBinder
instanceKlass net/bytebuddy/implementation/bind/MethodDelegationBinder
instanceKlass org/hibernate/proxy/ProxyConfiguration$Interceptor
instanceKlass net/bytebuddy/implementation/bind/MethodDelegationBinder$BindingResolver
instanceKlass net/bytebuddy/implementation/bind/annotation/FieldValue
instanceKlass net/bytebuddy/implementation/bind/annotation/TargetMethodAnnotationDrivenBinder$ParameterBinder$ForFieldBinding
instanceKlass net/bytebuddy/implementation/bind/annotation/DefaultMethod
instanceKlass net/bytebuddy/implementation/bind/annotation/DefaultCall
instanceKlass net/bytebuddy/implementation/bind/annotation/Default
instanceKlass net/bytebuddy/description/method/MethodDescription$InDefinedShape
instanceKlass net/bytebuddy/description/method/MethodDescription
instanceKlass net/bytebuddy/description/ByteCodeElement$TypeDependant
instanceKlass net/bytebuddy/description/NamedElement$WithGenericName
instanceKlass net/bytebuddy/description/method/ParameterDescription$ForLoadedParameter$ParameterAnnotationSource
instanceKlass net/bytebuddy/description/method/MethodList
instanceKlass net/bytebuddy/implementation/bind/annotation/Super
instanceKlass net/bytebuddy/implementation/bind/annotation/TargetMethodAnnotationDrivenBinder$ParameterBinder
instanceKlass net/bytebuddy/implementation/bind/MethodDelegationBinder$AmbiguityResolver$Compound
instanceKlass net/bytebuddy/implementation/bind/MethodDelegationBinder$AmbiguityResolver
instanceKlass net/bytebuddy/implementation/MethodDelegation$WithCustomProperties
instanceKlass net/bytebuddy/implementation/MethodDelegation
instanceKlass net/bytebuddy/implementation/Implementation$Composable
instanceKlass net/bytebuddy/implementation/Implementation
instanceKlass net/bytebuddy/dynamic/scaffold/InstrumentedType$Prepareable
instanceKlass org/hibernate/proxy/ProxyConfiguration$InterceptorDispatcher
instanceKlass org/hibernate/bytecode/internal/bytebuddy/ByteBuddyState$ProxyDefinitionHelpers$1
instanceKlass org/hibernate/bytecode/internal/bytebuddy/ByteBuddyState$ProxyDefinitionHelpers$$Lambda$626
instanceKlass org/hibernate/bytecode/internal/bytebuddy/ByteBuddyState$ProxyDefinitionHelpers
instanceKlass org/hibernate/bytecode/internal/bytebuddy/ByteBuddyState$StandardClassRewriter
instanceKlass org/hibernate/bytecode/internal/bytebuddy/ByteBuddyState$ClassRewriter
instanceKlass net/bytebuddy/description/type/TypeList$Generic
instanceKlass net/bytebuddy/matcher/FilterableList
instanceKlass net/bytebuddy/dynamic/TargetType
instanceKlass net/bytebuddy/description/type/TypeDescription$ForLoadedType$Dispatcher$ForJava11CapableVm
instanceKlass net/bytebuddy/description/type/TypeDescription$ForLoadedType$Dispatcher$ForJava16CapableVm
instanceKlass net/bytebuddy/description/type/TypeDescription$ForLoadedType$Dispatcher
instanceKlass net/bytebuddy/utility/privilege/GetSystemPropertyAction
instanceKlass net/bytebuddy/description/ModifierReviewable$AbstractBase
instanceKlass net/bytebuddy/description/ModifierReviewable$ForParameterDescription
instanceKlass net/bytebuddy/description/ModifierReviewable$ForMethodDescription
instanceKlass net/bytebuddy/description/ModifierReviewable$ForFieldDescription
instanceKlass net/bytebuddy/description/type/TypeDescription
instanceKlass net/bytebuddy/description/TypeVariableSource
instanceKlass net/bytebuddy/description/ByteCodeElement
instanceKlass net/bytebuddy/description/annotation/AnnotationSource
instanceKlass net/bytebuddy/description/DeclaredByType
instanceKlass net/bytebuddy/description/NamedElement$WithDescriptor
instanceKlass net/bytebuddy/description/NamedElement$WithRuntimeName
instanceKlass net/bytebuddy/description/type/TypeDefinition
instanceKlass net/bytebuddy/description/ModifierReviewable$ForTypeDefinition
instanceKlass net/bytebuddy/description/ModifierReviewable$OfEnumeration
instanceKlass net/bytebuddy/description/ModifierReviewable$OfAbstraction
instanceKlass net/bytebuddy/description/ModifierReviewable$OfByteCodeElement
instanceKlass net/bytebuddy/description/ModifierReviewable
instanceKlass net/bytebuddy/description/NamedElement
instanceKlass net/bytebuddy/matcher/LatentMatcher$Resolved
instanceKlass net/bytebuddy/matcher/LatentMatcher
instanceKlass net/bytebuddy/dynamic/scaffold/ClassWriterStrategy
instanceKlass net/bytebuddy/dynamic/VisibilityBridgeStrategy
instanceKlass net/bytebuddy/dynamic/scaffold/InstrumentedType$Factory
instanceKlass net/bytebuddy/description/type/TypeDescription$Generic$Visitor
instanceKlass net/bytebuddy/dynamic/scaffold/MethodGraph$Compiler$Default$Merger
instanceKlass net/bytebuddy/dynamic/scaffold/MethodGraph$Compiler$Default$Harmonizer
instanceKlass net/bytebuddy/dynamic/scaffold/MethodGraph$Compiler$AbstractBase
instanceKlass net/bytebuddy/dynamic/scaffold/MethodGraph$Compiler
instanceKlass net/bytebuddy/implementation/Implementation$Context$Factory
instanceKlass net/bytebuddy/implementation/attribute/AnnotationValueFilter$Factory
instanceKlass net/bytebuddy/implementation/attribute/AnnotationValueFilter
instanceKlass net/bytebuddy/implementation/auxiliary/AuxiliaryType$NamingStrategy$SuffixingRandom
instanceKlass net/bytebuddy/implementation/auxiliary/AuxiliaryType$NamingStrategy
instanceKlass net/bytebuddy/utility/RandomString
instanceKlass net/bytebuddy/NamingStrategy$SuffixingRandom$BaseNameResolver
instanceKlass net/bytebuddy/NamingStrategy$AbstractBase
instanceKlass net/bytebuddy/NamingStrategy
instanceKlass net/bytebuddy/ByteBuddy
instanceKlass org/hibernate/bytecode/internal/bytebuddy/ByteBuddyState
instanceKlass java/lang/Process
instanceKlass net/bytebuddy/ClassFileVersion$VersionLocator$ForJava9CapableVm
instanceKlass net/bytebuddy/ClassFileVersion$VersionLocator
instanceKlass net/bytebuddy/ClassFileVersion
instanceKlass net/bytebuddy/matcher/ElementMatcher$Junction$AbstractBase
instanceKlass net/bytebuddy/matcher/ElementMatcher$Junction
instanceKlass net/bytebuddy/matcher/ElementMatcher
instanceKlass net/bytebuddy/matcher/ElementMatchers
instanceKlass org/hibernate/bytecode/internal/bytebuddy/BytecodeProviderImpl
instanceKlass org/hibernate/bytecode/spi/BytecodeProvider
instanceKlass org/hibernate/internal/util/config/ConfigurationHelper
instanceKlass org/hibernate/internal/util/ConfigHelper
instanceKlass org/hibernate/Version
instanceKlass org/hibernate/cfg/Environment
instanceKlass org/hibernate/jpa/boot/internal/EntityManagerFactoryBuilderImpl$MergedSettings
instanceKlass org/hibernate/event/internal/EntityCopyObserverFactoryInitiator
instanceKlass org/hibernate/resource/beans/spi/ManagedBeanRegistryInitiator
instanceKlass org/hibernate/resource/transaction/internal/TransactionCoordinatorBuilderInitiator
instanceKlass org/hibernate/cache/internal/RegionFactoryInitiator
instanceKlass org/hibernate/service/internal/SessionFactoryServiceRegistryFactoryInitiator
instanceKlass org/hibernate/engine/transaction/jta/platform/internal/JtaPlatformInitiator
instanceKlass org/hibernate/engine/transaction/jta/platform/internal/JtaPlatformResolverInitiator
instanceKlass org/hibernate/id/factory/internal/MutableIdentifierGeneratorFactoryInitiator
instanceKlass org/hibernate/hql/internal/QueryTranslatorFactoryInitiator
instanceKlass org/hibernate/engine/jdbc/cursor/internal/RefCursorSupportInitiator
instanceKlass org/hibernate/engine/jdbc/internal/JdbcServicesInitiator
instanceKlass org/hibernate/engine/jdbc/batch/internal/BatchBuilderInitiator
instanceKlass org/hibernate/engine/jdbc/dialect/internal/DialectFactoryInitiator
instanceKlass org/hibernate/engine/jdbc/dialect/internal/DialectResolverInitiator
instanceKlass org/hibernate/engine/jdbc/connections/internal/MultiTenantConnectionProviderInitiator
instanceKlass org/hibernate/engine/jdbc/connections/internal/UserSuppliedConnectionProviderImpl
instanceKlass org/hibernate/engine/jdbc/connections/internal/DriverManagerConnectionProviderImpl
instanceKlass org/hibernate/service/spi/ServiceRegistryAwareService
instanceKlass org/hibernate/engine/jdbc/connections/internal/DatasourceConnectionProviderImpl
instanceKlass org/hibernate/service/spi/Configurable
instanceKlass org/hibernate/engine/jdbc/connections/spi/ConnectionProvider
instanceKlass org/hibernate/service/spi/Wrapped
instanceKlass org/hibernate/engine/jdbc/connections/internal/ConnectionProviderInitiator
instanceKlass org/hibernate/persister/internal/PersisterFactoryInitiator
instanceKlass org/hibernate/persister/internal/PersisterClassResolverInitiator
instanceKlass org/hibernate/jmx/internal/JmxServiceInitiator
instanceKlass org/hibernate/engine/jndi/internal/JndiServiceInitiator
instanceKlass org/hibernate/engine/jdbc/env/internal/JdbcEnvironmentInitiator
instanceKlass org/hibernate/tool/schema/internal/SchemaManagementToolInitiator
instanceKlass org/hibernate/tool/hbm2ddl/SingleLineSqlCommandExtractor
instanceKlass org/hibernate/tool/hbm2ddl/ImportSqlCommandExtractor
instanceKlass org/hibernate/tool/hbm2ddl/ImportSqlCommandExtractorInitiator
instanceKlass org/hibernate/property/access/internal/PropertyAccessStrategyResolverInitiator
instanceKlass org/hibernate/engine/config/internal/ConfigurationServiceInitiator
instanceKlass org/hibernate/boot/cfgxml/internal/CfgXmlAccessServiceInitiator
instanceKlass org/hibernate/bytecode/internal/ProxyFactoryFactoryInitiator
instanceKlass org/hibernate/bytecode/internal/BytecodeProviderInitiator
instanceKlass org/hibernate/boot/internal/DefaultSessionFactoryBuilderInitiator
instanceKlass org/hibernate/boot/registry/StandardServiceInitiator
instanceKlass org/hibernate/service/spi/ServiceInitiator
instanceKlass org/hibernate/service/StandardServiceInitiators
instanceKlass org/hibernate/boot/cfgxml/internal/ConfigLoader$1
instanceKlass org/hibernate/internal/util/ValueHolder$1
instanceKlass org/hibernate/internal/util/ValueHolder$DeferredInitializer
instanceKlass org/hibernate/internal/util/ValueHolder
instanceKlass org/hibernate/boot/cfgxml/internal/ConfigLoader
instanceKlass org/hibernate/boot/cfgxml/spi/LoadedConfig
instanceKlass org/hibernate/boot/registry/StandardServiceRegistryBuilder
instanceKlass org/hibernate/service/spi/ServiceBinding
instanceKlass org/hibernate/boot/registry/selector/StrategyRegistrationProvider
instanceKlass org/hibernate/cache/internal/SimpleCacheKeysFactory
instanceKlass org/hibernate/cache/internal/DefaultCacheKeysFactory
instanceKlass org/hibernate/cache/spi/CacheKeysFactory
instanceKlass org/hibernate/hql/spi/id/AbstractMultiTableBulkIdStrategyImpl
instanceKlass org/hibernate/hql/spi/id/MultiTableBulkIdStrategy
instanceKlass org/hibernate/resource/transaction/backend/jta/internal/JtaTransactionCoordinatorBuilderImpl
instanceKlass org/hibernate/resource/transaction/backend/jdbc/internal/JdbcResourceLocalTransactionCoordinatorBuilderImpl
instanceKlass org/hibernate/resource/transaction/spi/TransactionCoordinatorBuilder
instanceKlass org/hibernate/boot/registry/selector/internal/DefaultJtaPlatformSelector
instanceKlass org/hibernate/boot/registry/selector/internal/DefaultDialectSelector
instanceKlass org/hibernate/boot/registry/selector/internal/LazyServiceResolver
instanceKlass org/hibernate/dialect/Dialect
instanceKlass org/hibernate/exception/spi/ConversionContext
instanceKlass org/hibernate/boot/registry/selector/internal/StrategySelectorImpl$$Lambda$625
instanceKlass org/hibernate/boot/registry/selector/spi/StrategyCreator
instanceKlass org/hibernate/boot/registry/selector/internal/StrategySelectorImpl
instanceKlass org/hibernate/boot/registry/selector/spi/StrategySelector
instanceKlass org/hibernate/boot/registry/internal/BootstrapServiceRegistryImpl
instanceKlass org/hibernate/service/spi/ServiceBinding$ServiceLifecycleOwner
instanceKlass org/hibernate/boot/registry/BootstrapServiceRegistry
instanceKlass org/hibernate/service/spi/ServiceRegistryImplementor
instanceKlass org/hibernate/service/ServiceRegistry
instanceKlass org/hibernate/boot/registry/classloading/internal/AggregatedClassLoader$4
instanceKlass org/hibernate/boot/registry/classloading/internal/AggregatedClassLoader$2
instanceKlass org/hibernate/boot/registry/classloading/internal/AggregatedServiceLoader
instanceKlass org/hibernate/cache/internal/CollectionCacheInvalidator
instanceKlass org/hibernate/event/spi/PostUpdateEventListener
instanceKlass org/hibernate/event/spi/PostDeleteEventListener
instanceKlass org/hibernate/event/spi/PostInsertEventListener
instanceKlass org/hibernate/event/spi/PostActionEventListener
instanceKlass org/hibernate/secure/spi/JaccIntegrator$1
instanceKlass org/hibernate/event/service/spi/DuplicationStrategy
instanceKlass org/hibernate/secure/spi/JaccIntegrator
instanceKlass org/hibernate/integrator/spi/ServiceContributingIntegrator
instanceKlass org/hibernate/cfg/beanvalidation/BeanValidationIntegrator
instanceKlass org/hibernate/integrator/spi/Integrator
instanceKlass org/hibernate/integrator/internal/IntegratorServiceImpl
instanceKlass org/hibernate/integrator/spi/IntegratorService
instanceKlass org/hibernate/boot/registry/classloading/internal/ClassLoaderServiceImpl$1
instanceKlass org/hibernate/internal/CoreLogging
instanceKlass org/hibernate/boot/registry/classloading/internal/ClassLoaderServiceImpl
instanceKlass org/hibernate/boot/registry/classloading/spi/ClassLoaderService
instanceKlass org/hibernate/boot/registry/selector/internal/StrategySelectorBuilder
instanceKlass org/hibernate/boot/registry/BootstrapServiceRegistryBuilder
instanceKlass org/apache/logging/log4j/message/LoggerNameAwareMessage
instanceKlass org/apache/logging/log4j/message/StringFormattedMessage
instanceKlass org/apache/logging/log4j/message/Message
instanceKlass org/hibernate/jpa/internal/util/LogHelper
instanceKlass org/hibernate/jpa/boot/internal/PersistenceUnitInfoDescriptor
instanceKlass org/hibernate/jpa/boot/spi/PersistenceUnitDescriptor
instanceKlass org/hibernate/internal/EntityManagerMessageLogger
instanceKlass org/hibernate/internal/CoreMessageLogger
instanceKlass org/hibernate/internal/HEMLogging
instanceKlass org/hibernate/jpa/boot/internal/EntityManagerFactoryBuilderImpl
instanceKlass org/hibernate/jpa/boot/spi/EntityManagerFactoryBuilder
instanceKlass org/springframework/orm/jpa/AbstractEntityManagerFactoryBean$$Lambda$624
instanceKlass org/hibernate/cfg/AvailableSettings
instanceKlass org/hibernate/jpa/AvailableSettings
instanceKlass org/springframework/orm/jpa/persistenceunit/MutablePersistenceUnitInfo
instanceKlass org/springframework/orm/jpa/persistenceunit/SmartPersistenceUnitInfo
instanceKlass org/springframework/orm/jpa/persistenceunit/PersistenceUnitReader
instanceKlass org/springframework/instrument/classloading/InstrumentationLoadTimeWeaver
instanceKlass org/springframework/orm/jpa/persistenceunit/PersistenceUnitPostProcessor
instanceKlass org/springframework/jdbc/datasource/lookup/SingleDataSourceLookup
instanceKlass javax/persistence/Converter
instanceKlass javax/persistence/MappedSuperclass
instanceKlass javax/persistence/Embeddable
instanceKlass org/springframework/orm/jpa/persistenceunit/DefaultPersistenceUnitManager
instanceKlass org/springframework/boot/autoconfigure/domain/EntityScanPackages
instanceKlass org/springframework/boot/jdbc/metadata/AbstractDataSourcePoolMetadata
instanceKlass com/hospital/doctor/config/TenantContext
instanceKlass org/springframework/jdbc/datasource/DelegatingDataSource
instanceKlass org/springframework/boot/jdbc/DataSourceUnwrapper
instanceKlass org/hibernate/engine/transaction/jta/platform/internal/NoJtaPlatform
instanceKlass org/hibernate/engine/transaction/jta/platform/spi/JtaPlatform
instanceKlass org/hibernate/service/Service
instanceKlass org/springframework/orm/hibernate5/SpringBeanContainer
instanceKlass org/springframework/boot/autoconfigure/orm/jpa/HibernateProperties$$Lambda$623
instanceKlass org/springframework/boot/autoconfigure/orm/jpa/HibernateProperties$$Lambda$622
instanceKlass org/springframework/boot/orm/jpa/hibernate/SpringPhysicalNamingStrategy
instanceKlass org/hibernate/boot/model/naming/ImplicitNamingStrategyJpaCompliantImpl
instanceKlass org/hibernate/boot/archive/scan/internal/DisabledScanner
instanceKlass org/hibernate/boot/archive/scan/spi/Scanner
instanceKlass org/springframework/boot/autoconfigure/orm/jpa/HibernateJpaConfiguration$$Lambda$621
instanceKlass org/springframework/boot/orm/jpa/EntityManagerFactoryBuilder$Builder
instanceKlass org/springframework/boot/autoconfigure/orm/jpa/JpaBaseConfiguration$$Lambda$620
instanceKlass javax/persistence/spi/PersistenceUnitInfo
instanceKlass org/hibernate/jpa/HibernatePersistenceProvider$1
instanceKlass javax/persistence/spi/ProviderUtil
instanceKlass org/hibernate/jpa/internal/util/PersistenceUtilHelper$MetadataCache
instanceKlass org/hibernate/jpa/HibernatePersistenceProvider
instanceKlass javax/persistence/spi/PersistenceProvider
instanceKlass org/hibernate/TypeHelper
instanceKlass org/hibernate/stat/SessionStatistics
instanceKlass org/hibernate/SessionEventListener
instanceKlass org/hibernate/SimpleNaturalIdLoadAccess
instanceKlass org/hibernate/SharedSessionBuilder
instanceKlass org/hibernate/SessionBuilder
instanceKlass org/hibernate/LobHelper
instanceKlass org/hibernate/Filter
instanceKlass org/hibernate/Session$LockRequest
instanceKlass org/hibernate/NaturalIdLoadAccess
instanceKlass org/hibernate/graph/RootGraph
instanceKlass javax/persistence/EntityGraph
instanceKlass org/hibernate/graph/Graph
instanceKlass org/hibernate/graph/GraphNode
instanceKlass org/hibernate/IdentifierLoadAccess
instanceKlass javax/persistence/criteria/CriteriaQuery
instanceKlass javax/persistence/criteria/AbstractQuery
instanceKlass javax/persistence/criteria/CriteriaDelete
instanceKlass javax/persistence/criteria/CriteriaUpdate
instanceKlass javax/persistence/criteria/CommonAbstractCriteria
instanceKlass org/hibernate/MultiIdentifierLoadAccess
instanceKlass org/hibernate/query/NativeQuery
instanceKlass org/hibernate/SQLQuery
instanceKlass org/hibernate/SynchronizeableQuery
instanceKlass org/hibernate/query/Query
instanceKlass org/hibernate/Query
instanceKlass org/hibernate/query/CommonQueryContract
instanceKlass org/hibernate/BasicQueryContract
instanceKlass javax/persistence/TypedQuery
instanceKlass javax/persistence/Query
instanceKlass org/hibernate/LockOptions
instanceKlass org/springframework/orm/jpa/DefaultJpaDialect
instanceKlass org/springframework/orm/jpa/JpaDialect
instanceKlass org/springframework/orm/jpa/persistenceunit/PersistenceUnitManager
instanceKlass org/springframework/boot/autoconfigure/orm/jpa/HibernateJpaConfiguration$$Lambda$619
instanceKlass org/hibernate/resource/beans/container/spi/BeanContainer
instanceKlass org/hibernate/service/spi/Stoppable
instanceKlass java/lang/invoke/LambdaForm$Hidden
instanceKlass org/springframework/boot/autoconfigure/jdbc/metadata/DataSourcePoolMetadataProvidersConfiguration$HikariPoolDataSourceMetadataProviderConfiguration$$Lambda$618
instanceKlass org/springframework/boot/jdbc/metadata/CompositeDataSourcePoolMetadataProvider
instanceKlass org/springframework/boot/autoconfigure/orm/jpa/HibernateDefaultDdlAutoProvider
instanceKlass org/springframework/boot/jdbc/SchemaManagementProvider
instanceKlass org/springframework/jdbc/config/SortedResourcesFactoryBean$$Lambda$617
instanceKlass org/springframework/jdbc/datasource/lookup/AbstractRoutingDataSource$$Lambda$616
instanceKlass org/springframework/jdbc/support/SQLExceptionTranslator
instanceKlass org/springframework/jdbc/core/SqlParameter
instanceKlass java/sql/ResultSet
instanceKlass java/sql/CallableStatement
instanceKlass java/sql/PreparedStatement
instanceKlass java/sql/Statement
instanceKlass org/springframework/jdbc/core/ParameterizedPreparedStatementSetter
instanceKlass org/springframework/jdbc/core/BatchPreparedStatementSetter
instanceKlass org/springframework/jdbc/support/rowset/SqlRowSet
instanceKlass org/springframework/jdbc/core/RowMapper
instanceKlass org/springframework/jdbc/core/RowCallbackHandler
instanceKlass org/springframework/jdbc/core/ResultSetExtractor
instanceKlass org/springframework/jdbc/core/PreparedStatementCallback
instanceKlass org/springframework/jdbc/core/ConnectionCallback
instanceKlass org/springframework/jdbc/core/CallableStatementCallback
instanceKlass org/springframework/jdbc/core/CallableStatementCreator
instanceKlass org/springframework/jdbc/core/StatementCallback
instanceKlass org/springframework/jdbc/core/PreparedStatementSetter
instanceKlass org/springframework/jdbc/support/KeyHolder
instanceKlass org/springframework/jdbc/core/PreparedStatementCreator
instanceKlass org/springframework/jdbc/datasource/lookup/DataSourceLookup
instanceKlass java/sql/DriverInfo
instanceKlass java/sql/DriverManager$2
instanceKlass java/sql/DriverManager$1
instanceKlass java/sql/DriverManager
instanceKlass com/mysql/cj/jdbc/AbandonedConnectionCleanupThread$$Lambda$615
instanceKlass com/mysql/cj/jdbc/AbandonedConnectionCleanupThread
instanceKlass com/mysql/cj/jdbc/NonRegisteringDriver
instanceKlass java/sql/Driver
instanceKlass org/springframework/boot/context/properties/source/ConfigurationPropertyNameAliases$$Lambda$614
instanceKlass org/springframework/boot/context/properties/source/ConfigurationPropertyNameAliases$$Lambda$613
instanceKlass com/zaxxer/hikari/pool/PoolBase
instanceKlass com/zaxxer/hikari/util/ConcurrentBag$IBagStateListener
instanceKlass com/zaxxer/hikari/metrics/MetricsTrackerFactory
instanceKlass com/zaxxer/hikari/HikariPoolMXBean
instanceKlass org/springframework/boot/context/properties/source/SpringIterableConfigurationPropertySource$ConfigurationPropertyNamesIterator
instanceKlass org/springframework/boot/context/properties/source/IterableConfigurationPropertySource$$Lambda$612
instanceKlass org/springframework/boot/context/properties/bind/PlaceholdersResolver$$Lambda$611
instanceKlass org/springframework/boot/context/properties/source/AliasedConfigurationPropertySource
instanceKlass org/springframework/util/LinkedMultiValueMap$$Lambda$610
instanceKlass org/springframework/boot/context/properties/source/ConfigurationPropertyNameAliases$$Lambda$609
instanceKlass org/springframework/boot/context/properties/source/ConfigurationPropertyNameAliases$$Lambda$608
instanceKlass org/springframework/boot/context/properties/source/ConfigurationPropertyNameAliases
instanceKlass org/springframework/boot/context/properties/source/MapConfigurationPropertySource$$Lambda$607
instanceKlass java/lang/invoke/LambdaForm$DMH
instanceKlass org/springframework/boot/context/properties/source/MapConfigurationPropertySource
instanceKlass org/springframework/cglib/reflect/FastClassEmitter$4
instanceKlass org/springframework/cglib/core/Block
instanceKlass org/springframework/cglib/core/EmitUtils$14
instanceKlass org/springframework/cglib/core/EmitUtils$13
instanceKlass org/springframework/cglib/core/EmitUtils$12
instanceKlass org/springframework/cglib/core/EmitUtils$11
instanceKlass org/springframework/cglib/core/EmitUtils$10
instanceKlass org/springframework/cglib/core/EmitUtils$ParameterTyper
instanceKlass org/springframework/cglib/reflect/FastClassEmitter$GetIndexCallback
instanceKlass org/springframework/cglib/reflect/FastClassEmitter$3
instanceKlass org/springframework/cglib/reflect/FastClassEmitter$1
instanceKlass org/springframework/cglib/reflect/FastClass
instanceKlass org/springframework/cglib/proxy/MethodProxy$FastClassInfo
instanceKlass org/springframework/core/annotation/AnnotationUtils$$Lambda$606
instanceKlass org/springframework/boot/autoconfigure/jdbc/DataSourceInitializer
instanceKlass org/springframework/instrument/classloading/LoadTimeWeaver
instanceKlass org/springframework/boot/web/servlet/context/WebServerStartStopLifecycle
instanceKlass org/springframework/boot/web/servlet/context/WebServerGracefulShutdownLifecycle
instanceKlass org/apache/naming/ContextAccessController
instanceKlass org/apache/naming/StringManager
instanceKlass org/apache/naming/ContextBindings
instanceKlass org/apache/catalina/core/StandardServer$$Lambda$605
instanceKlass org/apache/catalina/core/StandardServer$$Lambda$604
instanceKlass org/apache/catalina/mapper/WrapperMappingInfo
instanceKlass org/apache/catalina/core/ContainerBase$ContainerBackgroundProcessor
instanceKlass org/apache/catalina/mapper/Mapper$ContextList
instanceKlass org/apache/tomcat/util/threads/Constants
instanceKlass org/apache/tomcat/util/threads/TaskThread$WrappingRunnable
instanceKlass java/util/concurrent/Executors$RunnableAdapter
instanceKlass org/apache/catalina/core/ContainerBase$ContainerBackgroundProcessorMonitor
instanceKlass org/springframework/web/method/HandlerMethod
instanceKlass org/springframework/boot/actuate/metrics/web/servlet/WebMvcMetricsFilter$TimingContext
instanceKlass org/apache/catalina/core/ApplicationFilterConfig
instanceKlass org/apache/tomcat/websocket/server/WsSessionListener
instanceKlass javax/servlet/GenericFilter
instanceKlass java/util/concurrent/ConcurrentSkipListMap$Node
instanceKlass java/util/concurrent/ConcurrentSkipListMap$Index
instanceKlass org/apache/tomcat/websocket/server/WsWriteTimeout$EndpointComparator
instanceKlass java/util/concurrent/ConcurrentNavigableMap
instanceKlass org/apache/tomcat/websocket/server/WsWriteTimeout
instanceKlass org/apache/tomcat/websocket/WsExtension
instanceKlass javax/websocket/Extension
instanceKlass org/apache/tomcat/websocket/Constants
instanceKlass javax/websocket/CloseReason$CloseCode
instanceKlass javax/websocket/CloseReason
instanceKlass org/apache/tomcat/websocket/WsWebSocketContainer
instanceKlass org/apache/tomcat/websocket/BackgroundProcess
instanceKlass javax/servlet/http/HttpSessionIdListener
instanceKlass org/apache/catalina/ContainerServlet
instanceKlass org/springframework/boot/actuate/endpoint/web/ServletEndpointRegistrar$$Lambda$603
instanceKlass org/apache/catalina/core/ApplicationServletRegistration
instanceKlass org/apache/catalina/core/ApplicationFilterRegistration
instanceKlass org/apache/tomcat/util/descriptor/web/Constants
instanceKlass org/springframework/boot/web/servlet/ServletContextInitializerBeans$$Lambda$602
instanceKlass org/springframework/boot/web/servlet/ServletContextInitializerBeans$ServletListenerRegistrationBeanAdapter
instanceKlass javax/servlet/http/HttpSessionListener
instanceKlass javax/servlet/http/HttpSessionAttributeListener
instanceKlass javax/servlet/ServletRequestAttributeListener
instanceKlass javax/servlet/ServletContextAttributeListener
instanceKlass org/apache/catalina/loader/WebappClassLoaderBase$CombinedEnumeration
instanceKlass java/util/Collections$EmptyEnumeration
instanceKlass javax/servlet/FilterChain
instanceKlass javax/servlet/FilterConfig
instanceKlass org/springframework/boot/web/servlet/ServletContextInitializerBeans$FilterRegistrationBeanAdapter
instanceKlass org/springframework/boot/web/servlet/ServletContextInitializerBeans$ServletRegistrationBeanAdapter
instanceKlass org/springframework/boot/web/servlet/ServletContextInitializerBeans$RegistrationBeanAdapter
instanceKlass org/springframework/boot/web/servlet/ServletContextInitializerBeans$$Lambda$601
instanceKlass org/springframework/boot/actuate/endpoint/web/annotation/ServletEndpoint
instanceKlass org/springframework/boot/actuate/endpoint/annotation/EndpointDiscoverer$$Lambda$600
instanceKlass org/springframework/boot/actuate/endpoint/annotation/EndpointDiscoverer$ExtensionBean$$Lambda$599
instanceKlass org/springframework/boot/actuate/endpoint/annotation/EndpointDiscoverer$$Lambda$598
instanceKlass java/util/stream/Collectors$$Lambda$597
instanceKlass java/util/stream/Collectors$$Lambda$596
instanceKlass java/util/stream/Collectors$$Lambda$595
instanceKlass org/springframework/boot/actuate/endpoint/annotation/EndpointDiscoverer$$Lambda$594
instanceKlass org/springframework/boot/actuate/endpoint/annotation/EndpointDiscoverer$$Lambda$593
instanceKlass org/springframework/boot/actuate/endpoint/annotation/EndpointDiscoverer$EndpointBean$$Lambda$592
instanceKlass org/springframework/boot/actuate/endpoint/annotation/EndpointDiscoverer$$Lambda$591
instanceKlass org/springframework/beans/factory/support/DefaultListableBeanFactory$$Lambda$590
instanceKlass org/springframework/boot/actuate/endpoint/annotation/EndpointDiscoverer$ExtensionBean
instanceKlass org/springframework/boot/actuate/endpoint/annotation/EndpointDiscoverer$EndpointBean
instanceKlass org/springframework/boot/actuate/endpoint/invoke/OperationInvoker
instanceKlass org/springframework/boot/actuate/endpoint/invoke/reflect/OperationMethod
instanceKlass org/springframework/boot/actuate/endpoint/annotation/EndpointDiscoverer$OperationKey
instanceKlass org/springframework/boot/actuate/endpoint/Operation
instanceKlass org/springframework/boot/actuate/endpoint/annotation/DeleteOperation
instanceKlass org/springframework/boot/actuate/endpoint/annotation/WriteOperation
instanceKlass org/springframework/boot/actuate/endpoint/annotation/ReadOperation
instanceKlass org/springframework/boot/actuate/endpoint/annotation/DiscoveredOperationsFactory
instanceKlass org/springframework/boot/actuate/endpoint/invoke/ParameterValueMapper$$Lambda$589
instanceKlass org/springframework/boot/actuate/endpoint/invoke/OperationParameter
instanceKlass org/springframework/boot/actuate/autoconfigure/endpoint/web/MappingWebEndpointPathMapper$$Lambda$588
instanceKlass org/springframework/boot/actuate/autoconfigure/endpoint/web/MappingWebEndpointPathMapper
instanceKlass javax/servlet/FilterRegistration$Dynamic
instanceKlass javax/servlet/FilterRegistration
instanceKlass org/springframework/boot/actuate/metrics/web/servlet/WebMvcTagsContributor
instanceKlass io/micrometer/core/instrument/composite/CompositeMeterRegistry$$Lambda$587
instanceKlass io/micrometer/core/instrument/composite/CompositeMeterRegistry$$Lambda$586
instanceKlass io/micrometer/core/instrument/composite/CompositeMeterRegistry$$Lambda$585
instanceKlass io/micrometer/core/instrument/Metrics$More
instanceKlass io/micrometer/core/instrument/composite/CompositeMeterRegistry$$Lambda$584
instanceKlass io/micrometer/core/instrument/composite/CompositeMeterRegistry$$Lambda$583
instanceKlass io/micrometer/core/instrument/composite/CompositeMeterRegistry$$Lambda$582
instanceKlass io/micrometer/core/instrument/Metrics
instanceKlass com/netflix/hystrix/strategy/metrics/HystrixMetricsPublisherFactory
instanceKlass java/lang/invoke/LambdaForm$MH
instanceKlass java/lang/invoke/LambdaForm$DMH
instanceKlass java/lang/invoke/LambdaForm$DMH
instanceKlass io/micrometer/core/instrument/distribution/TimeWindowMax$$Lambda$581
instanceKlass java/util/function/LongSupplier
instanceKlass java/lang/invoke/LambdaForm$DMH
instanceKlass com/netflix/hystrix/strategy/metrics/HystrixMetricsPublisher
instanceKlass io/micrometer/core/instrument/distribution/HistogramSnapshot
instanceKlass com/netflix/hystrix/strategy/concurrency/HystrixConcurrencyStrategy
instanceKlass io/micrometer/core/instrument/distribution/TimeWindowMax$$Lambda$580
instanceKlass java/util/function/DoubleSupplier
instanceKlass io/micrometer/core/instrument/util/TimeUtils$1
instanceKlass io/micrometer/core/instrument/util/TimeUtils
instanceKlass com/netflix/hystrix/strategy/executionhook/HystrixCommandExecutionHook
instanceKlass io/micrometer/core/instrument/distribution/HistogramGauges$$Lambda$579
instanceKlass io/micrometer/core/instrument/distribution/HistogramGauges$$Lambda$578
instanceKlass io/micrometer/core/instrument/distribution/CountAtBucket
instanceKlass com/netflix/hystrix/strategy/properties/HystrixPropertiesStrategy
instanceKlass io/micrometer/core/instrument/distribution/HistogramGauges$$Lambda$577
instanceKlass io/micrometer/core/instrument/distribution/HistogramGauges$$Lambda$576
instanceKlass io/micrometer/core/instrument/distribution/HistogramGauges$$Lambda$575
instanceKlass io/micrometer/core/instrument/distribution/ValueAtPercentile
instanceKlass io/micrometer/core/instrument/distribution/HistogramGauges
instanceKlass com/netflix/config/PropertyWrapper$2
instanceKlass com/netflix/config/validation/PropertyChangeValidator
instanceKlass com/netflix/config/PropertyWrapper$1
instanceKlass java/util/concurrent/atomic/AtomicIntegerFieldUpdater$AtomicIntegerFieldUpdaterImpl$1
instanceKlass java/util/concurrent/atomic/AtomicIntegerFieldUpdater
instanceKlass org/apache/commons/configuration/PropertyConverter
instanceKlass io/micrometer/core/instrument/distribution/TimeWindowMax
instanceKlass io/micrometer/core/instrument/distribution/NoopHistogram
instanceKlass io/micrometer/core/instrument/distribution/Histogram
instanceKlass io/micrometer/core/instrument/distribution/pause/ClockDriftPauseDetector
instanceKlass io/micrometer/core/instrument/AbstractTimer$$Lambda$574
instanceKlass org/LatencyUtils/PauseDetector
instanceKlass com/netflix/config/DynamicProperty$CachedValue
instanceKlass com/netflix/config/ExpandedConfigurationListenerAdapter
instanceKlass com/netflix/config/DynamicProperty$DynamicPropertyListener
instanceKlass com/netflix/config/PropertyListener
instanceKlass io/micrometer/core/instrument/MeterRegistry$$Lambda$573
instanceKlass com/netflix/config/ConfigurationBackedDynamicPropertySupportImpl
instanceKlass com/netflix/config/DynamicPropertySupport
instanceKlass io/micrometer/core/instrument/MeterRegistry$$Lambda$572
instanceKlass com/netflix/config/DynamicPropertyFactory
instanceKlass io/micrometer/core/instrument/distribution/DistributionStatisticConfig$Builder
instanceKlass com/netflix/config/DynamicProperty
instanceKlass sun/management/LazyCompositeData$$Lambda$571
instanceKlass java/util/TreeMap$TreeMapSpliterator
instanceKlass sun/management/GarbageCollectionNotifInfoCompositeData$1
instanceKlass com/netflix/config/PropertyWrapper
instanceKlass com/netflix/config/Property
instanceKlass javax/management/openmbean/CompositeDataSupport
instanceKlass javax/management/openmbean/TabularDataSupport
instanceKlass com/netflix/hystrix/strategy/eventnotifier/HystrixEventNotifier
instanceKlass sun/management/GcInfoCompositeData$2
instanceKlass com/netflix/hystrix/strategy/properties/archaius/HystrixDynamicPropertiesArchaius
instanceKlass sun/management/GcInfoCompositeData$1
instanceKlass sun/management/MappedMXBeanType$CompositeDataMXBeanType$2
instanceKlass sun/management/MappedMXBeanType$CompositeDataMXBeanType$1
instanceKlass org/apache/commons/configuration/MapConfiguration$1$1
instanceKlass javax/management/openmbean/TabularData
instanceKlass sun/management/MappedMXBeanType
instanceKlass javax/management/openmbean/OpenType
instanceKlass sun/management/LazyCompositeData
instanceKlass sun/management/GcInfoBuilder
instanceKlass com/sun/management/GcInfo
instanceKlass javax/management/openmbean/CompositeData
instanceKlass com/netflix/config/sources/URLConfigurationSource
instanceKlass com/netflix/config/PolledConfigurationSource
instanceKlass com/netflix/config/ConcurrentCompositeConfiguration$1
instanceKlass com/netflix/config/ConfigurationBasedDeploymentContext$1
instanceKlass com/netflix/config/SimpleDeploymentContext
instanceKlass com/netflix/config/DeploymentContext
instanceKlass com/netflix/config/ConfigurationManager
instanceKlass com/netflix/hystrix/strategy/HystrixArchaiusHelper$LazyHolder
instanceKlass com/netflix/hystrix/strategy/HystrixArchaiusHelper
instanceKlass com/netflix/hystrix/strategy/properties/HystrixDynamicPropertiesSystemProperties$2
instanceKlass com/netflix/hystrix/strategy/properties/HystrixDynamicProperty
instanceKlass com/netflix/hystrix/strategy/properties/HystrixProperty
instanceKlass com/netflix/hystrix/strategy/properties/HystrixDynamicPropertiesSystemProperties$LazyHolder
instanceKlass com/netflix/hystrix/strategy/properties/HystrixDynamicPropertiesSystemProperties
instanceKlass com/netflix/hystrix/strategy/properties/HystrixDynamicProperties
instanceKlass com/netflix/hystrix/strategy/HystrixPlugins$1
instanceKlass com/netflix/hystrix/strategy/HystrixPlugins$LoggerSupplier
instanceKlass com/netflix/hystrix/strategy/HystrixPlugins$LazyHolder
instanceKlass com/netflix/hystrix/strategy/HystrixPlugins
instanceKlass io/micrometer/core/instrument/binder/system/ProcessorMetrics$$Lambda$570
instanceKlass io/micrometer/core/instrument/binder/system/ProcessorMetrics$$Lambda$569
instanceKlass java/lang/invoke/LambdaForm$DMH
instanceKlass io/micrometer/core/instrument/binder/system/ProcessorMetrics$$Lambda$568
instanceKlass io/micrometer/core/instrument/binder/system/UptimeMetrics$$Lambda$567
instanceKlass io/micrometer/core/instrument/MeterRegistry$1
instanceKlass io/micrometer/core/instrument/MeterRegistry$$Lambda$566
instanceKlass java/lang/invoke/LambdaForm$DMH
instanceKlass io/micrometer/core/instrument/MeterRegistry$More$$Lambda$565
instanceKlass io/micrometer/core/instrument/MeterRegistry$More$$Lambda$564
instanceKlass io/micrometer/core/instrument/TimeGauge$Builder
instanceKlass io/micrometer/core/instrument/binder/system/UptimeMetrics$$Lambda$563
instanceKlass io/micrometer/core/instrument/MeterRegistry$More$$Lambda$562
instanceKlass io/micrometer/core/instrument/MeterRegistry$More$$Lambda$561
instanceKlass io/micrometer/core/instrument/FunctionCounter$Builder
instanceKlass io/micrometer/core/instrument/binder/jvm/ClassLoaderMetrics$$Lambda$560
instanceKlass io/micrometer/core/instrument/binder/jvm/ClassLoaderMetrics$$Lambda$559
instanceKlass sun/management/ClassLoadingImpl
instanceKlass java/lang/management/ClassLoadingMXBean
instanceKlass io/micrometer/core/instrument/binder/jvm/JvmThreadMetrics$$Lambda$558
instanceKlass java/lang/invoke/LambdaForm$DMH
instanceKlass sun/management/Util
instanceKlass io/micrometer/core/instrument/binder/jvm/JvmThreadMetrics$$Lambda$557
instanceKlass io/micrometer/core/instrument/binder/jvm/JvmThreadMetrics$$Lambda$556
instanceKlass io/micrometer/core/instrument/binder/jvm/JvmThreadMetrics$$Lambda$555
instanceKlass sun/management/ThreadImpl
instanceKlass com/sun/management/ThreadMXBean
instanceKlass io/micrometer/core/instrument/binder/jvm/JvmMemoryMetrics$$Lambda$554
instanceKlass io/micrometer/core/instrument/binder/jvm/JvmMemoryMetrics$$Lambda$553
instanceKlass io/micrometer/core/instrument/binder/jvm/JvmMemoryMetrics$$Lambda$552
instanceKlass java/lang/invoke/LambdaForm$DMH
instanceKlass io/micrometer/core/instrument/binder/jvm/JvmMemoryMetrics$$Lambda$551
instanceKlass io/micrometer/core/instrument/binder/jvm/JvmMemoryMetrics$$Lambda$550
instanceKlass io/micrometer/core/instrument/binder/jvm/JvmMemoryMetrics$$Lambda$549
instanceKlass io/micrometer/core/instrument/Tags$ArrayIterator
instanceKlass io/micrometer/core/instrument/ImmutableTag
instanceKlass sun/nio/ch/FileChannelImpl$1
instanceKlass sun/management/ManagementFactoryHelper$1
instanceKlass java/nio/Bits$1$1
instanceKlass sun/misc/JavaNioAccess$BufferPool
instanceKlass java/lang/management/BufferPoolMXBean
instanceKlass io/micrometer/core/instrument/binder/jvm/JvmGcMetrics$$Lambda$548
instanceKlass sun/management/NotificationEmitterSupport$ListenerInfo
instanceKlass java/lang/invoke/LambdaForm$MH
instanceKlass io/micrometer/core/instrument/binder/jvm/JvmGcMetrics$$Lambda$547
instanceKlass java/lang/invoke/LambdaForm$DMH
instanceKlass com/sun/management/GarbageCollectorMXBean
instanceKlass java/lang/management/GarbageCollectorMXBean
instanceKlass java/lang/management/MemoryManagerMXBean
instanceKlass java/util/concurrent/atomic/Striped64$Cell
instanceKlass io/micrometer/core/instrument/simple/SimpleMeterRegistry$1
instanceKlass io/micrometer/core/instrument/MeterRegistry$$Lambda$546
instanceKlass io/micrometer/core/instrument/MeterRegistry$$Lambda$545
instanceKlass io/micrometer/core/instrument/Counter$Builder
instanceKlass io/micrometer/core/instrument/binder/jvm/JvmGcMetrics$$Lambda$544
instanceKlass io/micrometer/core/util/internal/logging/WarnThenDebugLogger
instanceKlass io/micrometer/core/instrument/MeterRegistry$$Lambda$543
instanceKlass io/micrometer/core/instrument/MeterRegistry$$Lambda$542
instanceKlass io/micrometer/core/instrument/AbstractMeter
instanceKlass io/micrometer/core/instrument/MeterRegistry$$Lambda$541
instanceKlass io/micrometer/core/instrument/Tags
instanceKlass io/micrometer/core/instrument/Gauge$Builder
instanceKlass io/micrometer/core/instrument/binder/jvm/JvmGcMetrics$$Lambda$540
instanceKlass io/micrometer/core/instrument/binder/jvm/JvmGcMetrics$$Lambda$539
instanceKlass java/lang/invoke/LambdaForm$DMH
instanceKlass java/lang/management/MemoryUsage
instanceKlass io/micrometer/core/instrument/binder/jvm/JvmGcMetrics$$Lambda$538
instanceKlass io/micrometer/core/instrument/binder/jvm/JvmMemory$$Lambda$537
instanceKlass io/micrometer/core/instrument/binder/jvm/JvmMemory$$Lambda$536
instanceKlass java/lang/management/PlatformComponent$15
instanceKlass java/lang/management/PlatformComponent$14
instanceKlass java/lang/management/PlatformComponent$13
instanceKlass java/lang/management/PlatformComponent$12
instanceKlass java/lang/management/PlatformComponent$11
instanceKlass java/lang/management/PlatformComponent$10
instanceKlass java/lang/management/PlatformComponent$9
instanceKlass java/lang/management/PlatformComponent$8
instanceKlass java/lang/management/PlatformComponent$7
instanceKlass java/lang/management/PlatformComponent$6
instanceKlass java/lang/management/PlatformComponent$5
instanceKlass java/lang/management/PlatformComponent$4
instanceKlass java/lang/management/PlatformComponent$3
instanceKlass java/lang/management/PlatformComponent$2
instanceKlass java/lang/management/PlatformComponent$1
instanceKlass java/lang/management/PlatformComponent$MXBeanFetcher
instanceKlass org/springframework/boot/actuate/autoconfigure/metrics/MeterRegistryConfigurer$$Lambda$535
instanceKlass com/sun/management/UnixOperatingSystemMXBean
instanceKlass sun/management/BaseOperatingSystemImpl
instanceKlass com/sun/management/OperatingSystemMXBean
instanceKlass java/lang/management/OperatingSystemMXBean
instanceKlass io/micrometer/core/instrument/binder/logging/LogbackMetrics$1
instanceKlass java/lang/management/ThreadInfo
instanceKlass java/lang/management/ThreadMXBean
instanceKlass org/springframework/util/ClassUtils$$Lambda$534
instanceKlass javax/management/NotificationListener
instanceKlass io/micrometer/core/instrument/binder/jvm/JvmMemory
instanceKlass com/sun/management/GarbageCollectionNotificationInfo
instanceKlass javax/management/openmbean/CompositeDataView
instanceKlass sun/management/Sensor
instanceKlass sun/management/MemoryPoolImpl
instanceKlass sun/management/ManagementFactory
instanceKlass java/lang/management/MemoryPoolMXBean
instanceKlass sun/management/NotificationEmitterSupport
instanceKlass java/lang/management/MemoryMXBean
instanceKlass io/micrometer/core/util/internal/logging/AbstractInternalLogger
instanceKlass io/micrometer/core/util/internal/logging/InternalLogger
instanceKlass io/micrometer/core/util/internal/logging/InternalLoggerFactory
instanceKlass org/springframework/boot/actuate/autoconfigure/metrics/MeterRegistryConfigurer$$Lambda$533
instanceKlass org/springframework/boot/actuate/autoconfigure/metrics/web/servlet/WebMvcMetricsAutoConfiguration$$Lambda$532
instanceKlass io/micrometer/core/instrument/config/MeterFilter$9
instanceKlass org/springframework/boot/actuate/autoconfigure/metrics/web/client/HttpClientMetricsAutoConfiguration$$Lambda$531
instanceKlass org/springframework/boot/actuate/autoconfigure/metrics/OnlyOnceLoggingDenyMeterFilter
instanceKlass io/micrometer/core/instrument/Tag
instanceKlass org/springframework/boot/actuate/autoconfigure/metrics/ServiceLevelObjectiveBoundary
instanceKlass org/springframework/boot/actuate/autoconfigure/metrics/PropertiesMeterFilter$1
instanceKlass org/springframework/boot/actuate/autoconfigure/metrics/MeterRegistryConfigurer$$Lambda$530
instanceKlass io/micrometer/core/instrument/TimeGauge
instanceKlass io/micrometer/core/instrument/search/Search
instanceKlass io/micrometer/core/instrument/search/RequiredSearch
instanceKlass io/micrometer/core/instrument/LongTaskTimer
instanceKlass io/micrometer/core/instrument/Timer
instanceKlass io/micrometer/core/instrument/Counter
instanceKlass io/micrometer/core/instrument/FunctionTimer
instanceKlass io/micrometer/core/instrument/FunctionCounter
instanceKlass io/micrometer/core/instrument/DistributionSummary
instanceKlass io/micrometer/core/instrument/distribution/HistogramSupport
instanceKlass io/micrometer/core/instrument/distribution/DistributionStatisticConfig
instanceKlass io/micrometer/core/instrument/internal/Mergeable
instanceKlass io/micrometer/core/instrument/Gauge
instanceKlass io/micrometer/core/instrument/Meter
instanceKlass java/util/function/ToDoubleFunction
instanceKlass io/micrometer/core/instrument/Meter$Id
instanceKlass io/micrometer/core/instrument/config/validate/Validated$Either$$Lambda$529
instanceKlass io/micrometer/core/instrument/config/validate/Validated$Either$$Lambda$528
instanceKlass io/micrometer/core/instrument/config/validate/Validated$$Lambda$527
instanceKlass io/micrometer/core/instrument/config/validate/Validated$Invalid
instanceKlass io/micrometer/core/instrument/config/validate/Validated$$Lambda$526
instanceKlass io/micrometer/core/instrument/config/validate/Validated$Either$$Lambda$525
instanceKlass io/micrometer/core/instrument/config/validate/Validated$Either$$Lambda$524
instanceKlass io/micrometer/core/instrument/config/validate/Validated$Either
instanceKlass org/springframework/boot/actuate/autoconfigure/metrics/export/simple/SimplePropertiesConfigAdapter$$Lambda$523
instanceKlass org/springframework/boot/actuate/autoconfigure/metrics/export/simple/SimplePropertiesConfigAdapter$$Lambda$522
instanceKlass io/micrometer/core/instrument/config/validate/Validated$Valid
instanceKlass org/springframework/boot/actuate/autoconfigure/metrics/export/simple/SimplePropertiesConfigAdapter$$Lambda$521
instanceKlass org/springframework/boot/actuate/autoconfigure/metrics/export/simple/SimplePropertiesConfigAdapter$$Lambda$520
instanceKlass io/micrometer/core/instrument/config/MeterRegistryConfigValidator$$Lambda$519
instanceKlass io/micrometer/core/instrument/config/validate/Validated$None
instanceKlass io/micrometer/core/instrument/config/MeterRegistryConfigValidator$$Lambda$518
instanceKlass io/micrometer/core/instrument/config/MeterRegistryConfigValidator$$Lambda$517
instanceKlass io/micrometer/core/instrument/simple/SimpleConfig$$Lambda$516
instanceKlass io/micrometer/core/instrument/config/MeterRegistryConfigValidator$$Lambda$515
instanceKlass io/micrometer/core/instrument/config/MeterRegistryConfigValidator
instanceKlass io/micrometer/core/instrument/simple/SimpleConfig$$Lambda$514
instanceKlass io/micrometer/core/instrument/config/NamingConvention$4
instanceKlass io/micrometer/core/instrument/config/NamingConvention$3
instanceKlass io/micrometer/core/instrument/config/NamingConvention$2
instanceKlass io/micrometer/core/instrument/config/NamingConvention$1
instanceKlass io/micrometer/core/instrument/config/NamingConvention$$Lambda$513
instanceKlass java/lang/invoke/LambdaForm$DMH
instanceKlass io/micrometer/core/instrument/config/NamingConvention
instanceKlass io/micrometer/core/instrument/distribution/pause/NoPauseDetector
instanceKlass io/micrometer/core/instrument/distribution/pause/PauseDetector
instanceKlass io/micrometer/core/instrument/MeterRegistry$More
instanceKlass io/micrometer/core/instrument/MeterRegistry$Config
instanceKlass io/micrometer/core/instrument/Clock$1
instanceKlass io/micrometer/core/lang/Nullable
instanceKlass io/micrometer/core/instrument/config/validate/Validated
instanceKlass io/micrometer/core/instrument/simple/SimpleConfig$$Lambda$512
instanceKlass org/springframework/boot/actuate/autoconfigure/metrics/export/properties/PropertiesConfigAdapter
instanceKlass org/springframework/boot/actuate/autoconfigure/metrics/MetricsProperties$Web$Server$ServerRequest
instanceKlass org/springframework/boot/actuate/autoconfigure/metrics/MetricsProperties$Web$Server
instanceKlass org/springframework/boot/actuate/metrics/AutoTimer$1
instanceKlass org/springframework/boot/actuate/metrics/AutoTimer$$Lambda$511
instanceKlass io/micrometer/core/instrument/Timer$Builder
instanceKlass org/springframework/boot/actuate/autoconfigure/metrics/AutoTimeProperties
instanceKlass org/springframework/boot/actuate/metrics/AutoTimer
instanceKlass org/springframework/boot/actuate/autoconfigure/metrics/MetricsProperties$Web$Client$ClientRequest
instanceKlass org/springframework/boot/actuate/autoconfigure/metrics/MetricsProperties$Web$Client
instanceKlass org/springframework/web/context/support/ServletContextScope
instanceKlass org/springframework/boot/web/servlet/server/AbstractServletWebServerFactory$$Lambda$510
instanceKlass java/lang/invoke/LambdaForm$DMH
instanceKlass org/apache/tomcat/InstanceManagerBindings
instanceKlass org/apache/catalina/core/DefaultInstanceManager$AnnotationCacheEntry
instanceKlass org/apache/catalina/core/DefaultInstanceManager
instanceKlass org/apache/tomcat/InstanceManager
instanceKlass org/apache/tomcat/util/descriptor/web/ResourceBase
instanceKlass org/apache/tomcat/util/descriptor/web/Injectable
instanceKlass org/apache/tomcat/util/modeler/Util
instanceKlass org/apache/tomcat/util/buf/UriUtil
instanceKlass org/apache/catalina/webresources/StandardRoot$1
instanceKlass org/apache/catalina/webresources/StandardRoot$BaseLocation
instanceKlass org/apache/tomcat/util/http/ConcurrentDateFormat
instanceKlass org/apache/tomcat/util/http/FastHttpDateFormat
instanceKlass javax/security/auth/message/config/RegistrationListener
instanceKlass org/apache/catalina/Authenticator
instanceKlass javax/servlet/annotation/ServletSecurity
instanceKlass javax/annotation/security/RunAs
instanceKlass org/apache/catalina/servlets/DefaultServlet$PrecompressedResource
instanceKlass org/apache/catalina/servlets/DefaultServlet$SortManager$Order
instanceKlass org/apache/catalina/servlets/DefaultServlet$SortManager
instanceKlass org/apache/catalina/servlets/DefaultServlet$CompressionFormat
instanceKlass org/apache/catalina/servlets/DefaultServlet$Range
instanceKlass org/apache/catalina/servlets/DefaultServlet$SecureEntityResolver
instanceKlass org/xml/sax/ext/EntityResolver2
instanceKlass javax/xml/parsers/DocumentBuilderFactory
instanceKlass org/apache/tomcat/util/descriptor/web/FilterDef
instanceKlass javax/annotation/security/DeclareRoles
instanceKlass javax/annotation/Resources
instanceKlass org/apache/catalina/util/Introspection
instanceKlass org/apache/catalina/startup/WebAnnotationSet
instanceKlass org/apache/catalina/security/SecurityUtil
instanceKlass org/apache/catalina/webresources/EmptyResource
instanceKlass org/apache/tomcat/util/compat/JrePlatform
instanceKlass org/apache/catalina/webresources/CachedResource
instanceKlass org/apache/catalina/util/Extension
instanceKlass org/apache/catalina/util/ManifestResource
instanceKlass org/apache/catalina/util/ExtensionValidator
instanceKlass sun/util/locale/provider/TimeZoneNameUtility$TimeZoneNameGetter
instanceKlass sun/util/locale/provider/TimeZoneNameUtility
instanceKlass org/apache/tomcat/util/http/CookieProcessorBase$$Lambda$509
instanceKlass org/apache/tomcat/util/http/CookieProcessorBase
instanceKlass org/apache/tomcat/util/http/CookieProcessor
instanceKlass org/apache/catalina/WebResource
instanceKlass org/apache/tomcat/util/http/RequestUtil
instanceKlass org/apache/catalina/WebResourceSet
instanceKlass org/apache/catalina/webresources/TomcatURLStreamHandlerFactory
instanceKlass org/apache/catalina/webresources/Cache
instanceKlass org/apache/catalina/WebResourceRoot
instanceKlass org/apache/catalina/core/ApplicationSessionCookieConfig
instanceKlass javax/servlet/SessionCookieConfig
instanceKlass org/apache/catalina/core/ApplicationContextFacade
instanceKlass org/apache/catalina/core/ApplicationContext
instanceKlass org/apache/catalina/util/ContextName
instanceKlass org/apache/catalina/core/ContainerBase$StartChild
instanceKlass org/apache/catalina/realm/X509SubjectDnRetriever
instanceKlass org/apache/catalina/realm/X509UsernameRetriever
instanceKlass java/util/logging/LogRecord
instanceKlass org/apache/catalina/connector/CoyoteAdapter$$Lambda$508
instanceKlass org/apache/catalina/util/ServerInfo
instanceKlass org/apache/catalina/connector/CoyoteAdapter
instanceKlass org/apache/catalina/Executor
instanceKlass org/apache/catalina/mbeans/MBeanUtils
instanceKlass org/apache/catalina/mbeans/MBeanFactory
instanceKlass org/apache/tomcat/util/buf/StringCache
instanceKlass org/apache/tomcat/util/threads/ScheduledThreadPoolExecutor
instanceKlass java/util/concurrent/RunnableScheduledFuture
instanceKlass java/util/concurrent/ScheduledFuture
instanceKlass java/util/concurrent/Delayed
instanceKlass org/apache/tomcat/util/threads/TaskThreadFactory
instanceKlass com/sun/jmx/mbeanserver/Util
instanceKlass javax/management/ObjectName$Property
instanceKlass com/sun/jmx/mbeanserver/GetPropertyAction
instanceKlass org/springframework/boot/web/embedded/tomcat/TomcatWebServer$$Lambda$507
instanceKlass org/springframework/boot/autoconfigure/web/embedded/TomcatWebServerFactoryCustomizer$$Lambda$506
instanceKlass org/apache/tomcat/websocket/server/WsContextListener
instanceKlass javax/servlet/ServletContextListener
instanceKlass org/springframework/boot/web/embedded/tomcat/DisableReferenceClearingContextCustomizer
instanceKlass org/springframework/boot/system/ApplicationTemp$$Lambda$505
instanceKlass org/springframework/boot/system/ApplicationTemp$$Lambda$504
instanceKlass org/springframework/boot/system/ApplicationTemp$$Lambda$503
instanceKlass java/security/Timestamp
instanceKlass sun/security/timestamp/TimestampToken
instanceKlass sun/security/rsa/RSAPadding
instanceKlass sun/security/rsa/RSACore
instanceKlass java/security/interfaces/RSAPrivateCrtKey
instanceKlass sun/security/pkcs/PKCS8Key
instanceKlass java/security/interfaces/RSAPrivateKey
instanceKlass sun/security/pkcs/ESSCertId
instanceKlass sun/security/pkcs/SigningCertificateInfo
instanceKlass sun/security/x509/AccessDescription
instanceKlass sun/security/x509/DNSName
instanceKlass sun/security/x509/URIName
instanceKlass sun/security/x509/DistributionPoint
instanceKlass java/security/cert/PolicyQualifierInfo
instanceKlass sun/security/x509/CertificatePolicyId
instanceKlass sun/security/x509/PolicyInformation
instanceKlass sun/security/pkcs/PKCS9Attributes
instanceKlass java/security/interfaces/RSAPublicKey
instanceKlass java/security/spec/RSAPrivateKeySpec
instanceKlass java/security/spec/RSAPublicKeySpec
instanceKlass sun/security/rsa/SunRsaSignEntries
instanceKlass sun/nio/cs/Surrogate
instanceKlass sun/nio/cs/Surrogate$Parser
instanceKlass java/util/Base64$Encoder
instanceKlass java/util/Base64$Decoder
instanceKlass java/util/Base64
instanceKlass java/security/cert/CertPath
instanceKlass java/math/MutableBigInteger
instanceKlass java/security/interfaces/DSAPrivateKey
instanceKlass java/security/PrivateKey
instanceKlass sun/security/jca/ServiceId
instanceKlass java/security/SignatureSpi
instanceKlass java/security/spec/DSAParameterSpec
instanceKlass java/security/spec/AlgorithmParameterSpec
instanceKlass java/security/interfaces/DSAParams
instanceKlass java/security/interfaces/ECKey
instanceKlass java/security/interfaces/RSAKey
instanceKlass javax/crypto/SecretKey
instanceKlass javax/security/auth/Destroyable
instanceKlass sun/security/util/Length
instanceKlass sun/security/util/KeyUtil
instanceKlass sun/text/normalizer/NormalizerBase$1
instanceKlass sun/text/normalizer/NormalizerBase$QuickCheckResult
instanceKlass sun/text/normalizer/NormalizerBase$Mode
instanceKlass sun/text/normalizer/NormalizerBase
instanceKlass java/text/Normalizer
instanceKlass sun/security/pkcs/PKCS9Attribute
instanceKlass sun/security/x509/AVAKeyword
instanceKlass sun/security/util/ConstraintsParameters
instanceKlass sun/security/pkcs/SignerInfo
instanceKlass sun/security/x509/RFC822Name
instanceKlass sun/security/x509/GeneralName
instanceKlass sun/security/util/MemoryCache$CacheEntry
instanceKlass sun/security/x509/X509AttributeName
instanceKlass sun/security/x509/GeneralNames
instanceKlass sun/security/x509/KeyIdentifier
instanceKlass sun/security/x509/NetscapeCertTypeExtension$MapEntry
instanceKlass sun/security/x509/OIDMap$OIDInfo
instanceKlass sun/security/x509/PKIXExtensions
instanceKlass sun/security/x509/OIDMap
instanceKlass sun/security/x509/Extension
instanceKlass java/security/cert/Extension
instanceKlass sun/security/x509/CertificateExtensions
instanceKlass java/security/interfaces/DSAPublicKey
instanceKlass java/security/interfaces/DSAKey
instanceKlass java/security/spec/DSAPublicKeySpec
instanceKlass java/security/KeyFactorySpi
instanceKlass sun/security/jca/ProviderList$ServiceList$1
instanceKlass java/security/KeyFactory
instanceKlass java/security/spec/EncodedKeySpec
instanceKlass java/security/spec/KeySpec
instanceKlass sun/security/util/BitArray
instanceKlass java/security/AlgorithmParametersSpi
instanceKlass java/security/AlgorithmParameters
instanceKlass sun/security/x509/X509Key
instanceKlass java/security/PublicKey
instanceKlass java/security/Key
instanceKlass sun/security/x509/CertificateX509Key
instanceKlass sun/security/x509/CertificateValidity
instanceKlass sun/security/x509/AVA
instanceKlass sun/security/x509/RDN
instanceKlass javax/security/auth/x500/X500Principal
instanceKlass sun/security/x509/X500Name$1
instanceKlass sun/security/x509/X500Name
instanceKlass sun/security/x509/GeneralNameInterface
instanceKlass sun/security/x509/CertificateAlgorithmId
instanceKlass sun/security/x509/SerialNumber
instanceKlass sun/security/x509/CertificateSerialNumber
instanceKlass sun/security/x509/CertificateVersion
instanceKlass sun/security/x509/X509CertInfo
instanceKlass sun/security/x509/CertAttrSet
instanceKlass sun/security/util/Cache$EqualByteArray
instanceKlass java/security/cert/X509Extension
instanceKlass sun/security/util/Cache
instanceKlass java/security/cert/CertificateFactorySpi
instanceKlass java/security/cert/CertificateFactory
instanceKlass sun/security/x509/AlgorithmId
instanceKlass sun/security/util/ByteArrayTagOrder
instanceKlass sun/security/util/ByteArrayLexOrder
instanceKlass sun/security/util/DerEncoder
instanceKlass sun/security/util/DerValue
instanceKlass sun/security/util/ObjectIdentifier
instanceKlass sun/security/pkcs/ContentInfo
instanceKlass sun/security/util/DerIndefLenConverter
instanceKlass sun/security/util/DerInputStream
instanceKlass sun/security/pkcs/PKCS7
instanceKlass sun/security/util/ManifestDigester$Section
instanceKlass sun/security/util/ManifestDigester$Entry
instanceKlass sun/security/util/ManifestDigester$Position
instanceKlass sun/security/util/ManifestDigester
instanceKlass sun/security/util/DisabledAlgorithmConstraints$1
instanceKlass sun/security/util/DisabledAlgorithmConstraints$Constraint
instanceKlass sun/security/util/DisabledAlgorithmConstraints$Constraints
instanceKlass sun/security/util/AbstractAlgorithmConstraints$1
instanceKlass sun/security/util/AlgorithmDecomposer
instanceKlass sun/security/util/AbstractAlgorithmConstraints
instanceKlass sun/security/util/SignatureFileVerifier
instanceKlass sun/security/util/ManifestEntryVerifier
instanceKlass org/springframework/boot/system/ApplicationHome
instanceKlass org/springframework/boot/system/ApplicationTemp
instanceKlass org/springframework/boot/web/embedded/tomcat/TomcatServletWebServerFactory$$Lambda$502
instanceKlass org/apache/catalina/SessionIdGenerator
instanceKlass org/springframework/boot/web/embedded/tomcat/TomcatStarter
instanceKlass org/apache/catalina/core/StandardHost$MemoryLeakTrackingListener
instanceKlass org/springframework/boot/web/servlet/server/AbstractServletWebServerFactory$SessionConfiguringInitializer
instanceKlass org/springframework/boot/web/servlet/server/AbstractServletWebServerFactory$$Lambda$501
instanceKlass org/springframework/boot/web/embedded/tomcat/TomcatServletWebServerFactory$StaticResourceConfigurer
instanceKlass org/apache/catalina/core/StandardWrapperFacade
instanceKlass java/util/EventListenerProxy
instanceKlass org/apache/tomcat/util/security/PermissionCheck
instanceKlass org/apache/juli/WebappProperties
instanceKlass org/apache/tomcat/InstrumentableClassLoader
instanceKlass org/apache/catalina/Loader
instanceKlass org/apache/tomcat/util/scan/StandardJarScanner
instanceKlass org/apache/tomcat/JarScanner
instanceKlass org/apache/tomcat/util/scan/StandardJarScanFilter
instanceKlass org/apache/tomcat/JarScanFilter
instanceKlass org/springframework/boot/web/embedded/tomcat/TomcatServletWebServerFactory$$Lambda$500
instanceKlass org/apache/catalina/util/CharsetMapper
instanceKlass org/apache/catalina/startup/Tomcat$FixContextListener
instanceKlass org/apache/catalina/util/URLEncoder
instanceKlass com/sun/jmx/remote/util/ClassLogger
instanceKlass javax/management/MBeanFeatureInfo
instanceKlass javax/management/DescriptorRead
instanceKlass javax/management/NotificationBroadcasterSupport$1
instanceKlass javax/management/NotificationBroadcasterSupport
instanceKlass org/apache/catalina/Wrapper
instanceKlass org/apache/catalina/core/StandardContext$ContextFilterMaps
instanceKlass org/apache/catalina/util/ErrorPageSupport
instanceKlass org/apache/tomcat/util/descriptor/web/XmlEncodingBase
instanceKlass org/apache/tomcat/util/descriptor/web/ApplicationParameter
instanceKlass org/apache/catalina/core/StandardContext$1
instanceKlass org/apache/catalina/ThreadBindingListener
instanceKlass org/apache/catalina/Globals
instanceKlass org/apache/catalina/realm/RealmBase$AllRolesMode
instanceKlass org/apache/catalina/realm/DigestCredentialHandlerBase
instanceKlass org/apache/catalina/CredentialHandler
instanceKlass org/apache/catalina/Realm
instanceKlass org/apache/catalina/Pipeline
instanceKlass org/apache/catalina/Contained
instanceKlass org/apache/tomcat/util/threads/LimitLatch
instanceKlass org/springframework/boot/web/embedded/tomcat/CompressionConnectorCustomizer
instanceKlass org/apache/tomcat/util/net/SocketWrapperBase
instanceKlass org/apache/tomcat/util/net/SSLImplementation
instanceKlass org/apache/tomcat/util/buf/CharsetUtil
instanceKlass org/apache/tomcat/util/buf/CharsetCache
instanceKlass org/apache/tomcat/util/buf/B2CConverter
instanceKlass org/springframework/boot/web/embedded/tomcat/TomcatServletWebServerFactory$$Lambda$499
instanceKlass org/apache/coyote/Processor
instanceKlass java/util/concurrent/ScheduledExecutorService
instanceKlass org/apache/coyote/Adapter
instanceKlass javax/management/ObjectName
instanceKlass javax/management/QueryExp
instanceKlass org/apache/coyote/Response
instanceKlass org/apache/coyote/Request
instanceKlass org/apache/tomcat/util/net/SSLHostConfig
instanceKlass org/apache/tomcat/util/XReflectionIntrospectionUtils
instanceKlass org/apache/tomcat/util/IntrospectionUtils
instanceKlass org/apache/catalina/ContainerListener
instanceKlass org/apache/catalina/mapper/Mapper$MapElement
instanceKlass org/apache/catalina/mapper/Mapper
instanceKlass org/apache/tomcat/util/file/ConfigFileLoader
instanceKlass org/apache/tomcat/util/file/ConfigurationSource$1
instanceKlass org/apache/catalina/startup/CatalinaBaseConfigurationSource
instanceKlass org/apache/tomcat/util/file/ConfigurationSource
instanceKlass org/apache/tomcat/util/descriptor/web/NamingResources
instanceKlass java/beans/PropertyChangeListener
instanceKlass java/beans/ChangeListenerMap
instanceKlass java/beans/PropertyChangeSupport
instanceKlass org/apache/catalina/Service
instanceKlass org/apache/catalina/Server
instanceKlass org/apache/tomcat/util/collections/SynchronizedStack
instanceKlass org/apache/tomcat/util/modeler/BaseModelMBean
instanceKlass javax/management/modelmbean/ModelMBeanNotificationBroadcaster
instanceKlass javax/management/DynamicMBean
instanceKlass org/apache/coyote/AbstractProtocol$ConnectionHandler
instanceKlass org/apache/tomcat/util/net/AbstractEndpoint$Handler
instanceKlass org/apache/coyote/CompressionConfig
instanceKlass org/apache/tomcat/util/net/NioSelectorPool
instanceKlass org/apache/tomcat/util/net/SocketProperties
instanceKlass org/apache/tomcat/util/net/AbstractEndpoint
instanceKlass org/apache/tomcat/util/buf/UDecoder
instanceKlass java/io/DeleteOnExitHook$1
instanceKlass java/io/DeleteOnExitHook
instanceKlass sun/nio/fs/WindowsPath$1
instanceKlass sun/nio/fs/BasicFileAttributesHolder
instanceKlass sun/nio/fs/WindowsDirectoryStream$WindowsDirectoryIterator
instanceKlass sun/nio/fs/WindowsFileAttributes
instanceKlass java/nio/file/attribute/DosFileAttributes
instanceKlass java/nio/file/attribute/BasicFileAttributes
instanceKlass sun/nio/fs/WindowsDirectoryStream
instanceKlass java/nio/file/DirectoryStream
instanceKlass java/nio/file/Files$AcceptAllFilter
instanceKlass java/nio/file/DirectoryStream$Filter
instanceKlass sun/security/provider/SeedGenerator$1
instanceKlass sun/security/provider/SeedGenerator
instanceKlass sun/security/provider/SecureRandom$SeederHolder
instanceKlass java/security/SecureRandomSpi
instanceKlass java/nio/file/Paths
instanceKlass java/nio/file/TempFileHelper
instanceKlass org/apache/tomcat/util/ExceptionUtils
instanceKlass java/security/AlgorithmConstraints
instanceKlass javax/net/ssl/SSLParameters
instanceKlass org/apache/tomcat/util/compat/JreCompat
instanceKlass org/apache/tomcat/util/modeler/FeatureInfo
instanceKlass org/apache/tomcat/util/modeler/ManagedBean
instanceKlass org/apache/tomcat/util/modeler/NoDescriptorRegistry$NoJmxMBeanServer
instanceKlass javax/management/MBeanServer
instanceKlass javax/management/MBeanServerConnection
instanceKlass org/apache/tomcat/util/modeler/Registry
instanceKlass org/apache/tomcat/util/modeler/RegistryMBean
instanceKlass org/springframework/boot/web/servlet/context/ServletWebServerApplicationContext$$Lambda$498
instanceKlass javax/servlet/ServletRegistration$Dynamic
instanceKlass javax/servlet/Registration$Dynamic
instanceKlass org/springframework/boot/autoconfigure/web/servlet/MultipartProperties$$Lambda$497
instanceKlass org/springframework/boot/autoconfigure/web/servlet/MultipartProperties$$Lambda$496
instanceKlass org/springframework/boot/autoconfigure/web/servlet/MultipartProperties$$Lambda$495
instanceKlass org/springframework/boot/autoconfigure/web/servlet/MultipartProperties$$Lambda$494
instanceKlass org/springframework/boot/web/servlet/MultipartConfigFactory
instanceKlass org/springframework/boot/context/properties/bind/handler/NoUnboundElementsBindHandler$$Lambda$493
instanceKlass org/springframework/boot/context/properties/source/UnboundElementsSourceFilter
instanceKlass org/springframework/boot/autoconfigure/web/servlet/DispatcherServletAutoConfiguration$DispatcherServletRegistrationConfiguration$$Lambda$492
instanceKlass org/springframework/web/context/request/AbstractRequestAttributes
instanceKlass org/springframework/web/context/request/async/WebAsyncManager
instanceKlass org/springframework/context/i18n/LocaleContext
instanceKlass org/springframework/web/servlet/ModelAndView
instanceKlass javax/servlet/http/HttpServletResponse
instanceKlass org/springframework/web/servlet/HandlerExecutionChain
instanceKlass javax/servlet/http/HttpServletRequest
instanceKlass org/springframework/web/servlet/FlashMapManager
instanceKlass org/springframework/web/servlet/RequestToViewNameTranslator
instanceKlass org/springframework/web/servlet/ThemeResolver
instanceKlass org/springframework/boot/autoconfigure/web/embedded/TomcatWebServerFactoryCustomizer$$Lambda$491
instanceKlass org/springframework/boot/autoconfigure/web/embedded/TomcatWebServerFactoryCustomizer$$Lambda$490
instanceKlass org/springframework/boot/autoconfigure/web/embedded/TomcatWebServerFactoryCustomizer$$Lambda$489
instanceKlass org/springframework/boot/autoconfigure/web/embedded/TomcatWebServerFactoryCustomizer$$Lambda$488
instanceKlass java/util/stream/Collectors$$Lambda$487
instanceKlass java/util/stream/Collectors$$Lambda$486
instanceKlass java/util/stream/Collectors$$Lambda$485
instanceKlass java/util/stream/Collectors$$Lambda$484
instanceKlass org/springframework/boot/autoconfigure/web/embedded/TomcatWebServerFactoryCustomizer$$Lambda$483
instanceKlass org/springframework/boot/autoconfigure/web/embedded/TomcatWebServerFactoryCustomizer$$Lambda$482
instanceKlass org/springframework/boot/context/properties/PropertyMapper$Source$$Lambda$481
instanceKlass org/springframework/boot/autoconfigure/web/embedded/TomcatWebServerFactoryCustomizer$$Lambda$480
instanceKlass org/springframework/boot/autoconfigure/web/embedded/TomcatWebServerFactoryCustomizer$$Lambda$479
instanceKlass org/springframework/boot/autoconfigure/web/embedded/TomcatWebServerFactoryCustomizer$$Lambda$478
instanceKlass org/springframework/boot/autoconfigure/web/embedded/TomcatWebServerFactoryCustomizer$$Lambda$477
instanceKlass org/springframework/boot/autoconfigure/web/embedded/TomcatWebServerFactoryCustomizer$$Lambda$476
instanceKlass org/springframework/boot/autoconfigure/web/embedded/TomcatWebServerFactoryCustomizer$$Lambda$475
instanceKlass org/springframework/boot/autoconfigure/web/embedded/TomcatWebServerFactoryCustomizer$$Lambda$474
instanceKlass org/springframework/boot/autoconfigure/web/embedded/TomcatWebServerFactoryCustomizer$$Lambda$473
instanceKlass org/springframework/boot/autoconfigure/web/embedded/TomcatWebServerFactoryCustomizer$$Lambda$472
instanceKlass org/springframework/boot/autoconfigure/web/embedded/TomcatWebServerFactoryCustomizer$$Lambda$471
instanceKlass org/springframework/boot/autoconfigure/web/embedded/TomcatWebServerFactoryCustomizer$$Lambda$470
instanceKlass org/springframework/boot/autoconfigure/web/embedded/TomcatWebServerFactoryCustomizer$$Lambda$469
instanceKlass org/springframework/boot/autoconfigure/web/embedded/TomcatWebServerFactoryCustomizer$$Lambda$468
instanceKlass org/springframework/boot/autoconfigure/web/embedded/TomcatWebServerFactoryCustomizer$$Lambda$467
instanceKlass org/springframework/boot/autoconfigure/web/embedded/TomcatWebServerFactoryCustomizer$$Lambda$466
instanceKlass org/springframework/boot/autoconfigure/web/embedded/TomcatWebServerFactoryCustomizer$$Lambda$465
instanceKlass org/springframework/boot/autoconfigure/web/embedded/TomcatWebServerFactoryCustomizer$$Lambda$464
instanceKlass org/springframework/boot/autoconfigure/web/embedded/TomcatWebServerFactoryCustomizer$$Lambda$463
instanceKlass org/springframework/boot/autoconfigure/web/embedded/TomcatWebServerFactoryCustomizer$$Lambda$462
instanceKlass org/springframework/boot/autoconfigure/web/embedded/TomcatWebServerFactoryCustomizer$$Lambda$461
instanceKlass org/springframework/boot/autoconfigure/web/embedded/TomcatWebServerFactoryCustomizer$$Lambda$460
instanceKlass org/springframework/boot/autoconfigure/web/embedded/TomcatWebServerFactoryCustomizer$$Lambda$459
instanceKlass org/springframework/boot/autoconfigure/web/embedded/TomcatWebServerFactoryCustomizer$$Lambda$458
instanceKlass org/springframework/boot/autoconfigure/web/embedded/TomcatWebServerFactoryCustomizer$$Lambda$457
instanceKlass org/springframework/boot/autoconfigure/web/embedded/TomcatWebServerFactoryCustomizer$$Lambda$456
instanceKlass org/springframework/boot/autoconfigure/web/embedded/TomcatWebServerFactoryCustomizer$$Lambda$455
instanceKlass org/springframework/boot/autoconfigure/web/embedded/TomcatWebServerFactoryCustomizer$$Lambda$454
instanceKlass org/springframework/boot/autoconfigure/web/embedded/TomcatWebServerFactoryCustomizer$$Lambda$453
instanceKlass org/springframework/boot/autoconfigure/web/embedded/TomcatWebServerFactoryCustomizer$$Lambda$452
instanceKlass org/springframework/boot/autoconfigure/web/embedded/TomcatWebServerFactoryCustomizer$$Lambda$451
instanceKlass org/springframework/boot/autoconfigure/web/embedded/TomcatWebServerFactoryCustomizer$$Lambda$450
instanceKlass org/springframework/boot/autoconfigure/web/embedded/TomcatWebServerFactoryCustomizer$$Lambda$449
instanceKlass org/springframework/boot/context/properties/PropertyMapper$Source$$Lambda$448
instanceKlass org/springframework/boot/autoconfigure/web/embedded/TomcatWebServerFactoryCustomizer$$Lambda$447
instanceKlass org/springframework/boot/autoconfigure/web/embedded/TomcatWebServerFactoryCustomizer$$Lambda$446
instanceKlass org/springframework/boot/autoconfigure/web/embedded/TomcatWebServerFactoryCustomizer$$Lambda$445
instanceKlass org/springframework/boot/autoconfigure/web/embedded/TomcatWebServerFactoryCustomizer$$Lambda$444
instanceKlass org/springframework/boot/autoconfigure/web/embedded/TomcatWebServerFactoryCustomizer$$Lambda$443
instanceKlass org/springframework/boot/autoconfigure/web/embedded/TomcatWebServerFactoryCustomizer$$Lambda$442
instanceKlass org/springframework/boot/autoconfigure/web/embedded/TomcatWebServerFactoryCustomizer$$Lambda$441
instanceKlass java/util/function/Predicate$$Lambda$440
instanceKlass org/springframework/boot/autoconfigure/web/embedded/TomcatWebServerFactoryCustomizer$$Lambda$439
instanceKlass java/lang/invoke/LambdaForm$DMH
instanceKlass org/springframework/boot/autoconfigure/web/embedded/TomcatWebServerFactoryCustomizer$$Lambda$438
instanceKlass org/springframework/boot/autoconfigure/web/embedded/TomcatWebServerFactoryCustomizer$$Lambda$437
instanceKlass org/springframework/boot/autoconfigure/web/embedded/TomcatWebServerFactoryCustomizer$$Lambda$436
instanceKlass org/springframework/boot/context/properties/PropertyMapper$Source$$Lambda$435
instanceKlass org/springframework/boot/context/properties/PropertyMapper$Source$$Lambda$434
instanceKlass org/springframework/boot/context/properties/PropertyMapper$Source$$Lambda$433
instanceKlass org/springframework/boot/autoconfigure/web/embedded/TomcatWebServerFactoryCustomizer$$Lambda$432
instanceKlass org/springframework/boot/autoconfigure/web/embedded/TomcatWebServerFactoryCustomizer$$Lambda$431
instanceKlass org/springframework/boot/autoconfigure/web/embedded/TomcatWebServerFactoryCustomizer$$Lambda$430
instanceKlass org/springframework/boot/autoconfigure/web/embedded/TomcatWebServerFactoryCustomizer$$Lambda$429
instanceKlass org/springframework/boot/autoconfigure/web/servlet/TomcatServletWebServerFactoryCustomizer$$Lambda$428
instanceKlass org/springframework/boot/autoconfigure/web/servlet/TomcatServletWebServerFactoryCustomizer$$Lambda$427
instanceKlass java/lang/invoke/LambdaForm$DMH
instanceKlass org/springframework/boot/autoconfigure/web/servlet/ServletWebServerFactoryCustomizer$$Lambda$426
instanceKlass org/springframework/boot/context/properties/PropertyMapper$$Lambda$425
instanceKlass org/springframework/boot/autoconfigure/web/servlet/ServletWebServerFactoryCustomizer$$Lambda$424
instanceKlass org/springframework/boot/autoconfigure/web/servlet/ServletWebServerFactoryCustomizer$$Lambda$423
instanceKlass org/springframework/boot/autoconfigure/web/servlet/ServletWebServerFactoryCustomizer$$Lambda$422
instanceKlass org/springframework/boot/autoconfigure/web/servlet/ServletWebServerFactoryCustomizer$$Lambda$421
instanceKlass org/springframework/boot/autoconfigure/web/servlet/ServletWebServerFactoryCustomizer$$Lambda$420
instanceKlass org/springframework/boot/autoconfigure/web/servlet/ServletWebServerFactoryCustomizer$$Lambda$419
instanceKlass org/springframework/boot/autoconfigure/web/servlet/ServletWebServerFactoryCustomizer$$Lambda$418
instanceKlass org/springframework/boot/autoconfigure/web/servlet/ServletWebServerFactoryCustomizer$$Lambda$417
instanceKlass org/springframework/boot/autoconfigure/web/servlet/ServletWebServerFactoryCustomizer$$Lambda$416
instanceKlass org/springframework/boot/autoconfigure/web/servlet/ServletWebServerFactoryCustomizer$$Lambda$415
instanceKlass org/springframework/boot/autoconfigure/web/servlet/ServletWebServerFactoryCustomizer$$Lambda$414
instanceKlass org/springframework/boot/autoconfigure/web/servlet/ServletWebServerFactoryCustomizer$$Lambda$413
instanceKlass org/springframework/boot/autoconfigure/web/servlet/ServletWebServerFactoryCustomizer$$Lambda$412
instanceKlass org/springframework/boot/autoconfigure/web/servlet/ServletWebServerFactoryCustomizer$$Lambda$411
instanceKlass org/springframework/boot/autoconfigure/web/servlet/ServletWebServerFactoryCustomizer$$Lambda$410
instanceKlass org/springframework/boot/autoconfigure/web/servlet/ServletWebServerFactoryCustomizer$$Lambda$409
instanceKlass org/springframework/boot/autoconfigure/web/servlet/ServletWebServerFactoryCustomizer$$Lambda$408
instanceKlass org/springframework/boot/autoconfigure/web/servlet/ServletWebServerFactoryCustomizer$$Lambda$407
instanceKlass org/springframework/boot/autoconfigure/web/servlet/ServletWebServerFactoryCustomizer$$Lambda$406
instanceKlass org/springframework/boot/autoconfigure/web/servlet/ServletWebServerFactoryCustomizer$$Lambda$405
instanceKlass org/springframework/boot/autoconfigure/web/servlet/ServletWebServerFactoryCustomizer$$Lambda$404
instanceKlass org/springframework/boot/autoconfigure/web/servlet/ServletWebServerFactoryCustomizer$$Lambda$403
instanceKlass org/springframework/boot/autoconfigure/web/servlet/ServletWebServerFactoryCustomizer$$Lambda$402
instanceKlass java/lang/invoke/LambdaForm$DMH
instanceKlass org/springframework/boot/context/properties/PropertyMapper$Source$$Lambda$401
instanceKlass org/springframework/boot/context/properties/PropertyMapper$NullPointerExceptionSafeSupplier
instanceKlass org/springframework/boot/context/properties/PropertyMapper$CachingSupplier
instanceKlass org/springframework/boot/autoconfigure/web/servlet/ServletWebServerFactoryCustomizer$$Lambda$400
instanceKlass org/springframework/boot/context/properties/PropertyMapper$$Lambda$399
instanceKlass org/springframework/boot/context/properties/PropertyMapper$SourceOperator
instanceKlass org/springframework/boot/context/properties/PropertyMapper$Source
instanceKlass org/springframework/boot/context/properties/PropertyMapper$$Lambda$398
instanceKlass org/springframework/boot/context/properties/PropertyMapper
instanceKlass org/springframework/boot/util/LambdaSafe$InvocationResult
instanceKlass org/springframework/boot/autoconfigure/websocket/servlet/TomcatWebSocketServletWebServerCustomizer$$Lambda$397
instanceKlass org/springframework/boot/util/LambdaSafe$Callbacks$$Lambda$396
instanceKlass org/springframework/boot/util/LambdaSafe$Callbacks$$Lambda$395
instanceKlass org/springframework/boot/web/server/WebServerFactoryCustomizerBeanPostProcessor$$Lambda$394
instanceKlass org/springframework/boot/util/LambdaSafe$GenericTypeFilter
instanceKlass org/springframework/boot/util/LambdaSafe$Filter
instanceKlass org/springframework/boot/util/LambdaSafe$LambdaSafeCallback
instanceKlass org/springframework/boot/util/LambdaSafe
instanceKlass org/springframework/boot/convert/DurationUnit
instanceKlass org/springframework/boot/context/properties/NestedConfigurationProperty
instanceKlass org/springframework/boot/autoconfigure/web/ServerProperties$Undertow$Options
instanceKlass org/springframework/boot/autoconfigure/web/ServerProperties$Undertow$Threads
instanceKlass org/springframework/boot/autoconfigure/web/ServerProperties$Undertow$Accesslog
instanceKlass org/springframework/boot/autoconfigure/web/ServerProperties$Jetty$Threads
instanceKlass org/springframework/boot/autoconfigure/web/ServerProperties$Jetty$Accesslog
instanceKlass org/springframework/boot/autoconfigure/web/ServerProperties$Tomcat$Remoteip
instanceKlass org/springframework/boot/autoconfigure/web/ServerProperties$Tomcat$Mbeanregistry
instanceKlass org/springframework/boot/autoconfigure/web/ServerProperties$Tomcat$Resource
instanceKlass org/springframework/boot/autoconfigure/web/ServerProperties$Tomcat$Threads
instanceKlass org/springframework/boot/autoconfigure/web/ServerProperties$Tomcat$Accesslog
instanceKlass org/springframework/boot/web/servlet/server/Encoding
instanceKlass org/springframework/boot/autoconfigure/web/ErrorProperties$Whitelabel
instanceKlass org/springframework/boot/web/server/ErrorPage
instanceKlass org/springframework/boot/web/server/SslStoreProvider
instanceKlass org/apache/catalina/Engine
instanceKlass org/apache/catalina/Valve
instanceKlass javax/management/NotificationEmitter
instanceKlass javax/management/NotificationBroadcaster
instanceKlass org/apache/catalina/Context
instanceKlass org/apache/tomcat/ContextBind
instanceKlass org/springframework/boot/web/embedded/tomcat/TomcatWebServer
instanceKlass org/apache/coyote/AbstractProtocol
instanceKlass org/apache/coyote/ProtocolHandler
instanceKlass org/apache/catalina/util/LifecycleBase
instanceKlass org/apache/catalina/JmxEnabled
instanceKlass javax/management/MBeanRegistration
instanceKlass org/springframework/boot/web/server/WebServer
instanceKlass org/apache/catalina/Host
instanceKlass org/apache/catalina/Container
instanceKlass org/apache/catalina/Lifecycle
instanceKlass java/util/stream/SortedOps$RefSortingSink$$Lambda$393
instanceKlass java/util/stream/SortedOps
instanceKlass org/springframework/core/OrderComparator$$Lambda$392
instanceKlass org/springframework/beans/factory/support/DefaultListableBeanFactory$FactoryAwareOrderSourceProvider
instanceKlass org/springframework/core/OrderComparator$OrderSourceProvider
instanceKlass org/springframework/beans/factory/support/DefaultListableBeanFactory$$Lambda$391
instanceKlass org/springframework/beans/factory/support/DefaultListableBeanFactory$$Lambda$390
instanceKlass org/springframework/beans/factory/support/DefaultListableBeanFactory$$Lambda$389
instanceKlass org/springframework/boot/web/embedded/tomcat/TldPatterns
instanceKlass java/lang/ClassLoaderHelper
instanceKlass org/apache/tomcat/jni/Library
instanceKlass org/apache/catalina/core/AprStatus
instanceKlass java/util/ResourceBundle$Control$1
instanceKlass org/apache/tomcat/util/res/StringManager
instanceKlass org/apache/juli/logging/DirectJDKLog
instanceKlass org/apache/juli/logging/Log
instanceKlass org/apache/juli/logging/LogFactory
instanceKlass org/apache/catalina/core/AprLifecycleListener
instanceKlass org/apache/catalina/LifecycleListener
instanceKlass org/springframework/boot/web/servlet/server/StaticResourceJars
instanceKlass org/springframework/boot/web/servlet/server/DocumentRoot
instanceKlass org/springframework/boot/web/servlet/server/Jsp
instanceKlass org/springframework/boot/web/server/MimeMappings$Mapping
instanceKlass org/springframework/boot/web/server/MimeMappings
instanceKlass org/springframework/boot/web/servlet/server/SessionStoreDirectory
instanceKlass org/springframework/boot/web/servlet/server/Session$Cookie
instanceKlass org/springframework/boot/web/servlet/server/Session
instanceKlass org/springframework/boot/web/embedded/tomcat/TomcatProtocolHandlerCustomizer
instanceKlass org/springframework/boot/web/embedded/tomcat/TomcatContextCustomizer
instanceKlass org/springframework/boot/web/embedded/tomcat/TomcatConnectorCustomizer
instanceKlass org/springframework/ui/context/support/ResourceBundleThemeSource
instanceKlass org/springframework/ui/context/HierarchicalThemeSource
instanceKlass org/springframework/ui/context/support/UiApplicationContextUtils
instanceKlass org/springframework/data/projection/MethodInterceptorFactory
instanceKlass org/springframework/data/projection/ProxyProjectionFactory
instanceKlass org/springframework/data/projection/ProjectionFactory
instanceKlass org/springframework/web/method/annotation/ModelAttributeMethodProcessor
instanceKlass org/springframework/web/method/support/HandlerMethodReturnValueHandler
instanceKlass org/springframework/boot/actuate/autoconfigure/metrics/MeterRegistryConfigurer
instanceKlass org/springframework/boot/actuate/autoconfigure/metrics/MeterRegistryCustomizer
instanceKlass org/springframework/core/MethodClassKey
instanceKlass org/springframework/aop/IntroductionAwareMethodMatcher
instanceKlass org/springframework/transaction/interceptor/TransactionalProxy
instanceKlass org/springframework/boot/actuate/health/HealthEndpointGroupsPostProcessor
instanceKlass org/springframework/beans/factory/support/DefaultListableBeanFactory$DependencyObjectProvider
instanceKlass org/springframework/aop/aspectj/AspectJPointcutAdvisor
instanceKlass org/springframework/transaction/interceptor/TransactionAttributeSourcePointcut$TransactionAttributeSourceClassFilter
instanceKlass org/springframework/aop/TrueClassFilter
instanceKlass org/springframework/aop/support/StaticMethodMatcher
instanceKlass org/springframework/transaction/interceptor/TransactionAspectSupport$ThrowableHolder
instanceKlass org/springframework/transaction/TransactionStatus
instanceKlass org/springframework/transaction/SavepointManager
instanceKlass org/springframework/transaction/TransactionExecution
instanceKlass org/springframework/transaction/interceptor/TransactionAspectSupport$ReactiveTransactionSupport
instanceKlass org/springframework/transaction/interceptor/TransactionAspectSupport$TransactionInfo
instanceKlass org/springframework/transaction/interceptor/TransactionAspectSupport$InvocationCallback
instanceKlass java/io/ObjectOutput
instanceKlass java/io/ObjectStreamConstants
instanceKlass java/io/ObjectInput
instanceKlass org/aopalliance/intercept/MethodInvocation
instanceKlass org/aopalliance/intercept/Invocation
instanceKlass org/aopalliance/intercept/Joinpoint
instanceKlass org/springframework/transaction/annotation/JtaTransactionAnnotationParser
instanceKlass org/springframework/transaction/annotation/SpringTransactionAnnotationParser
instanceKlass org/springframework/transaction/annotation/TransactionAnnotationParser
instanceKlass javax/transaction/Transactional
instanceKlass org/springframework/transaction/interceptor/TransactionAttribute
instanceKlass org/springframework/transaction/interceptor/AbstractFallbackTransactionAttributeSource
instanceKlass org/springframework/aop/IntroductionAdvisor
instanceKlass org/springframework/aop/IntroductionInfo
instanceKlass org/springframework/aop/aspectj/AspectJProxyUtils
instanceKlass org/springframework/aop/framework/autoproxy/ProxyCreationContext
instanceKlass org/springframework/core/annotation/AnnotationUtils$$Lambda$388
instanceKlass org/springframework/transaction/annotation/TransactionManagementConfigurer
instanceKlass com/netflix/appinfo/AbstractInstanceConfig
instanceKlass com/netflix/appinfo/RefreshableInstanceConfig
instanceKlass com/netflix/discovery/DefaultEurekaClientConfig
instanceKlass javax/inject/Scope
instanceKlass javax/inject/Singleton
instanceKlass com/netflix/discovery/DiscoveryClient
instanceKlass com/google/inject/ImplementedBy
instanceKlass io/micrometer/core/lang/NonNullFields
instanceKlass io/micrometer/core/lang/NonNullApi
instanceKlass org/springframework/boot/actuate/endpoint/annotation/EndpointExtension
instanceKlass org/springframework/boot/actuate/endpoint/web/annotation/EndpointWebExtension
instanceKlass org/springframework/core/annotation/AnnotationUtils$$Lambda$387
instanceKlass org/aspectj/lang/annotation/Aspect
instanceKlass org/springframework/boot/autoconfigure/orm/jpa/DataSourceInitializedPublisher$DataSourceSchemaCreatedPublisher
instanceKlass org/springframework/dao/support/PersistenceExceptionTranslationInterceptor
instanceKlass org/springframework/aop/aspectj/annotation/AbstractAspectJAdvisorFactory$AspectJAnnotationParameterNameDiscoverer
instanceKlass java/util/Comparator$$Lambda$386
instanceKlass org/springframework/util/comparator/ComparableComparator
instanceKlass org/springframework/util/comparator/Comparators
instanceKlass org/springframework/aop/aspectj/annotation/ReflectiveAspectJAdvisorFactory$$Lambda$385
instanceKlass org/springframework/aop/aspectj/annotation/ReflectiveAspectJAdvisorFactory$$Lambda$384
instanceKlass org/springframework/util/comparator/InstanceComparator
instanceKlass org/springframework/core/convert/converter/ConvertingComparator
instanceKlass org/aspectj/lang/annotation/AfterThrowing
instanceKlass org/aspectj/lang/annotation/AfterReturning
instanceKlass org/aspectj/lang/annotation/After
instanceKlass org/aspectj/lang/annotation/Before
instanceKlass org/aspectj/lang/annotation/Around
instanceKlass org/aspectj/lang/annotation/Pointcut
instanceKlass org/springframework/aop/aspectj/annotation/AbstractAspectJAdvisorFactory
instanceKlass org/springframework/core/convert/support/NumberToNumberConverterFactory$NumberToNumber
instanceKlass sun/reflect/generics/reflectiveObjects/GenericArrayTypeImpl
instanceKlass org/springframework/aop/framework/autoproxy/BeanFactoryAdvisorRetrievalHelper
instanceKlass org/springframework/aop/aspectj/annotation/BeanFactoryAspectJAdvisorsBuilder
instanceKlass org/springframework/aop/framework/adapter/ThrowsAdviceAdapter
instanceKlass org/springframework/aop/framework/adapter/AfterReturningAdviceAdapter
instanceKlass org/springframework/aop/framework/adapter/MethodBeforeAdviceAdapter
instanceKlass org/springframework/aop/framework/adapter/AdvisorAdapter
instanceKlass org/springframework/aop/framework/adapter/DefaultAdvisorAdapterRegistry
instanceKlass org/springframework/aop/framework/adapter/GlobalAdvisorAdapterRegistry
instanceKlass org/springframework/aop/aspectj/autoproxy/AspectJPrecedenceComparator
instanceKlass org/springframework/aop/framework/autoproxy/TargetSourceCreator
instanceKlass org/springframework/aop/framework/adapter/AdvisorAdapterRegistry
instanceKlass org/springframework/aop/aspectj/annotation/AspectJAdvisorFactory
instanceKlass org/springframework/aop/TruePointcut
instanceKlass org/springframework/validation/beanvalidation/MethodValidationInterceptor
instanceKlass org/springframework/aop/TrueMethodMatcher
instanceKlass org/springframework/aop/MethodMatcher
instanceKlass org/springframework/aop/support/annotation/AnnotationClassFilter
instanceKlass org/springframework/aop/ClassFilter
instanceKlass org/springframework/aop/support/annotation/AnnotationMatchingPointcut
instanceKlass org/springframework/aop/Pointcut
instanceKlass org/springframework/aop/Advisor$1
instanceKlass javax/validation/metadata/BeanDescriptor
instanceKlass javax/validation/metadata/ElementDescriptor
instanceKlass org/springframework/aop/framework/JdkDynamicAopProxy
instanceKlass org/springframework/aop/framework/AopProxy
instanceKlass org/springframework/aop/framework/DefaultAopProxyFactory
instanceKlass org/springframework/aop/framework/AopProxyFactory
instanceKlass org/springframework/aop/framework/DefaultAdvisorChainFactory
instanceKlass org/springframework/aop/framework/AdvisorChainFactory
instanceKlass org/springframework/aop/target/EmptyTargetSource
instanceKlass org/springframework/context/annotation/ContextAnnotationAutowireCandidateResolver$1
instanceKlass org/springframework/aop/TargetSource
instanceKlass org/springframework/core/annotation/TypeMappedAnnotation$$Lambda$383
instanceKlass org/springframework/data/jpa/repository/query/EscapeCharacter
instanceKlass java/lang/Class$EnclosingMethodInfo
instanceKlass org/springframework/asm/Handle
instanceKlass org/springframework/core/LocalVariableTableParameterNameDiscoverer$$Lambda$382
instanceKlass org/springframework/data/repository/core/RepositoryInformation
instanceKlass org/springframework/data/repository/query/QueryMethodEvaluationContextProvider
instanceKlass org/springframework/data/mapping/PersistentEntity
instanceKlass org/springframework/data/repository/core/support/RepositoryComposition$RepositoryFragments
instanceKlass org/springframework/data/repository/core/EntityInformation
instanceKlass org/springframework/data/repository/core/EntityMetadata
instanceKlass org/springframework/data/querydsl/EntityPathResolver
instanceKlass org/springframework/data/jpa/repository/query/JpaQueryMethodFactory
instanceKlass org/springframework/orm/jpa/SharedEntityManagerCreator
instanceKlass org/springframework/data/jpa/util/BeanDefinitionUtils$EntityManagerFactoryBeanDefinition
instanceKlass org/springframework/data/jpa/util/BeanDefinitionUtils
instanceKlass sun/security/provider/ByteArrayAccess
instanceKlass sun/security/jca/GetInstance$Instance
instanceKlass java/security/Provider$UString
instanceKlass java/security/Provider$Service
instanceKlass sun/security/provider/NativePRNG$NonBlocking
instanceKlass sun/security/provider/NativePRNG$Blocking
instanceKlass sun/security/provider/NativePRNG
instanceKlass sun/security/provider/SunEntries$1
instanceKlass sun/security/provider/SunEntries
instanceKlass sun/security/jca/ProviderConfig$2
instanceKlass sun/security/jca/ProviderList$2
instanceKlass sun/misc/FDBigInteger
instanceKlass sun/misc/FloatingDecimal$PreparedASCIIToBinaryBuffer
instanceKlass sun/misc/FloatingDecimal$ASCIIToBinaryConverter
instanceKlass sun/misc/FloatingDecimal$BinaryToASCIIBuffer
instanceKlass sun/misc/FloatingDecimal$ExceptionalBinaryToASCIIBuffer
instanceKlass sun/misc/FloatingDecimal$BinaryToASCIIConverter
instanceKlass sun/misc/FloatingDecimal
instanceKlass java/security/Provider$EngineDescription
instanceKlass java/security/Provider$ServiceKey
instanceKlass sun/security/jca/ProviderConfig
instanceKlass sun/security/jca/ProviderList
instanceKlass sun/security/jca/Providers
instanceKlass sun/security/jca/GetInstance
instanceKlass java/security/MessageDigestSpi
instanceKlass org/springframework/cglib/proxy/Enhancer$EnhancerFactoryData
instanceKlass org/springframework/cglib/proxy/MethodProxy$CreateInfo
instanceKlass org/springframework/cglib/proxy/MethodProxy
instanceKlass org/springframework/cglib/core/EmitUtils$6
instanceKlass org/springframework/cglib/core/ProcessSwitchCallback
instanceKlass java/util/DualPivotQuicksort
instanceKlass org/springframework/cglib/core/EmitUtils$5
instanceKlass org/springframework/cglib/proxy/MethodInterceptorGenerator$2
instanceKlass org/springframework/cglib/core/ObjectSwitchCallback
instanceKlass org/springframework/cglib/proxy/Enhancer$6
instanceKlass org/springframework/cglib/proxy/CallbackGenerator$Context
instanceKlass org/springframework/cglib/proxy/BridgeMethodResolver
instanceKlass org/springframework/cglib/core/MethodInfoTransformer
instanceKlass org/springframework/cglib/proxy/Enhancer$2
instanceKlass org/springframework/cglib/core/DuplicatesPredicate
instanceKlass org/springframework/cglib/core/RejectModifierPredicate
instanceKlass org/springframework/cglib/core/MethodWrapper$MethodWrapperKey
instanceKlass org/springframework/cglib/core/MethodWrapper
instanceKlass org/springframework/cglib/proxy/Factory
instanceKlass org/springframework/cglib/core/VisibilityPredicate
instanceKlass org/springframework/cglib/transform/TransformingClassGenerator
instanceKlass java/util/WeakHashMap$HashIterator
instanceKlass org/springframework/cglib/proxy/ProxyRefDispatcher
instanceKlass org/springframework/cglib/proxy/FixedValueGenerator
instanceKlass org/springframework/cglib/proxy/FixedValue
instanceKlass org/springframework/cglib/proxy/DispatcherGenerator
instanceKlass org/springframework/cglib/proxy/Dispatcher
instanceKlass org/springframework/cglib/proxy/LazyLoaderGenerator
instanceKlass org/springframework/cglib/proxy/LazyLoader
instanceKlass org/springframework/cglib/proxy/InvocationHandlerGenerator
instanceKlass org/springframework/cglib/proxy/InvocationHandler
instanceKlass org/springframework/cglib/proxy/MethodInterceptorGenerator$1
instanceKlass org/springframework/cglib/core/Transformer
instanceKlass org/springframework/cglib/proxy/MethodInterceptorGenerator
instanceKlass org/springframework/cglib/proxy/NoOpGenerator
instanceKlass org/springframework/cglib/proxy/CallbackGenerator
instanceKlass org/springframework/cglib/proxy/CallbackInfo
instanceKlass org/springframework/cglib/core/DebuggingClassWriter$1
instanceKlass org/springframework/asm/Handler
instanceKlass org/springframework/cglib/core/EmitUtils$9
instanceKlass org/springframework/cglib/core/EmitUtils$8
instanceKlass org/springframework/cglib/core/Local
instanceKlass org/springframework/cglib/core/EmitUtils$7
instanceKlass org/springframework/cglib/core/ProcessArrayCallback
instanceKlass org/springframework/asm/Edge
instanceKlass org/springframework/asm/FieldVisitor
instanceKlass org/springframework/cglib/core/ClassEmitter$FieldInfo
instanceKlass org/springframework/cglib/core/MethodInfo
instanceKlass org/springframework/cglib/core/LocalVariablesSorter$State
instanceKlass org/springframework/asm/Frame
instanceKlass org/springframework/asm/Label
instanceKlass org/springframework/cglib/core/EmitUtils$ArrayDelimiters
instanceKlass org/springframework/cglib/core/EmitUtils
instanceKlass org/springframework/cglib/core/ClassInfo
instanceKlass org/springframework/cglib/core/ReflectUtils$4
instanceKlass org/springframework/cglib/core/ReflectUtils$5
instanceKlass java/lang/AssertionStatusDirectives
instanceKlass org/springframework/cglib/core/ReflectUtils$3
instanceKlass org/springframework/cglib/core/ReflectUtils$2
instanceKlass org/springframework/cglib/core/ReflectUtils$1
instanceKlass org/springframework/cglib/core/ReflectUtils
instanceKlass org/springframework/asm/ByteVector
instanceKlass org/springframework/asm/Symbol
instanceKlass org/springframework/asm/SymbolTable
instanceKlass org/springframework/cglib/core/AsmApi
instanceKlass org/springframework/cglib/core/Constants
instanceKlass org/springframework/cglib/core/internal/LoadingCache$2
instanceKlass org/springframework/cglib/core/internal/LoadingCache$1
instanceKlass org/springframework/cglib/core/internal/LoadingCache
instanceKlass org/springframework/cglib/core/AbstractClassGenerator$ClassLoaderData$3
instanceKlass org/springframework/cglib/core/AbstractClassGenerator$ClassLoaderData$1
instanceKlass org/springframework/cglib/core/Predicate
instanceKlass org/springframework/cglib/core/AbstractClassGenerator$ClassLoaderData$2
instanceKlass org/springframework/cglib/core/internal/Function
instanceKlass org/springframework/cglib/core/AbstractClassGenerator$ClassLoaderData
instanceKlass org/springframework/cglib/core/internal/CustomizerRegistry
instanceKlass org/springframework/cglib/core/DefaultNamingPolicy
instanceKlass org/springframework/cglib/core/NamingPolicy
instanceKlass org/springframework/cglib/core/DefaultGeneratorStrategy
instanceKlass org/springframework/cglib/core/GeneratorStrategy
instanceKlass org/springframework/cglib/core/KeyFactory$4
instanceKlass org/springframework/cglib/core/KeyFactory$3
instanceKlass org/springframework/cglib/core/HashCodeCustomizer
instanceKlass org/springframework/cglib/core/KeyFactory$2
instanceKlass org/springframework/cglib/core/FieldTypeCustomizer
instanceKlass org/springframework/cglib/core/KeyFactory$1
instanceKlass org/springframework/cglib/core/Customizer
instanceKlass org/springframework/cglib/core/KeyFactoryCustomizer
instanceKlass org/springframework/cglib/core/Signature
instanceKlass org/springframework/cglib/core/CollectionUtils
instanceKlass org/springframework/cglib/core/TypeUtils
instanceKlass org/springframework/cglib/core/KeyFactory
instanceKlass org/springframework/cglib/proxy/Enhancer$EnhancerKey
instanceKlass org/springframework/cglib/core/AbstractClassGenerator$Source
instanceKlass org/springframework/cglib/proxy/Enhancer$1
instanceKlass org/springframework/cglib/core/AbstractClassGenerator
instanceKlass org/springframework/cglib/core/ClassGenerator
instanceKlass org/springframework/objenesis/strategy/BaseInstantiatorStrategy
instanceKlass org/springframework/objenesis/strategy/InstantiatorStrategy
instanceKlass org/springframework/objenesis/SpringObjenesis
instanceKlass org/springframework/objenesis/Objenesis
instanceKlass org/springframework/context/annotation/ConfigurationClassEnhancer$ConditionalCallbackFilter
instanceKlass org/springframework/cglib/proxy/CallbackFilter
instanceKlass org/springframework/cglib/proxy/NoOp$1
instanceKlass org/springframework/cglib/proxy/NoOp
instanceKlass org/springframework/context/annotation/ConfigurationClassEnhancer$BeanFactoryAwareMethodInterceptor
instanceKlass org/springframework/context/annotation/ConfigurationClassEnhancer$BeanMethodInterceptor
instanceKlass org/springframework/context/annotation/ConfigurationClassEnhancer$ConditionalCallback
instanceKlass org/springframework/cglib/proxy/MethodInterceptor
instanceKlass org/springframework/cglib/proxy/Callback
instanceKlass org/springframework/context/annotation/ConfigurationClassEnhancer
instanceKlass org/springframework/cloud/context/scope/StandardScopeCache
instanceKlass org/springframework/cloud/context/scope/ScopeCache
instanceKlass org/springframework/cloud/context/scope/GenericScope$BeanLifecycleWrapperCache
instanceKlass org/springframework/boot/actuate/autoconfigure/web/server/ManagementContextAutoConfiguration
instanceKlass org/springframework/boot/actuate/autoconfigure/web/server/ManagementContextAutoConfiguration$SameManagementContextConfiguration
instanceKlass org/springframework/boot/actuate/autoconfigure/web/server/ManagementContextAutoConfiguration$SameManagementContextConfiguration$EnableSameManagementContextConfiguration
instanceKlass org/springframework/boot/actuate/autoconfigure/web/server/ManagementServerProperties$Servlet
instanceKlass org/springframework/web/cors/CorsConfiguration
instanceKlass org/springframework/cloud/client/loadbalancer/LoadBalancerRetryProperties$Backoff
instanceKlass org/springframework/cloud/client/loadbalancer/reactive/LoadBalancerProperties$HealthCheck
instanceKlass org/springframework/boot/devtools/autoconfigure/DevToolsProperties$Restart
instanceKlass org/springframework/boot/devtools/autoconfigure/RemoteDevToolsProperties
instanceKlass org/springframework/boot/devtools/autoconfigure/DevToolsProperties$Livereload
instanceKlass org/springframework/boot/autoconfigure/task/TaskSchedulingProperties$Shutdown
instanceKlass org/springframework/boot/autoconfigure/task/TaskSchedulingProperties$Pool
instanceKlass org/springframework/boot/autoconfigure/jdbc/JdbcProperties$Template
instanceKlass org/springframework/boot/autoconfigure/data/web/SpringDataWebProperties$Pageable
instanceKlass org/springframework/boot/autoconfigure/data/web/SpringDataWebProperties$Sort
instanceKlass javax/persistence/PersistenceContexts
instanceKlass javax/persistence/PersistenceProperty
instanceKlass com/google/gson/FieldNamingStrategy
instanceKlass org/springframework/boot/actuate/autoconfigure/metrics/MetricsProperties$Distribution
instanceKlass org/springframework/boot/actuate/autoconfigure/metrics/MetricsProperties$Web
instanceKlass org/springframework/boot/actuate/autoconfigure/endpoint/web/WebEndpointProperties$Exposure
instanceKlass org/springframework/boot/actuate/autoconfigure/info/InfoContributorProperties$Git
instanceKlass org/springframework/boot/autoconfigure/info/ProjectInfoProperties$Git
instanceKlass org/springframework/boot/autoconfigure/info/ProjectInfoProperties$Build
instanceKlass org/springframework/boot/autoconfigure/orm/jpa/HibernatePropertiesCustomizer
instanceKlass org/springframework/boot/autoconfigure/orm/jpa/HibernateProperties$Naming
instanceKlass org/springframework/boot/autoconfigure/orm/jpa/HibernateSettings
instanceKlass org/springframework/boot/autoconfigure/jdbc/DataSourceProperties$Xa
instanceKlass org/springframework/boot/autoconfigure/web/ResourceProperties$Cache
instanceKlass org/springframework/boot/autoconfigure/task/TaskExecutionProperties$Shutdown
instanceKlass org/springframework/boot/autoconfigure/task/TaskExecutionProperties$Pool
instanceKlass org/springframework/boot/context/properties/DeprecatedConfigurationProperty
instanceKlass org/springframework/boot/autoconfigure/web/servlet/WebMvcProperties$Contentnegotiation
instanceKlass org/springframework/validation/MessageCodeFormatter
instanceKlass org/springframework/boot/autoconfigure/web/servlet/WebMvcProperties$Async
instanceKlass org/springframework/boot/autoconfigure/web/servlet/WebMvcProperties$Pathmatch
instanceKlass org/springframework/boot/autoconfigure/web/servlet/WebMvcProperties$Servlet
instanceKlass org/springframework/boot/autoconfigure/web/servlet/WebMvcProperties$View
instanceKlass org/springframework/boot/autoconfigure/web/servlet/WebMvcProperties$Format
instanceKlass org/springframework/boot/autoconfigure/web/ServerProperties$Netty
instanceKlass org/springframework/boot/autoconfigure/web/ServerProperties$Undertow
instanceKlass org/springframework/boot/autoconfigure/web/ServerProperties$Jetty
instanceKlass org/springframework/boot/autoconfigure/web/ServerProperties$Tomcat
instanceKlass org/springframework/boot/web/server/Http2
instanceKlass org/springframework/boot/web/server/Compression
instanceKlass org/springframework/boot/web/server/Ssl
instanceKlass org/springframework/boot/autoconfigure/web/ServerProperties$Servlet
instanceKlass org/springframework/boot/autoconfigure/web/ErrorProperties
instanceKlass org/springframework/boot/actuate/autoconfigure/web/server/ManagementServerProperties
instanceKlass org/springframework/boot/actuate/autoconfigure/endpoint/web/servlet/WebMvcEndpointManagementContextConfiguration
instanceKlass org/springframework/boot/actuate/autoconfigure/endpoint/web/CorsEndpointProperties
instanceKlass org/springframework/boot/actuate/endpoint/web/ExposableServletEndpoint
instanceKlass org/springframework/boot/actuate/autoconfigure/endpoint/web/ServletEndpointManagementContextConfiguration
instanceKlass org/springframework/boot/actuate/endpoint/web/ServletEndpointRegistrar
instanceKlass org/springframework/boot/actuate/autoconfigure/endpoint/web/ServletEndpointManagementContextConfiguration$WebMvcServletEndpointManagementContextConfiguration
instanceKlass org/springframework/cloud/netflix/ribbon/eureka/RibbonEurekaAutoConfiguration
instanceKlass org/springframework/cloud/netflix/ribbon/eureka/EurekaRibbonClientConfiguration
instanceKlass com/netflix/loadbalancer/AbstractServerList
instanceKlass com/netflix/client/IClientConfigAware
instanceKlass com/netflix/loadbalancer/ServerList
instanceKlass org/springframework/cloud/netflix/hystrix/ReactiveHystrixCircuitBreakerAutoConfiguration
instanceKlass org/springframework/cloud/client/circuitbreaker/Customizer
instanceKlass org/springframework/cloud/netflix/hystrix/HystrixCircuitBreakerAutoConfiguration
instanceKlass org/springframework/cloud/netflix/hystrix/HystrixAutoConfiguration
instanceKlass org/springframework/cloud/netflix/hystrix/HystrixAutoConfiguration$HystrixMetricsConfiguration
instanceKlass org/springframework/cloud/client/circuitbreaker/AbstractCircuitBreakerFactory
instanceKlass org/springframework/cloud/netflix/eureka/loadbalancer/LoadBalancerEurekaAutoConfiguration
instanceKlass org/springframework/cloud/configuration/CompositeCompatibilityVerifier
instanceKlass org/springframework/cloud/configuration/SpringBootVersionVerifier
instanceKlass org/springframework/cloud/configuration/CompatibilityVerifier
instanceKlass org/springframework/cloud/configuration/CompatibilityVerifierAutoConfiguration
instanceKlass org/springframework/cloud/netflix/eureka/loadbalancer/EurekaLoadBalancerProperties
instanceKlass org/springframework/cloud/netflix/eureka/loadbalancer/EurekaLoadBalancerClientConfiguration
instanceKlass org/springframework/cloud/configuration/CompatibilityVerifierProperties
instanceKlass org/springframework/cloud/commons/util/UtilAutoConfiguration
instanceKlass org/springframework/cloud/commons/httpclient/HttpClientConfiguration
instanceKlass org/springframework/cloud/commons/httpclient/ApacheHttpClientFactory
instanceKlass org/apache/http/impl/client/HttpClientBuilder
instanceKlass org/springframework/cloud/commons/httpclient/HttpClientConfiguration$ApacheHttpClientConfiguration
instanceKlass org/springframework/cloud/client/serviceregistry/ServiceRegistryAutoConfiguration$ServiceRegistryEndpointConfiguration
instanceKlass org/springframework/cloud/commons/httpclient/ApacheHttpClientConnectionManagerFactory
instanceKlass org/springframework/cloud/client/serviceregistry/endpoint/ServiceRegistryEndpoint
instanceKlass org/springframework/cloud/client/loadbalancer/LoadBalancerRetryProperties
instanceKlass org/springframework/cloud/client/loadbalancer/LoadBalancerRequestFactory
instanceKlass org/springframework/cloud/client/loadbalancer/LoadBalancerInterceptor
instanceKlass org/springframework/http/client/ClientHttpRequestInterceptor
instanceKlass org/springframework/cloud/client/loadbalancer/LoadBalancerAutoConfiguration$LoadBalancerInterceptorConfig
instanceKlass org/springframework/cloud/client/loadbalancer/RestTemplateCustomizer
instanceKlass org/springframework/cloud/client/loadbalancer/AsyncLoadBalancerAutoConfiguration$AsyncRestTemplateCustomizerConfig
instanceKlass org/springframework/cloud/client/loadbalancer/AsyncRestTemplateCustomizer
instanceKlass org/springframework/cloud/client/loadbalancer/AsyncLoadBalancerInterceptor
instanceKlass org/springframework/http/client/AsyncClientHttpRequestInterceptor
instanceKlass org/springframework/cloud/client/loadbalancer/AsyncLoadBalancerAutoConfiguration$LoadBalancerInterceptorConfig
instanceKlass org/springframework/cloud/loadbalancer/config/BlockingLoadBalancerClientAutoConfiguration$BlockingLoadBalancerClientRibbonWarnLogger
instanceKlass org/springframework/cloud/loadbalancer/config/BlockingLoadBalancerClientAutoConfiguration
instanceKlass org/springframework/cloud/netflix/ribbon/RibbonLoadBalancerClient
instanceKlass org/springframework/cloud/loadbalancer/annotation/LoadBalancerClientSpecification
instanceKlass org/springframework/cloud/client/loadbalancer/reactive/ReactiveLoadBalancer$Factory
instanceKlass org/springframework/cloud/loadbalancer/config/LoadBalancerAutoConfiguration
instanceKlass org/springframework/cloud/loadbalancer/config/LoadBalancerZoneConfig
instanceKlass org/springframework/cloud/client/loadbalancer/reactive/ReactiveLoadBalancerAutoConfiguration
instanceKlass org/springframework/cloud/client/loadbalancer/reactive/LoadBalancerBeanPostProcessorAutoConfiguration
instanceKlass org/springframework/cloud/client/loadbalancer/reactive/ReactorLoadBalancerClientAutoConfiguration
instanceKlass org/springframework/cloud/client/loadbalancer/reactive/LoadBalancerProperties
instanceKlass org/springframework/cloud/netflix/ribbon/RibbonClientSpecification
instanceKlass org/springframework/cloud/context/named/NamedContextFactory$Specification
instanceKlass org/springframework/cloud/client/loadbalancer/LoadBalancedRetryFactory
instanceKlass org/springframework/cloud/client/loadbalancer/LoadBalancerClient
instanceKlass org/springframework/cloud/client/loadbalancer/ServiceInstanceChooser
instanceKlass org/springframework/cloud/netflix/ribbon/PropertiesFactory
instanceKlass org/springframework/cloud/netflix/ribbon/RibbonApplicationContextInitializer
instanceKlass org/springframework/cloud/netflix/ribbon/RibbonAutoConfiguration
instanceKlass org/springframework/cloud/context/named/NamedContextFactory
instanceKlass org/springframework/cloud/netflix/ribbon/ServerIntrospectorProperties
instanceKlass org/springframework/cloud/netflix/ribbon/RibbonEagerLoadProperties
instanceKlass org/springframework/cloud/client/loadbalancer/AsyncLoadBalancerAutoConfiguration
instanceKlass org/springframework/cloud/client/loadbalancer/LoadBalancerAutoConfiguration
instanceKlass org/springframework/cloud/client/hypermedia/RemoteResource
instanceKlass org/springframework/cloud/client/ReactiveCommonsClientAutoConfiguration
instanceKlass org/springframework/cloud/client/discovery/health/DiscoveryClientHealthIndicator
instanceKlass org/springframework/cloud/client/discovery/health/DiscoveryCompositeHealthContributor
instanceKlass org/springframework/boot/actuate/health/CompositeHealthContributor
instanceKlass org/springframework/cloud/client/CommonsClientAutoConfiguration$DiscoveryLoadBalancerConfiguration
instanceKlass org/springframework/cloud/client/discovery/health/DiscoveryClientHealthIndicatorProperties
instanceKlass org/springframework/cloud/client/CommonsClientAutoConfiguration$ActuatorConfiguration
instanceKlass org/springframework/cloud/client/actuator/FeaturesEndpoint
instanceKlass org/springframework/cloud/client/actuator/HasFeatures
instanceKlass org/springframework/cloud/netflix/eureka/serviceregistry/EurekaAutoServiceRegistration
instanceKlass org/springframework/context/SmartLifecycle
instanceKlass org/springframework/context/Phased
instanceKlass org/springframework/cloud/client/serviceregistry/AutoServiceRegistration
instanceKlass org/springframework/cloud/netflix/eureka/EurekaInstanceConfigBean
instanceKlass org/springframework/cloud/netflix/eureka/serviceregistry/EurekaServiceRegistry
instanceKlass org/springframework/cloud/client/serviceregistry/ServiceRegistry
instanceKlass org/springframework/cloud/netflix/eureka/EurekaClientConfigBean
instanceKlass org/springframework/cloud/netflix/eureka/metadata/ManagementMetadata
instanceKlass org/springframework/cloud/netflix/eureka/metadata/ManagementMetadataProvider
instanceKlass org/springframework/cloud/netflix/eureka/EurekaClientAutoConfiguration
instanceKlass org/springframework/cloud/client/serviceregistry/ServiceRegistryAutoConfiguration
instanceKlass com/netflix/appinfo/HealthCheckHandler
instanceKlass org/springframework/cloud/netflix/eureka/serviceregistry/EurekaRegistration
instanceKlass org/springframework/cloud/client/serviceregistry/Registration
instanceKlass org/springframework/cloud/client/ServiceInstance
instanceKlass org/springframework/cloud/netflix/eureka/CloudEurekaInstanceConfig
instanceKlass com/netflix/appinfo/ApplicationInfoManager
instanceKlass org/springframework/context/annotation/ScopedProxyCreator
instanceKlass org/springframework/cloud/netflix/eureka/EurekaClientAutoConfiguration$RefreshableEurekaClientConfiguration
instanceKlass com/netflix/appinfo/EurekaInstanceConfig
instanceKlass org/springframework/cloud/netflix/eureka/EurekaClientAutoConfiguration$EurekaHealthIndicatorConfiguration
instanceKlass org/springframework/cloud/client/serviceregistry/AutoServiceRegistrationAutoConfiguration
instanceKlass org/springframework/cloud/netflix/eureka/EurekaHealthIndicator
instanceKlass org/springframework/cloud/client/discovery/health/DiscoveryHealthIndicator
instanceKlass org/springframework/cloud/client/serviceregistry/AutoServiceRegistrationConfiguration
instanceKlass org/springframework/cloud/client/serviceregistry/AutoServiceRegistrationProperties
instanceKlass org/springframework/cloud/netflix/eureka/EurekaDiscoveryClientConfiguration$Marker
instanceKlass org/springframework/cloud/netflix/eureka/EurekaDiscoveryClientConfiguration
instanceKlass org/springframework/cloud/netflix/eureka/EurekaDiscoveryClientConfiguration$EurekaClientConfigurationRefresher
instanceKlass org/springframework/cloud/netflix/eureka/EurekaDiscoveryClient
instanceKlass org/springframework/cloud/configuration/TlsProperties
instanceKlass org/springframework/cloud/netflix/eureka/config/DiscoveryClientOptionalArgsConfiguration
instanceKlass com/netflix/discovery/AbstractDiscoveryClientOptionalArgs
instanceKlass org/springframework/cloud/client/discovery/composite/CompositeDiscoveryClient
instanceKlass org/springframework/cloud/client/discovery/DiscoveryClient
instanceKlass org/springframework/cloud/client/discovery/composite/CompositeDiscoveryClientAutoConfiguration
instanceKlass org/springframework/cloud/client/discovery/simple/SimpleDiscoveryProperties
instanceKlass org/springframework/cloud/client/CommonsClientAutoConfiguration
instanceKlass org/springframework/cloud/client/discovery/noop/NoopDiscoveryClientAutoConfiguration
instanceKlass org/springframework/cloud/client/discovery/simple/SimpleDiscoveryClientAutoConfiguration
instanceKlass org/springframework/cloud/autoconfigure/RefreshEndpointAutoConfiguration
instanceKlass org/springframework/cloud/autoconfigure/RestartEndpointWithIntegrationConfiguration
instanceKlass org/springframework/cloud/autoconfigure/PauseResumeEndpointsConfiguration
instanceKlass org/springframework/cloud/autoconfigure/RestartEndpointWithoutIntegrationConfiguration
instanceKlass org/springframework/cloud/context/restart/RestartEndpoint
instanceKlass org/springframework/cloud/endpoint/RefreshEndpoint
instanceKlass org/springframework/cloud/autoconfigure/RefreshEndpointAutoConfiguration$RefreshEndpointConfiguration
instanceKlass org/springframework/boot/devtools/autoconfigure/LocalDevToolsAutoConfiguration
instanceKlass org/springframework/boot/devtools/autoconfigure/LocalDevToolsAutoConfiguration$LiveReloadServerEventListener
instanceKlass org/springframework/boot/devtools/autoconfigure/OptionalLiveReloadServer
instanceKlass org/springframework/boot/devtools/autoconfigure/DevToolsProperties
instanceKlass org/springframework/boot/devtools/autoconfigure/LocalDevToolsAutoConfiguration$LiveReloadConfiguration
instanceKlass org/springframework/boot/devtools/livereload/LiveReloadServer
instanceKlass org/springframework/boot/devtools/classpath/ClassPathRestartStrategy
instanceKlass org/springframework/boot/devtools/filewatch/FileSystemWatcher
instanceKlass org/springframework/boot/devtools/filewatch/FileSystemWatcherFactory
instanceKlass org/springframework/boot/devtools/autoconfigure/ConditionEvaluationDeltaLoggingListener
instanceKlass org/springframework/boot/devtools/autoconfigure/LocalDevToolsAutoConfiguration$RestartConfiguration
instanceKlass org/springframework/boot/devtools/classpath/ClassPathFileSystemWatcher
instanceKlass org/springframework/web/multipart/commons/CommonsFileUploadSupport
instanceKlass org/springframework/boot/autoconfigure/web/servlet/MultipartAutoConfiguration
instanceKlass org/springframework/boot/autoconfigure/web/servlet/HttpEncodingAutoConfiguration$LocaleCharsetMappingsCustomizer
instanceKlass org/springframework/boot/autoconfigure/web/servlet/MultipartProperties
instanceKlass org/springframework/boot/autoconfigure/web/servlet/HttpEncodingAutoConfiguration
instanceKlass org/springframework/boot/autoconfigure/web/embedded/EmbeddedWebServerFactoryCustomizerAutoConfiguration
instanceKlass org/springframework/boot/autoconfigure/web/embedded/TomcatWebServerFactoryCustomizer
instanceKlass org/springframework/boot/autoconfigure/web/embedded/EmbeddedWebServerFactoryCustomizerAutoConfiguration$TomcatWebServerFactoryCustomizerConfiguration
instanceKlass org/springframework/transaction/reactive/TransactionalOperator
instanceKlass org/springframework/transaction/ReactiveTransactionManager
instanceKlass org/springframework/boot/autoconfigure/transaction/TransactionAutoConfiguration
instanceKlass org/springframework/transaction/support/DefaultTransactionDefinition
instanceKlass org/springframework/transaction/TransactionDefinition
instanceKlass org/springframework/boot/autoconfigure/transaction/TransactionProperties
instanceKlass org/springframework/boot/autoconfigure/transaction/PlatformTransactionManagerCustomizer
instanceKlass org/springframework/boot/autoconfigure/data/neo4j/Neo4jDataAutoConfiguration
instanceKlass org/springframework/boot/autoconfigure/transaction/TransactionAutoConfiguration$TransactionTemplateConfiguration
instanceKlass org/springframework/transaction/support/TransactionOperations
instanceKlass org/springframework/boot/autoconfigure/transaction/TransactionAutoConfiguration$EnableTransactionManagementConfiguration
instanceKlass org/springframework/boot/autoconfigure/transaction/TransactionAutoConfiguration$EnableTransactionManagementConfiguration$CglibAutoProxyConfiguration
instanceKlass org/springframework/transaction/event/TransactionalEventListenerFactory
instanceKlass org/springframework/aop/support/AbstractPointcutAdvisor
instanceKlass org/springframework/aop/PointcutAdvisor
instanceKlass org/springframework/aop/Advisor
instanceKlass org/springframework/transaction/interceptor/TransactionAspectSupport
instanceKlass org/aopalliance/intercept/MethodInterceptor
instanceKlass org/aopalliance/intercept/Interceptor
instanceKlass org/aopalliance/aop/Advice
instanceKlass org/springframework/transaction/interceptor/TransactionAttributeSource
instanceKlass org/springframework/boot/autoconfigure/jdbc/DataSourceTransactionManagerAutoConfiguration
instanceKlass org/springframework/boot/autoconfigure/jdbc/DataSourceTransactionManagerAutoConfiguration$DataSourceTransactionManagerConfiguration
instanceKlass org/springframework/boot/autoconfigure/task/TaskSchedulingAutoConfiguration
instanceKlass org/springframework/boot/autoconfigure/jdbc/JdbcTemplateAutoConfiguration
instanceKlass org/springframework/jdbc/core/namedparam/NamedParameterJdbcTemplate
instanceKlass org/springframework/boot/task/TaskSchedulerBuilder
instanceKlass org/springframework/boot/autoconfigure/task/TaskSchedulingProperties
instanceKlass org/springframework/boot/autoconfigure/jdbc/NamedParameterJdbcTemplateConfiguration
instanceKlass org/springframework/boot/autoconfigure/jdbc/JdbcTemplateConfiguration
instanceKlass org/springframework/boot/autoconfigure/jdbc/JdbcProperties
instanceKlass org/springframework/jdbc/core/namedparam/NamedParameterJdbcOperations
instanceKlass org/springframework/boot/autoconfigure/data/web/SpringDataWebAutoConfiguration
instanceKlass org/springframework/data/web/config/SpringDataJacksonConfiguration
instanceKlass org/springframework/data/web/config/SortHandlerMethodArgumentResolverCustomizer
instanceKlass org/springframework/data/web/SortHandlerMethodArgumentResolverSupport
instanceKlass org/springframework/data/web/SortArgumentResolver
instanceKlass org/springframework/data/web/config/ProjectingArgumentResolverRegistrar$ProjectingArgumentResolverBeanPostProcessor
instanceKlass org/springframework/data/web/config/PageableHandlerMethodArgumentResolverCustomizer
instanceKlass org/springframework/boot/autoconfigure/data/rest/RepositoryRestMvcAutoConfiguration
instanceKlass org/springframework/data/jpa/util/JpaMetamodelCacheCleanup
instanceKlass org/springframework/data/mapping/context/AbstractMappingContext
instanceKlass org/springframework/data/mapping/context/MappingContext
instanceKlass org/springframework/boot/autoconfigure/data/jpa/JpaRepositoriesAutoConfiguration
instanceKlass org/springframework/beans/factory/parsing/ComponentDefinition
instanceKlass org/springframework/data/config/ParsingUtils
instanceKlass org/springframework/data/repository/config/RepositoryBeanDefinitionBuilder$$Lambda$381
instanceKlass org/springframework/data/repository/config/RepositoryBeanDefinitionBuilder$$Lambda$380
instanceKlass org/springframework/data/repository/config/RepositoryBeanDefinitionBuilder$$Lambda$379
instanceKlass org/springframework/data/repository/config/RepositoryFragmentConfiguration
instanceKlass org/springframework/data/repository/config/RepositoryBeanDefinitionBuilder$$Lambda$378
instanceKlass org/springframework/data/repository/config/RepositoryBeanDefinitionBuilder$$Lambda$377
instanceKlass org/springframework/data/repository/config/FragmentMetadata$$Lambda$376
instanceKlass org/springframework/data/repository/core/support/RepositoryFragmentsFactoryBean
instanceKlass org/springframework/data/repository/config/RepositoryBeanDefinitionBuilder$$Lambda$375
instanceKlass org/springframework/data/repository/config/RepositoryBeanDefinitionBuilder$$Lambda$374
instanceKlass org/springframework/data/repository/config/CustomRepositoryImplementationDetector$$Lambda$373
instanceKlass org/springframework/data/repository/config/SelectionSet$$Lambda$372
instanceKlass org/springframework/data/repository/config/SelectionSet$$Lambda$371
instanceKlass org/springframework/data/repository/config/CustomRepositoryImplementationDetector$$Lambda$370
instanceKlass org/springframework/data/repository/config/SelectionSet
instanceKlass org/springframework/data/repository/config/CustomRepositoryImplementationDetector$$Lambda$369
instanceKlass org/springframework/data/repository/config/DefaultImplementationLookupConfiguration$$Lambda$368
instanceKlass org/springframework/data/util/Streamable$$Lambda$367
instanceKlass java/util/function/Function$$Lambda$366
instanceKlass org/springframework/data/util/StreamUtils$$Lambda$365
instanceKlass org/springframework/data/util/StreamUtils
instanceKlass org/springframework/data/repository/config/CustomRepositoryImplementationDetector$$Lambda$364
instanceKlass org/springframework/data/repository/config/CustomRepositoryImplementationDetector$$Lambda$363
instanceKlass org/springframework/data/repository/config/CustomRepositoryImplementationDetector$$Lambda$362
instanceKlass org/springframework/data/repository/config/CustomRepositoryImplementationDetector$$Lambda$361
instanceKlass org/springframework/data/repository/config/CustomRepositoryImplementationDetector$$Lambda$360
instanceKlass org/springframework/data/repository/config/DefaultImplementationLookupConfiguration
instanceKlass org/springframework/data/repository/config/ImplementationLookupConfiguration
instanceKlass org/springframework/data/repository/core/support/PropertiesBasedNamedQueries
instanceKlass org/springframework/data/repository/core/NamedQueries
instanceKlass org/springframework/data/repository/config/RepositoryBeanDefinitionBuilder$$Lambda$359
instanceKlass org/springframework/data/repository/config/NamedQueriesBeanDefinitionBuilder
instanceKlass org/springframework/data/repository/config/RepositoryBeanDefinitionBuilder$$Lambda$358
instanceKlass org/springframework/data/repository/config/DefaultRepositoryConfiguration$$Lambda$357
instanceKlass com/hospital/doctor/entity/DoctorSchedule
instanceKlass com/hospital/doctor/repository/DoctorScheduleRepository
instanceKlass org/springframework/data/repository/util/ReactiveWrappers$$Lambda$356
instanceKlass org/springframework/data/repository/util/ReactiveWrappers$$Lambda$355
instanceKlass org/springframework/data/repository/util/ReactiveWrappers$$Lambda$354
instanceKlass org/springframework/core/ReactiveAdapterRegistry$ReactorRegistrar$$Lambda$353
instanceKlass org/springframework/core/ReactiveAdapterRegistry$ReactorRegistrar$$Lambda$352
instanceKlass org/springframework/core/ReactiveAdapterRegistry$ReactorRegistrar$$Lambda$351
instanceKlass java/util/concurrent/CompletableFuture
instanceKlass java/util/concurrent/CompletionStage
instanceKlass org/springframework/core/ReactiveAdapterRegistry$ReactorRegistrar$$Lambda$350
instanceKlass org/springframework/core/ReactiveAdapterRegistry$ReactorRegistrar$$Lambda$349
instanceKlass org/springframework/core/ReactiveAdapterRegistry$ReactorRegistrar$$Lambda$348
instanceKlass org/springframework/core/ReactiveAdapterRegistry$ReactorRegistrar$$Lambda$347
instanceKlass org/springframework/core/ReactiveAdapterRegistry$ReactorRegistrar$$Lambda$346
instanceKlass org/springframework/core/ReactiveAdapterRegistry$ReactorRegistrar$$Lambda$345
instanceKlass org/springframework/core/ReactiveAdapter
instanceKlass org/springframework/core/ReactiveAdapterRegistry$ReactorRegistrar$$Lambda$344
instanceKlass org/springframework/core/ReactiveAdapterRegistry$ReactorRegistrar$$Lambda$343
instanceKlass org/springframework/core/ReactiveTypeDescriptor
instanceKlass org/springframework/core/ReactiveAdapterRegistry$ReactorRegistrar$$Lambda$342
instanceKlass org/springframework/core/ReactiveAdapterRegistry$ReactorRegistrar
instanceKlass org/springframework/core/ReactiveAdapterRegistry
instanceKlass org/springframework/data/repository/util/ReactiveWrapperConverters$RegistryHolder
instanceKlass org/springframework/data/repository/util/ReactiveWrappers$1
instanceKlass org/springframework/data/repository/util/ReactiveWrappers$$Lambda$341
instanceKlass java/util/stream/Streams$2
instanceKlass java/util/stream/Streams
instanceKlass java/util/stream/Streams$ConcatSpliterator
instanceKlass java/util/stream/Streams$AbstractStreamBuilderImpl
instanceKlass java/util/stream/Stream$Builder
instanceKlass org/springframework/data/repository/util/ReactiveWrappers$$Lambda$340
instanceKlass org/springframework/data/repository/util/ReactiveWrappers$$Lambda$339
instanceKlass org/springframework/data/util/ReflectionUtils
instanceKlass org/springframework/data/domain/Page
instanceKlass org/springframework/data/domain/Slice
instanceKlass org/springframework/data/domain/Example
instanceKlass rx/Observable
instanceKlass org/springframework/data/repository/util/ReactiveWrappers
instanceKlass org/springframework/data/repository/core/support/DefaultRepositoryMetadata$$Lambda$338
instanceKlass org/springframework/data/repository/core/support/DefaultRepositoryMetadata$$Lambda$337
instanceKlass org/springframework/data/util/ParameterizedTypeInformation$$Lambda$336
instanceKlass org/springframework/data/util/ParameterizedTypeInformation$$Lambda$335
instanceKlass org/springframework/data/util/ParameterizedTypeInformation$$Lambda$334
instanceKlass java/lang/invoke/LambdaForm$DMH
instanceKlass org/springframework/data/util/Pair
instanceKlass java/util/stream/Streams$RangeIntSpliterator
instanceKlass org/springframework/core/GenericTypeResolver$TypeVariableMapVariableResolver
instanceKlass org/springframework/data/repository/core/support/AbstractRepositoryMetadata$$Lambda$333
instanceKlass org/springframework/data/repository/core/CrudMethods
instanceKlass com/hospital/doctor/entity/Doctor
instanceKlass org/springframework/data/util/ClassTypeInformation$$Lambda$332
instanceKlass org/springframework/data/util/ClassTypeInformation$$Lambda$331
instanceKlass org/springframework/data/util/TypeDiscoverer$$Lambda$330
instanceKlass org/springframework/data/util/TypeDiscoverer$$Lambda$329
instanceKlass org/springframework/data/util/TypeDiscoverer$$Lambda$328
instanceKlass org/springframework/data/jpa/util/HibernateProxyDetector$$Lambda$327
instanceKlass org/springframework/data/jpa/util/HibernateProxyDetector$$Lambda$326
instanceKlass org/springframework/data/util/ProxyUtils$$Lambda$325
instanceKlass org/springframework/data/util/ProxyUtils$$Lambda$324
instanceKlass org/hibernate/proxy/HibernateProxy
instanceKlass org/springframework/data/jpa/util/HibernateProxyDetector
instanceKlass org/springframework/data/util/ProxyUtils$ProxyDetector
instanceKlass org/springframework/data/util/ProxyUtils
instanceKlass org/springframework/data/util/TypeDiscoverer
instanceKlass org/springframework/data/util/TypeInformation
instanceKlass org/springframework/data/repository/core/support/AbstractRepositoryMetadata
instanceKlass org/springframework/data/repository/core/RepositoryMetadata
instanceKlass com/hospital/doctor/repository/DoctorRepository
instanceKlass org/springframework/data/jpa/repository/config/JpaRepositoryConfigExtension$LazyJvmAgent$$Lambda$323
instanceKlass org/springframework/data/jpa/repository/config/JpaRepositoryConfigExtension$LazyJvmAgent
instanceKlass org/springframework/data/repository/config/DefaultRepositoryConfiguration
instanceKlass org/springframework/data/repository/config/RepositoryConfiguration
instanceKlass org/springframework/data/repository/util/ClassUtils
instanceKlass org/springframework/data/repository/config/RepositoryConfigurationSourceSupport$$Lambda$322
instanceKlass org/springframework/data/util/Streamable$$Lambda$321
instanceKlass org/springframework/util/MethodInvoker
instanceKlass org/springframework/beans/factory/support/ConstructorResolver$ConstructorPropertiesChecker
instanceKlass org/springframework/beans/factory/support/AutowireUtils$$Lambda$320
instanceKlass org/springframework/beans/factory/support/AutowireUtils
instanceKlass org/springframework/beans/Mergeable
instanceKlass org/springframework/beans/factory/config/RuntimeBeanNameReference
instanceKlass org/springframework/data/repository/config/RepositoryConfigurationSourceSupport$$Lambda$319
instanceKlass org/springframework/data/repository/config/RepositoryConfigurationSourceSupport$$Lambda$318
instanceKlass org/springframework/data/repository/NoRepositoryBean
instanceKlass org/springframework/data/repository/RepositoryDefinition
instanceKlass org/springframework/data/repository/config/AnnotationRepositoryConfigurationSource$$Lambda$317
instanceKlass org/springframework/data/util/LazyStreamable
instanceKlass org/springframework/data/repository/config/AnnotationRepositoryConfigurationSource$$Lambda$316
instanceKlass org/springframework/data/util/Lazy$$Lambda$315
instanceKlass java/lang/invoke/LambdaForm$DMH
instanceKlass org/springframework/data/util/Lazy
instanceKlass org/springframework/data/repository/config/CustomRepositoryImplementationDetector$$Lambda$314
instanceKlass org/springframework/data/repository/config/RepositoryConfigurationSourceSupport$SpringImplementationDetectionConfiguration
instanceKlass org/springframework/data/repository/config/ImplementationDetectionConfiguration
instanceKlass org/springframework/data/repository/config/CustomRepositoryImplementationDetector
instanceKlass org/springframework/data/repository/config/FragmentMetadata
instanceKlass org/springframework/data/repository/config/RepositoryBeanDefinitionBuilder
instanceKlass org/springframework/data/repository/config/RepositoryConfigurationSource$$Lambda$313
instanceKlass org/springframework/data/repository/config/AnnotationRepositoryConfigurationSource$$Lambda$312
instanceKlass org/springframework/data/jpa/repository/support/JpaEvaluationContextExtension
instanceKlass org/springframework/data/spel/spi/EvaluationContextExtension
instanceKlass org/springframework/data/jpa/repository/config/JpaRepositoryConfigExtension$$Lambda$311
instanceKlass org/springframework/data/jpa/repository/config/JpaRepositoryConfigExtension$$Lambda$310
instanceKlass org/springframework/data/jpa/repository/support/DefaultJpaContext
instanceKlass org/springframework/data/jpa/repository/JpaContext
instanceKlass org/springframework/data/jpa/repository/config/JpaRepositoryConfigExtension$$Lambda$309
instanceKlass org/springframework/data/jpa/repository/config/JpaRepositoryConfigExtension$$Lambda$308
instanceKlass org/springframework/beans/factory/config/AbstractFactoryBean
instanceKlass org/springframework/data/jpa/repository/config/JpaRepositoryConfigExtension$$Lambda$307
instanceKlass org/springframework/data/jpa/repository/support/EntityManagerBeanDefinitionRegistrarPostProcessor
instanceKlass org/springframework/data/jpa/repository/config/JpaRepositoryConfigExtension$$Lambda$306
instanceKlass org/slf4j/helpers/FormattingTuple
instanceKlass org/slf4j/helpers/MessageFormatter
instanceKlass org/springframework/data/repository/core/support/RepositoryFactorySupport
instanceKlass java/util/stream/MatchOps$$Lambda$305
instanceKlass org/springframework/data/repository/config/AnnotationRepositoryConfigurationSource$$Lambda$304
instanceKlass org/springframework/data/repository/config/RepositoryBeanDefinitionRegistrarSupport
instanceKlass org/springframework/data/repository/config/RepositoryBeanNameGenerator
instanceKlass org/springframework/data/config/ConfigurationUtils
instanceKlass org/springframework/data/repository/config/RepositoryConfigurationSourceSupport
instanceKlass org/springframework/data/repository/config/RepositoryConfigurationSource
instanceKlass org/springframework/data/repository/config/DefaultRepositoryBaseClass
instanceKlass org/springframework/data/jpa/repository/config/EnableJpaRepositories
instanceKlass org/springframework/boot/autoconfigure/data/jpa/JpaRepositoriesRegistrar$EnableJpaRepositoriesConfiguration
instanceKlass org/springframework/data/repository/config/RepositoryConfigurationDelegate
instanceKlass org/springframework/data/repository/config/RepositoryConfigurationExtensionSupport
instanceKlass org/springframework/data/repository/config/RepositoryConfigurationExtension
instanceKlass org/springframework/data/repository/core/support/RepositoryFactoryBeanSupport
instanceKlass org/springframework/data/repository/core/support/RepositoryFactoryInformation
instanceKlass org/springframework/boot/autoconfigure/dao/PersistenceExceptionTranslationAutoConfiguration
instanceKlass org/springframework/boot/autoconfigure/context/LifecycleAutoConfiguration
instanceKlass org/springframework/boot/autoconfigure/context/ConfigurationPropertiesAutoConfiguration
instanceKlass org/springframework/boot/autoconfigure/aop/AopAutoConfiguration
instanceKlass org/springframework/boot/autoconfigure/aop/AopAutoConfiguration$AspectJAutoProxyingConfiguration
instanceKlass org/springframework/boot/autoconfigure/aop/AopAutoConfiguration$AspectJAutoProxyingConfiguration$CglibAutoProxyConfiguration
instanceKlass org/springframework/boot/actuate/autoconfigure/web/mappings/MappingsEndpointAutoConfiguration
instanceKlass org/springframework/boot/actuate/web/mappings/servlet/ServletsMappingDescriptionProvider
instanceKlass org/springframework/boot/actuate/web/mappings/servlet/FiltersMappingDescriptionProvider
instanceKlass org/springframework/boot/actuate/autoconfigure/web/mappings/MappingsEndpointAutoConfiguration$ServletWebConfiguration
instanceKlass org/springframework/boot/actuate/web/mappings/servlet/DispatcherServletsMappingDescriptionProvider
instanceKlass org/springframework/boot/actuate/web/mappings/MappingDescriptionProvider
instanceKlass org/springframework/boot/actuate/autoconfigure/web/mappings/MappingsEndpointAutoConfiguration$ServletWebConfiguration$SpringMvcConfiguration
instanceKlass org/springframework/boot/autoconfigure/context/LifecycleProperties
instanceKlass org/springframework/aop/config/AopConfigUtils
instanceKlass org/springframework/boot/actuate/web/mappings/MappingsEndpoint
instanceKlass org/springframework/boot/actuate/metrics/web/tomcat/TomcatMetricsBinder
instanceKlass org/springframework/boot/actuate/autoconfigure/metrics/web/tomcat/TomcatMetricsAutoConfiguration
instanceKlass org/springframework/boot/actuate/metrics/web/servlet/DefaultWebMvcTagsProvider
instanceKlass org/springframework/boot/actuate/autoconfigure/metrics/web/servlet/WebMvcMetricsAutoConfiguration$MetricsWebMvcConfigurer
instanceKlass org/springframework/boot/actuate/autoconfigure/metrics/web/servlet/WebMvcMetricsAutoConfiguration
instanceKlass org/springframework/boot/actuate/metrics/web/servlet/WebMvcTagsProvider
instanceKlass org/springframework/boot/actuate/autoconfigure/metrics/web/client/HttpClientMetricsAutoConfiguration
instanceKlass org/springframework/boot/actuate/metrics/web/client/MetricsRestTemplateCustomizer
instanceKlass org/springframework/boot/web/client/RestTemplateCustomizer
instanceKlass org/springframework/boot/actuate/metrics/web/client/DefaultRestTemplateExchangeTagsProvider
instanceKlass org/springframework/boot/actuate/autoconfigure/metrics/web/client/WebClientMetricsConfiguration
instanceKlass org/springframework/boot/actuate/autoconfigure/metrics/web/client/RestTemplateMetricsConfiguration
instanceKlass org/springframework/boot/actuate/metrics/web/client/RestTemplateExchangeTagsProvider
instanceKlass org/springframework/boot/autoconfigure/web/client/RestTemplateAutoConfiguration
instanceKlass org/springframework/boot/autoconfigure/http/HttpMessageConvertersAutoConfiguration
instanceKlass org/springframework/boot/autoconfigure/http/JsonbHttpMessageConvertersConfiguration
instanceKlass org/springframework/boot/autoconfigure/http/GsonHttpMessageConvertersConfiguration
instanceKlass org/springframework/boot/autoconfigure/jsonb/JsonbAutoConfiguration
instanceKlass org/springframework/boot/autoconfigure/http/JacksonHttpMessageConvertersConfiguration
instanceKlass org/springframework/boot/autoconfigure/http/JacksonHttpMessageConvertersConfiguration$MappingJackson2HttpMessageConverterConfiguration
instanceKlass org/springframework/boot/autoconfigure/http/HttpMessageConvertersAutoConfiguration$StringHttpMessageConverterConfiguration
instanceKlass org/springframework/boot/autoconfigure/jackson/JacksonAutoConfiguration
instanceKlass org/springframework/boot/autoconfigure/jackson/JacksonAutoConfiguration$JacksonObjectMapperConfiguration
instanceKlass org/springframework/boot/autoconfigure/jackson/JacksonAutoConfiguration$ParameterNamesModuleConfiguration
instanceKlass org/springframework/boot/autoconfigure/jackson/JacksonAutoConfiguration$JacksonObjectMapperBuilderConfiguration
instanceKlass org/springframework/boot/autoconfigure/jackson/JacksonAutoConfiguration$Jackson2ObjectMapperBuilderCustomizerConfiguration$StandardJackson2ObjectMapperBuilderCustomizer
instanceKlass org/springframework/boot/autoconfigure/jackson/Jackson2ObjectMapperBuilderCustomizer
instanceKlass org/springframework/boot/autoconfigure/jackson/JacksonAutoConfiguration$Jackson2ObjectMapperBuilderCustomizerConfiguration
instanceKlass org/springframework/boot/autoconfigure/jackson/JacksonProperties
instanceKlass org/springframework/boot/autoconfigure/gson/GsonAutoConfiguration$StandardGsonBuilderCustomizer
instanceKlass org/springframework/boot/autoconfigure/gson/GsonBuilderCustomizer
instanceKlass org/springframework/boot/autoconfigure/gson/GsonAutoConfiguration
instanceKlass org/springframework/boot/actuate/autoconfigure/metrics/orm/jpa/HibernateMetricsAutoConfiguration
instanceKlass com/google/gson/GsonBuilder
instanceKlass org/springframework/boot/autoconfigure/gson/GsonProperties
instanceKlass org/springframework/boot/actuate/autoconfigure/metrics/jdbc/DataSourcePoolMetricsAutoConfiguration
instanceKlass org/springframework/boot/actuate/autoconfigure/metrics/jdbc/DataSourcePoolMetricsAutoConfiguration$DataSourcePoolMetadataMetricsConfiguration
instanceKlass org/springframework/boot/actuate/autoconfigure/metrics/jdbc/DataSourcePoolMetricsAutoConfiguration$HikariDataSourceMetricsConfiguration
instanceKlass org/springframework/boot/actuate/autoconfigure/metrics/integration/IntegrationMetricsAutoConfiguration
instanceKlass org/springframework/boot/autoconfigure/integration/IntegrationAutoConfiguration
instanceKlass io/micrometer/core/instrument/binder/system/FileDescriptorMetrics
instanceKlass io/micrometer/core/instrument/binder/system/ProcessorMetrics
instanceKlass org/springframework/boot/actuate/autoconfigure/metrics/SystemMetricsAutoConfiguration
instanceKlass io/micrometer/core/instrument/binder/system/UptimeMetrics
instanceKlass org/springframework/boot/actuate/autoconfigure/metrics/MetricsEndpointAutoConfiguration
instanceKlass org/springframework/boot/actuate/autoconfigure/metrics/LogbackMetricsAutoConfiguration
instanceKlass io/micrometer/core/instrument/binder/logging/LogbackMetrics
instanceKlass io/micrometer/core/instrument/binder/jvm/JvmThreadMetrics
instanceKlass io/micrometer/core/instrument/binder/jvm/ClassLoaderMetrics
instanceKlass io/micrometer/core/instrument/binder/jvm/JvmMemoryMetrics
instanceKlass org/springframework/boot/actuate/autoconfigure/metrics/JvmMetricsAutoConfiguration
instanceKlass io/micrometer/core/instrument/binder/jvm/JvmGcMetrics
instanceKlass org/springframework/boot/actuate/autoconfigure/metrics/CompositeMeterRegistryConfiguration
instanceKlass org/springframework/boot/actuate/autoconfigure/metrics/NoOpMeterRegistryConfiguration
instanceKlass org/springframework/boot/actuate/autoconfigure/metrics/export/simple/SimpleMetricsExportAutoConfiguration
instanceKlass io/micrometer/core/instrument/simple/SimpleConfig
instanceKlass io/micrometer/core/instrument/config/MeterRegistryConfig
instanceKlass org/springframework/boot/actuate/autoconfigure/metrics/export/simple/SimpleProperties
instanceKlass org/springframework/boot/actuate/autoconfigure/metrics/PropertiesMeterFilter
instanceKlass io/micrometer/core/instrument/config/MeterFilter
instanceKlass org/springframework/boot/actuate/autoconfigure/metrics/MeterRegistryPostProcessor
instanceKlass org/springframework/boot/actuate/autoconfigure/metrics/MetricsAutoConfiguration
instanceKlass org/springframework/boot/actuate/autoconfigure/metrics/CompositeMeterRegistryAutoConfiguration
instanceKlass org/springframework/boot/actuate/autoconfigure/metrics/MetricsProperties
instanceKlass org/springframework/boot/actuate/autoconfigure/health/AbstractCompositeHealthContributorConfiguration
instanceKlass org/springframework/boot/actuate/health/AbstractHealthIndicator
instanceKlass org/springframework/boot/actuate/autoconfigure/system/DiskSpaceHealthContributorAutoConfiguration
instanceKlass org/springframework/boot/actuate/autoconfigure/system/DiskSpaceHealthIndicatorProperties
instanceKlass org/springframework/cloud/autoconfigure/LifecycleMvcEndpointAutoConfiguration
instanceKlass org/springframework/boot/actuate/endpoint/web/annotation/ExposableControllerEndpoint
instanceKlass org/springframework/boot/actuate/endpoint/web/ExposableWebEndpoint
instanceKlass org/springframework/boot/actuate/endpoint/web/PathMappedEndpoint
instanceKlass org/springframework/boot/actuate/endpoint/web/PathMappedEndpoints
instanceKlass org/springframework/boot/actuate/endpoint/web/WebEndpointsSupplier
instanceKlass org/springframework/boot/actuate/endpoint/web/annotation/ControllerEndpointsSupplier
instanceKlass org/springframework/boot/actuate/endpoint/web/PathMapper
instanceKlass org/springframework/boot/actuate/autoconfigure/endpoint/web/WebEndpointAutoConfiguration
instanceKlass org/springframework/boot/actuate/endpoint/annotation/EndpointDiscoverer
instanceKlass org/springframework/boot/actuate/endpoint/web/EndpointMediaTypes
instanceKlass org/springframework/boot/actuate/autoconfigure/endpoint/web/WebEndpointAutoConfiguration$WebEndpointServletConfiguration
instanceKlass org/springframework/boot/actuate/endpoint/web/annotation/ServletEndpointsSupplier
instanceKlass org/springframework/boot/actuate/endpoint/EndpointsSupplier
instanceKlass org/springframework/boot/actuate/endpoint/invoker/cache/CachingOperationInvokerAdvisor
instanceKlass org/springframework/boot/actuate/endpoint/invoke/OperationInvokerAdvisor
instanceKlass org/springframework/boot/actuate/endpoint/invoke/ParameterValueMapper
instanceKlass org/springframework/boot/actuate/autoconfigure/info/InfoEndpointAutoConfiguration
instanceKlass org/springframework/boot/actuate/info/InfoPropertiesInfoContributor
instanceKlass org/springframework/boot/actuate/info/EnvironmentInfoContributor
instanceKlass org/springframework/boot/actuate/info/InfoContributor
instanceKlass org/springframework/boot/actuate/autoconfigure/info/InfoContributorAutoConfiguration
instanceKlass org/springframework/boot/actuate/autoconfigure/health/HealthEndpointAutoConfiguration
instanceKlass org/springframework/boot/info/InfoProperties
instanceKlass org/springframework/boot/actuate/autoconfigure/info/InfoContributorProperties
instanceKlass org/springframework/boot/autoconfigure/info/ProjectInfoAutoConfiguration
instanceKlass org/springframework/boot/autoconfigure/info/ProjectInfoProperties
instanceKlass org/springframework/boot/actuate/autoconfigure/health/HealthEndpointReactiveWebExtensionConfiguration
instanceKlass org/springframework/boot/actuate/autoconfigure/health/HealthEndpointWebExtensionConfiguration
instanceKlass org/springframework/boot/actuate/autoconfigure/health/ReactiveHealthEndpointConfiguration
instanceKlass org/springframework/boot/actuate/autoconfigure/health/HealthProperties
instanceKlass org/springframework/boot/actuate/health/HealthEndpointGroups
instanceKlass org/springframework/boot/actuate/autoconfigure/health/HealthEndpointConfiguration$HealthEndpointGroupsBeanPostProcessor
instanceKlass org/springframework/boot/actuate/health/HttpCodeStatusMapper
instanceKlass org/springframework/boot/actuate/autoconfigure/health/HealthEndpointConfiguration
instanceKlass org/springframework/boot/actuate/health/StatusAggregator
instanceKlass org/springframework/boot/actuate/autoconfigure/health/HealthContributorRegistryHealthIndicatorRegistryAdapter
instanceKlass org/springframework/boot/actuate/health/HealthContributorRegistry
instanceKlass org/springframework/boot/actuate/health/HealthIndicatorRegistry
instanceKlass org/springframework/boot/actuate/autoconfigure/health/LegacyHealthEndpointCompatibilityConfiguration
instanceKlass org/springframework/boot/actuate/autoconfigure/health/ReactiveHealthContributorRegistryReactiveHealthIndicatorRegistryAdapter
instanceKlass org/springframework/boot/actuate/health/ReactiveHealthContributorRegistry
instanceKlass org/springframework/boot/actuate/health/ContributorRegistry
instanceKlass org/springframework/boot/actuate/health/NamedContributors
instanceKlass org/springframework/boot/actuate/autoconfigure/health/HealthIndicatorProperties
instanceKlass org/springframework/boot/actuate/autoconfigure/health/LegacyHealthEndpointCompatibilityConfiguration$LegacyReactiveHealthEndpointCompatibilityConfiguration
instanceKlass org/springframework/boot/actuate/health/ReactiveHealthIndicatorRegistry
instanceKlass org/springframework/boot/actuate/autoconfigure/health/LegacyHealthEndpointAdaptersConfiguration
instanceKlass org/springframework/boot/actuate/autoconfigure/web/servlet/ServletManagementContextFactory
instanceKlass org/springframework/boot/actuate/autoconfigure/web/ManagementContextFactory
instanceKlass org/springframework/boot/actuate/autoconfigure/web/servlet/ManagementServletContext
instanceKlass org/springframework/boot/actuate/autoconfigure/web/servlet/ServletManagementContextAutoConfiguration
instanceKlass org/springframework/boot/actuate/health/HealthAggregator
instanceKlass org/springframework/beans/factory/support/AbstractAutowireCapableBeanFactory$FactoryBeanMethodTypeFinder
instanceKlass org/springframework/boot/autoconfigure/orm/jpa/DataSourceInitializedPublisher$Registrar$$Lambda$303
instanceKlass org/springframework/boot/autoconfigure/orm/jpa/DataSourceInitializedPublisher$Registrar$$Lambda$302
instanceKlass org/springframework/boot/autoconfigure/orm/jpa/DataSourceInitializedPublisher
instanceKlass org/springframework/boot/autoconfigure/transaction/TransactionManagerCustomizers
instanceKlass org/springframework/transaction/support/ResourceTransactionManager
instanceKlass org/springframework/boot/autoconfigure/orm/jpa/EntityManagerFactoryBuilderCustomizer
instanceKlass org/springframework/boot/orm/jpa/EntityManagerFactoryBuilder
instanceKlass org/springframework/boot/autoconfigure/orm/jpa/JpaProperties
instanceKlass org/springframework/orm/jpa/vendor/AbstractJpaVendorAdapter
instanceKlass org/hibernate/boot/model/naming/ImplicitNamingStrategy
instanceKlass org/hibernate/boot/model/naming/PhysicalNamingStrategy
instanceKlass org/springframework/orm/jpa/JpaVendorAdapter
instanceKlass org/springframework/boot/autoconfigure/orm/jpa/JpaBaseConfiguration
instanceKlass org/springframework/boot/autoconfigure/orm/jpa/JpaBaseConfiguration$JpaWebConfiguration
instanceKlass org/springframework/boot/autoconfigure/orm/jpa/HibernateProperties
instanceKlass org/springframework/orm/jpa/EntityManagerFactoryAccessor
instanceKlass org/springframework/web/context/request/AsyncWebRequestInterceptor
instanceKlass org/springframework/web/context/request/WebRequestInterceptor
instanceKlass org/springframework/boot/autoconfigure/condition/OnBeanCondition$SingleCandidateSpec$$Lambda$301
instanceKlass org/springframework/cloud/endpoint/event/RefreshEventListener
instanceKlass org/springframework/cloud/context/refresh/ContextRefresher
instanceKlass org/springframework/cloud/logging/LoggingRebinder
instanceKlass org/springframework/cloud/autoconfigure/RefreshAutoConfiguration$JpaInvokerConfiguration
instanceKlass org/springframework/cloud/autoconfigure/RefreshAutoConfiguration$RefreshScopeBeanDefinitionEnhancer
instanceKlass org/springframework/boot/autoconfigure/jdbc/DataSourceAutoConfiguration
instanceKlass org/springframework/boot/jdbc/metadata/DataSourcePoolMetadata
instanceKlass org/springframework/boot/autoconfigure/jdbc/metadata/DataSourcePoolMetadataProvidersConfiguration$HikariPoolDataSourceMetadataProviderConfiguration
instanceKlass org/springframework/boot/autoconfigure/jdbc/DataSourceInitializationConfiguration
instanceKlass org/springframework/boot/autoconfigure/jdbc/metadata/DataSourcePoolMetadataProvidersConfiguration
instanceKlass org/springframework/boot/autoconfigure/jdbc/DataSourceProperties
instanceKlass org/springframework/boot/autoconfigure/jdbc/DataSourceInitializerPostProcessor
instanceKlass org/springframework/boot/autoconfigure/jdbc/DataSourceInitializerInvoker
instanceKlass javax/sql/XADataSource
instanceKlass org/springframework/boot/autoconfigure/transaction/jta/JtaAutoConfiguration
instanceKlass org/springframework/boot/actuate/autoconfigure/availability/AvailabilityHealthContributorAutoConfiguration
instanceKlass org/springframework/boot/availability/ApplicationAvailabilityBean
instanceKlass org/springframework/boot/availability/ApplicationAvailability
instanceKlass org/springframework/boot/autoconfigure/transaction/jta/AtomikosJtaConfiguration
instanceKlass org/springframework/boot/autoconfigure/transaction/jta/BitronixJtaConfiguration
instanceKlass org/springframework/boot/autoconfigure/transaction/jta/JndiJtaConfiguration
instanceKlass org/springframework/boot/autoconfigure/orm/jpa/HibernateJpaAutoConfiguration
instanceKlass org/springframework/boot/autoconfigure/jms/artemis/ArtemisAutoConfiguration
instanceKlass org/springframework/boot/autoconfigure/jms/activemq/ActiveMQAutoConfiguration
instanceKlass org/springframework/boot/autoconfigure/jdbc/XADataSourceAutoConfiguration
instanceKlass org/springframework/boot/autoconfigure/availability/ApplicationAvailabilityAutoConfiguration
instanceKlass org/springdoc/webmvc/ui/SwaggerConfigResource
instanceKlass org/springdoc/webmvc/ui/SwaggerWebMvcConfigurer
instanceKlass org/springdoc/webmvc/ui/SwaggerIndexTransformer
instanceKlass org/springframework/web/servlet/resource/ResourceTransformer
instanceKlass org/springdoc/webmvc/ui/SwaggerUiHome
instanceKlass org/springdoc/webmvc/ui/SwaggerConfig
instanceKlass org/springdoc/ui/AbstractSwaggerWelcome
instanceKlass org/springdoc/core/GenericResponseService
instanceKlass org/springdoc/core/providers/SpringWebProvider
instanceKlass org/springdoc/core/AbstractRequestService
instanceKlass org/springdoc/webmvc/core/SpringDocWebMvcConfiguration
instanceKlass io/swagger/v3/core/filter/SpecFilter
instanceKlass org/springdoc/webmvc/core/SpringDocWebMvcConfiguration$SpringDocWebMvcRouterConfiguration
instanceKlass org/springdoc/webmvc/core/SpringDocWebMvcConfiguration$SpringDocWebMvcActuatorConfiguration
instanceKlass org/springdoc/webmvc/core/RouterFunctionWebMvcProvider
instanceKlass org/springdoc/core/providers/RouterFunctionProvider
instanceKlass org/springframework/expression/common/ExpressionUtils
instanceKlass org/springframework/expression/spel/ExpressionState
instanceKlass org/springframework/expression/spel/standard/SpelExpression
instanceKlass org/springframework/expression/spel/ast/SpelNodeImpl
instanceKlass org/springframework/expression/spel/SpelNode
instanceKlass org/springframework/expression/spel/standard/Token
instanceKlass org/springframework/expression/spel/standard/Tokenizer
instanceKlass java/util/regex/Pattern$CharPropertyNames$CharPropertyFactory
instanceKlass java/util/regex/Pattern$CharPropertyNames
instanceKlass org/springdoc/core/SwaggerUiOAuthProperties
instanceKlass org/springdoc/core/AbstractSwaggerUiConfigProperties
instanceKlass org/springdoc/core/converters/PropertyCustomizingConverter
instanceKlass org/springdoc/core/customizers/GlobalOpenApiCustomizer
instanceKlass org/springdoc/core/customizers/OpenApiCustomiser
instanceKlass org/springdoc/core/converters/ResponseSupportConverter
instanceKlass org/springdoc/core/converters/PolymorphicModelConverter
instanceKlass org/springdoc/core/SpringDocProviders
instanceKlass org/springdoc/core/converters/FileSupportConverter
instanceKlass org/springdoc/core/converters/ModelConverterRegistrar
instanceKlass org/springdoc/core/customizers/SpringDocCustomizers
instanceKlass org/springdoc/core/ReturnTypeParser
instanceKlass org/springdoc/core/converters/AdditionalModelsConverter
instanceKlass org/springdoc/core/OperationService
instanceKlass org/springdoc/core/RequestBodyService
instanceKlass org/springdoc/core/GenericParameterService
instanceKlass org/springdoc/core/OpenAPIService
instanceKlass org/springdoc/core/SecurityService
instanceKlass io/swagger/v3/oas/models/media/Schema
instanceKlass org/springdoc/core/converters/SchemaPropertyDeprecatingConverter
instanceKlass io/swagger/v3/oas/models/OpenAPI
instanceKlass org/springdoc/core/PropertyResolverUtils
instanceKlass org/springdoc/core/customizers/PropertyCustomizer
instanceKlass org/springdoc/core/SpringDocConfiguration
instanceKlass org/springdoc/core/providers/WebConversionServiceProvider
instanceKlass org/springdoc/core/SpringDocConfiguration$WebConversionServiceConfiguration
instanceKlass org/springdoc/core/GroupedOpenApi
instanceKlass org/springdoc/core/SpringDocConfiguration$SpringDocPageableConfiguration
instanceKlass org/springdoc/core/converters/PageableOpenAPIConverter
instanceKlass org/springdoc/core/SpringDocConfiguration$SpringDocSpringDataWebPropertiesProvider
instanceKlass org/springdoc/core/providers/SpringDataWebPropertiesProvider
instanceKlass org/springdoc/core/customizers/DelegatingMethodParameterCustomizer
instanceKlass org/springdoc/core/SpringDocConfiguration$SpringDocSortConfiguration
instanceKlass io/swagger/v3/core/util/ObjectMapperFactory
instanceKlass org/springdoc/core/converters/SortOpenAPIConverter
instanceKlass org/springdoc/core/SpringDocConfiguration$SpringDocWebFluxSupportConfiguration
instanceKlass org/springdoc/core/SpringDocConfiguration$OpenApiResourceAdvice
instanceKlass org/springdoc/core/SpringDocConfigProperties
instanceKlass org/springframework/boot/web/servlet/filter/OrderedFilter
instanceKlass org/springdoc/core/converters/WebFluxSupportConverter
instanceKlass io/swagger/v3/core/converter/ModelConverter
instanceKlass org/springframework/boot/autoconfigure/web/servlet/WebMvcAutoConfiguration$ResourceChainResourceHandlerRegistrationCustomizer
instanceKlass org/springframework/boot/autoconfigure/web/servlet/WebMvcAutoConfiguration$ResourceHandlerRegistrationCustomizer
instanceKlass org/springframework/boot/autoconfigure/web/servlet/WebMvcAutoConfiguration$ResourceChainCustomizerConfiguration
instanceKlass org/springframework/web/context/request/RequestContextListener
instanceKlass javax/servlet/ServletRequestListener
instanceKlass org/springframework/boot/autoconfigure/condition/OnBeanCondition$$Lambda$300
instanceKlass org/springframework/boot/autoconfigure/http/HttpMessageConverters
instanceKlass org/springframework/web/servlet/config/annotation/ResourceHandlerRegistration
instanceKlass org/springframework/web/servlet/LocaleResolver
instanceKlass org/springframework/boot/autoconfigure/web/servlet/WebMvcAutoConfiguration$WebMvcAutoConfigurationAdapter
instanceKlass org/springframework/web/servlet/mvc/HttpRequestHandlerAdapter
instanceKlass org/springframework/web/method/support/CompositeUriComponentsContributor
instanceKlass org/springframework/web/method/support/UriComponentsContributor
instanceKlass org/springframework/web/servlet/function/support/HandlerFunctionAdapter
instanceKlass org/springframework/web/servlet/mvc/SimpleControllerHandlerAdapter
instanceKlass org/springframework/web/servlet/handler/HandlerMappingIntrospector
instanceKlass org/springframework/web/cors/CorsConfigurationSource
instanceKlass javax/servlet/ServletContext
instanceKlass org/springframework/validation/MessageCodesResolver
instanceKlass org/springframework/web/servlet/config/annotation/ViewControllerRegistry
instanceKlass org/springframework/web/servlet/config/annotation/ResourceHandlerRegistry
instanceKlass org/springframework/web/servlet/config/annotation/DefaultServletHandlerConfigurer
instanceKlass org/springframework/web/servlet/config/annotation/AsyncSupportConfigurer
instanceKlass org/springframework/web/servlet/config/annotation/ContentNegotiationConfigurer
instanceKlass org/springframework/web/servlet/config/annotation/PathMatchConfigurer
instanceKlass org/springframework/web/servlet/config/annotation/ViewResolverRegistry
instanceKlass org/springframework/web/servlet/config/annotation/CorsRegistry
instanceKlass org/springframework/web/servlet/config/annotation/InterceptorRegistry
instanceKlass org/springframework/web/servlet/handler/AbstractHandlerExceptionResolver
instanceKlass org/springframework/web/bind/support/ConfigurableWebBindingInitializer
instanceKlass org/springframework/web/bind/support/WebBindingInitializer
instanceKlass org/springframework/web/servlet/HandlerAdapter
instanceKlass org/springframework/web/servlet/resource/ResourceUrlProvider
instanceKlass org/springframework/web/util/UrlPathHelper
instanceKlass org/springframework/web/accept/ContentNegotiationManager
instanceKlass org/springframework/web/accept/MediaTypeFileExtensionResolver
instanceKlass org/springframework/web/accept/ContentNegotiationStrategy
instanceKlass org/springframework/boot/autoconfigure/web/servlet/error/ErrorMvcAutoConfiguration$ErrorPageCustomizer
instanceKlass org/springframework/boot/web/server/ErrorPageRegistrar
instanceKlass org/springframework/boot/autoconfigure/web/servlet/error/AbstractErrorController
instanceKlass org/springframework/boot/web/servlet/error/DefaultErrorAttributes
instanceKlass org/springframework/web/servlet/HandlerExceptionResolver
instanceKlass org/springframework/boot/autoconfigure/web/servlet/error/ErrorMvcAutoConfiguration$PreserveErrorControllerTargetClassPostProcessor
instanceKlass org/springframework/boot/web/servlet/error/ErrorController
instanceKlass org/springframework/boot/autoconfigure/web/servlet/error/ErrorMvcAutoConfiguration
instanceKlass org/springframework/boot/autoconfigure/web/servlet/error/DefaultErrorViewResolver
instanceKlass org/springframework/boot/web/servlet/error/ErrorAttributes
instanceKlass org/springframework/boot/autoconfigure/web/ResourceProperties
instanceKlass org/springframework/boot/autoconfigure/web/servlet/WebMvcAutoConfiguration
instanceKlass org/springframework/boot/autoconfigure/web/servlet/error/ErrorViewResolver
instanceKlass org/springframework/boot/autoconfigure/web/servlet/error/ErrorMvcAutoConfiguration$DefaultErrorViewResolverConfiguration
instanceKlass org/springframework/web/servlet/View
instanceKlass org/springframework/boot/autoconfigure/web/servlet/error/ErrorMvcAutoConfiguration$WhitelabelErrorViewConfiguration
instanceKlass org/springframework/web/servlet/ViewResolver
instanceKlass org/springframework/validation/beanvalidation/SpringValidatorAdapter
instanceKlass org/springframework/validation/SmartValidator
instanceKlass org/springframework/boot/autoconfigure/validation/ValidationAutoConfiguration
instanceKlass org/springframework/boot/autoconfigure/task/TaskExecutionAutoConfiguration
instanceKlass org/springframework/cloud/netflix/archaius/ArchaiusAutoConfiguration
instanceKlass org/springframework/cloud/netflix/archaius/ArchaiusAutoConfiguration$ArchaiusEndpointConfiguration
instanceKlass org/springframework/cloud/netflix/archaius/ArchaiusAutoConfiguration$PropagateEventsConfiguration
instanceKlass org/springframework/boot/autoconfigure/web/servlet/DispatcherServletAutoConfiguration
instanceKlass org/springframework/boot/autoconfigure/web/servlet/DispatcherServletPath
instanceKlass org/springframework/boot/task/TaskExecutorBuilder
instanceKlass org/springframework/boot/autoconfigure/task/TaskExecutionProperties
instanceKlass org/springframework/cloud/netflix/archaius/ArchaiusEndpoint
instanceKlass org/springframework/boot/autoconfigure/web/servlet/DispatcherServletAutoConfiguration$DispatcherServletRegistrationConfiguration
instanceKlass org/springframework/boot/autoconfigure/web/servlet/DispatcherServletAutoConfiguration$DispatcherServletConfiguration
instanceKlass org/springframework/boot/autoconfigure/web/servlet/WebMvcProperties
instanceKlass org/springframework/boot/web/server/ErrorPageRegistrarBeanPostProcessor
instanceKlass org/springframework/boot/autoconfigure/web/servlet/TomcatServletWebServerFactoryCustomizer
instanceKlass org/springframework/boot/autoconfigure/web/servlet/ServletWebServerFactoryCustomizer
instanceKlass org/springframework/boot/web/server/AbstractConfigurableWebServerFactory
instanceKlass org/springframework/boot/web/servlet/server/ConfigurableServletWebServerFactory
instanceKlass org/springframework/boot/web/embedded/tomcat/ConfigurableTomcatWebServerFactory
instanceKlass org/springframework/boot/web/server/ConfigurableWebServerFactory
instanceKlass org/springframework/boot/web/server/ErrorPageRegistry
instanceKlass org/springframework/boot/web/server/WebServerFactory
instanceKlass org/springframework/boot/web/server/WebServerFactoryCustomizerBeanPostProcessor
instanceKlass org/springframework/boot/autoconfigure/web/servlet/ServletWebServerFactoryConfiguration$EmbeddedUndertow
instanceKlass org/springframework/boot/autoconfigure/web/servlet/ServletWebServerFactoryConfiguration$EmbeddedJetty
instanceKlass org/springframework/boot/autoconfigure/web/servlet/ServletWebServerFactoryConfiguration$EmbeddedTomcat
instanceKlass org/springframework/boot/autoconfigure/web/ServerProperties
instanceKlass org/springframework/boot/autoconfigure/websocket/servlet/WebSocketServletAutoConfiguration
instanceKlass org/springframework/boot/autoconfigure/websocket/servlet/TomcatWebSocketServletWebServerCustomizer
instanceKlass org/springframework/boot/web/server/WebServerFactoryCustomizer
instanceKlass org/springframework/boot/autoconfigure/websocket/servlet/WebSocketServletAutoConfiguration$TomcatWebSocketConfiguration
instanceKlass org/springframework/boot/web/servlet/server/ServletWebServerFactory
instanceKlass org/springframework/boot/autoconfigure/web/servlet/ServletWebServerFactoryAutoConfiguration
instanceKlass org/springframework/beans/factory/config/ConstructorArgumentValues$$Lambda$299
instanceKlass org/springframework/beans/factory/config/ConstructorArgumentValues$$Lambda$298
instanceKlass org/springframework/beans/factory/config/ConstructorArgumentValues$$Lambda$297
instanceKlass org/modelmapper/ModelMapper
instanceKlass org/springframework/beans/factory/config/ConstructorArgumentValues$ValueHolder
instanceKlass org/springframework/beans/factory/config/ConstructorArgumentValues
instanceKlass org/springframework/boot/autoconfigure/AutoConfigurationPackages$BasePackages
instanceKlass org/springframework/boot/autoconfigure/AutoConfigurationPackages
instanceKlass org/springframework/boot/autoconfigure/AutoConfigurationPackages$PackageImports
instanceKlass org/springframework/web/servlet/config/annotation/WebMvcConfigurationSupport
instanceKlass org/springframework/web/servlet/config/annotation/EnableWebMvc
instanceKlass org/springframework/boot/actuate/autoconfigure/web/server/ManagementContextConfigurationImportSelector$ManagementConfiguration
instanceKlass org/springframework/boot/actuate/autoconfigure/web/ManagementContextConfiguration
instanceKlass org/springframework/boot/actuate/autoconfigure/web/server/ManagementContextConfigurationImportSelector
instanceKlass org/springframework/boot/actuate/autoconfigure/web/server/EnableManagementContext
instanceKlass org/springframework/cloud/netflix/ribbon/eureka/ConditionalOnRibbonAndEurekaEnabled
instanceKlass io/micrometer/core/instrument/binder/hystrix/HystrixMetricsBinder
instanceKlass org/springframework/cache/caffeine/CaffeineCacheManager
instanceKlass com/stoyanr/evictor/ConcurrentMapWithTimedEviction
instanceKlass org/apache/http/client/HttpClient
instanceKlass org/springframework/cloud/loadbalancer/annotation/LoadBalancerClient
instanceKlass org/springframework/cloud/loadbalancer/annotation/LoadBalancerClients
instanceKlass com/netflix/client/ClientRequest
instanceKlass org/springframework/cloud/netflix/ribbon/RibbonAutoConfiguration$ConditionalOnRibbonRestClient
instanceKlass com/netflix/client/IClient
instanceKlass org/springframework/http/client/support/AsyncHttpAccessor
instanceKlass org/springframework/web/client/AsyncRestOperations
instanceKlass com/netflix/ribbon/Ribbon
instanceKlass org/springframework/boot/actuate/health/ReactiveHealthIndicator
instanceKlass org/springframework/boot/actuate/health/ReactiveHealthContributor
instanceKlass org/springframework/boot/autoconfigure/ImportAutoConfiguration
instanceKlass org/springframework/cloud/client/ConditionalOnDiscoveryHealthIndicatorEnabled
instanceKlass org/springframework/cloud/netflix/eureka/EurekaClientAutoConfiguration$ConditionalOnMissingRefreshScope
instanceKlass org/springframework/cloud/context/config/annotation/RefreshScope
instanceKlass org/springframework/cloud/autoconfigure/RefreshAutoConfiguration
instanceKlass org/springframework/cloud/netflix/eureka/EurekaClientAutoConfiguration$ConditionalOnRefreshScope
instanceKlass org/springframework/cloud/client/ConditionalOnBlockingDiscoveryEnabled
instanceKlass com/sun/jersey/api/client/filter/ClientFilter
instanceKlass com/sun/jersey/api/client/ClientHandler
instanceKlass org/springframework/boot/devtools/restart/RestartScope
instanceKlass org/springframework/transaction/annotation/AbstractTransactionManagementConfiguration
instanceKlass org/springframework/context/annotation/AutoProxyRegistrar
instanceKlass org/springframework/transaction/annotation/TransactionManagementConfigurationSelector$1
instanceKlass org/springframework/context/annotation/AdviceModeImportSelector
instanceKlass org/springframework/transaction/annotation/EnableTransactionManagement
instanceKlass org/springframework/data/querydsl/QuerydslUtils
instanceKlass org/springframework/data/web/config/EnableSpringDataWebSupport$SpringDataWebConfigurationImportSelector$$Lambda$296
instanceKlass org/springframework/data/web/config/SpringDataJacksonModules
instanceKlass org/springframework/data/web/config/EnableSpringDataWebSupport$SpringDataWebConfigurationImportSelector$$Lambda$295
instanceKlass org/springframework/data/web/config/EnableSpringDataWebSupport$SpringDataWebConfigurationImportSelector$$Lambda$294
instanceKlass org/springframework/data/web/config/SpringDataWebConfiguration
instanceKlass org/springframework/data/web/config/EnableSpringDataWebSupport$SpringDataWebConfigurationImportSelector$$Lambda$293
instanceKlass org/springframework/data/web/config/EnableSpringDataWebSupport$SpringDataWebConfigurationImportSelector$$Lambda$292
instanceKlass org/springframework/data/web/config/EnableSpringDataWebSupport$SpringDataWebConfigurationImportSelector$$Lambda$291
instanceKlass org/springframework/data/web/config/ProjectingArgumentResolverRegistrar
instanceKlass org/springframework/data/web/config/EnableSpringDataWebSupport$SpringDataWebConfigurationImportSelector$$Lambda$290
instanceKlass org/springframework/data/web/config/EnableSpringDataWebSupport$QuerydslActivator
instanceKlass org/springframework/data/web/config/EnableSpringDataWebSupport$SpringDataWebConfigurationImportSelector
instanceKlass org/springframework/data/web/config/EnableSpringDataWebSupport
instanceKlass org/springframework/boot/autoconfigure/data/AbstractRepositoryConfigurationSourceSupport
instanceKlass org/springframework/context/annotation/AspectJAutoProxyRegistrar
instanceKlass org/springframework/context/annotation/EnableAspectJAutoProxy
instanceKlass org/aspectj/weaver/ShadowMunger
instanceKlass org/aspectj/weaver/IHasPosition
instanceKlass org/aspectj/util/PartialOrder$PartialComparable
instanceKlass org/springframework/boot/actuate/trace/http/HttpTraceEndpoint
instanceKlass org/springframework/boot/actuate/scheduling/ScheduledTasksEndpoint
instanceKlass org/springframework/boot/web/client/RestTemplateBuilder
instanceKlass org/springframework/boot/jdbc/metadata/DataSourcePoolMetadataProvider
instanceKlass org/springframework/boot/actuate/metrics/cache/CacheMeterBinderProvider
instanceKlass org/springframework/cache/ehcache/EhCacheCache
instanceKlass org/springframework/cache/support/AbstractValueAdaptingCache
instanceKlass org/springframework/boot/actuate/metrics/MetricsEndpoint
instanceKlass org/springframework/boot/actuate/management/ThreadDumpEndpoint
instanceKlass org/springframework/boot/actuate/management/HeapDumpWebEndpoint
instanceKlass org/springframework/boot/actuate/logging/LoggersEndpoint
instanceKlass org/springframework/boot/actuate/endpoint/annotation/DiscovererEndpointFilter
instanceKlass org/springframework/boot/actuate/endpoint/annotation/FilteredEndpoint
instanceKlass org/springframework/boot/actuate/endpoint/web/annotation/WebEndpoint
instanceKlass org/springframework/boot/actuate/logging/LogFileWebEndpoint
instanceKlass org/springframework/boot/actuate/context/properties/ConfigurationPropertiesReportEndpoint
instanceKlass org/springframework/boot/actuate/context/ShutdownEndpoint
instanceKlass org/springframework/boot/actuate/autoconfigure/condition/ConditionsReportEndpoint
instanceKlass org/springframework/boot/autoconfigure/condition/ConditionalOnCloudPlatform
instanceKlass org/springframework/boot/actuate/info/InfoEndpoint
instanceKlass org/springframework/boot/actuate/autoconfigure/info/ConditionalOnEnabledInfoContributor
instanceKlass org/springframework/boot/actuate/health/HealthEndpointSupport
instanceKlass org/springframework/boot/actuate/cache/CachesEndpoint
instanceKlass org/springframework/cache/Cache
instanceKlass org/springframework/boot/autoconfigure/cache/CacheConfigurations$$Lambda$289
instanceKlass org/springframework/boot/autoconfigure/cache/NoOpCacheConfiguration
instanceKlass org/springframework/boot/autoconfigure/cache/SimpleCacheConfiguration
instanceKlass org/springframework/boot/autoconfigure/cache/CaffeineCacheConfiguration
instanceKlass org/springframework/boot/autoconfigure/cache/RedisCacheConfiguration
instanceKlass org/springframework/boot/autoconfigure/cache/CouchbaseCacheConfiguration
instanceKlass org/springframework/boot/autoconfigure/cache/JCacheCacheConfiguration
instanceKlass org/springframework/boot/autoconfigure/cache/InfinispanCacheConfiguration
instanceKlass org/springframework/boot/autoconfigure/cache/HazelcastCacheConfiguration
instanceKlass org/springframework/boot/autoconfigure/cache/EhCacheCacheConfiguration
instanceKlass org/springframework/boot/autoconfigure/cache/GenericCacheConfiguration
instanceKlass org/springframework/boot/autoconfigure/cache/CacheConfigurations
instanceKlass org/springframework/boot/autoconfigure/cache/CacheAutoConfiguration$CacheConfigurationImportSelector
instanceKlass org/springframework/boot/autoconfigure/orm/jpa/DataSourceInitializedPublisher$DataSourceInitializationCompletionListener
instanceKlass org/springframework/boot/autoconfigure/orm/jpa/DataSourceInitializedPublisher$Registrar
instanceKlass org/springframework/boot/autoconfigure/jdbc/DataSourceInitializationConfiguration$Registrar
instanceKlass com/zaxxer/hikari/HikariConfig
instanceKlass com/zaxxer/hikari/HikariConfigMXBean
instanceKlass org/springframework/boot/jdbc/DataSourceBuilder
instanceKlass org/springframework/boot/autoconfigure/condition/AbstractNestedCondition$MemberOutcomes
instanceKlass org/springframework/boot/autoconfigure/condition/AbstractNestedCondition$MemberConditions$$Lambda$288
instanceKlass org/springframework/boot/autoconfigure/condition/AbstractNestedCondition$MemberMatchOutcomes
instanceKlass org/springframework/boot/autoconfigure/condition/AbstractNestedCondition$MemberConditions
instanceKlass org/springframework/transaction/support/AbstractPlatformTransactionManager
instanceKlass org/springframework/transaction/jta/TransactionFactory
instanceKlass org/springframework/boot/autoconfigure/condition/ConditionalOnJndi
instanceKlass org/springframework/boot/actuate/beans/BeansEndpoint
instanceKlass org/springframework/boot/actuate/autoconfigure/endpoint/expose/IncludeExcludeEndpointFilter$$Lambda$287
instanceKlass org/springframework/boot/convert/DelimitedStringToCollectionConverter$$Lambda$286
instanceKlass org/springframework/boot/convert/DelimitedStringToCollectionConverter$$Lambda$285
instanceKlass org/springframework/boot/convert/DelimitedStringToCollectionConverter$$Lambda$284
instanceKlass org/springframework/boot/convert/Delimiter
instanceKlass org/springframework/boot/context/properties/bind/CollectionBinder$$Lambda$283
instanceKlass org/springframework/boot/actuate/endpoint/ExposableEndpoint
instanceKlass org/springframework/boot/actuate/autoconfigure/endpoint/expose/IncludeExcludeEndpointFilter$EndpointPatterns
instanceKlass org/springframework/boot/actuate/autoconfigure/endpoint/expose/IncludeExcludeEndpointFilter
instanceKlass org/springframework/boot/actuate/endpoint/EndpointFilter
instanceKlass org/springframework/boot/actuate/endpoint/EndpointId
instanceKlass org/springframework/boot/actuate/endpoint/annotation/Endpoint
instanceKlass org/springframework/boot/actuate/audit/AuditEventsEndpoint
instanceKlass org/springframework/web/servlet/function/RouterFunction
instanceKlass org/springframework/boot/autoconfigure/condition/ConditionalOnExpression
instanceKlass org/springframework/boot/web/reactive/context/ConfigurableReactiveWebApplicationContext
instanceKlass org/springframework/boot/web/reactive/context/ReactiveWebApplicationContext
instanceKlass org/springframework/context/support/ApplicationObjectSupport
instanceKlass org/springframework/web/servlet/handler/MatchableHandlerMapping
instanceKlass org/springframework/web/servlet/HandlerMapping
instanceKlass org/springframework/boot/actuate/autoconfigure/endpoint/web/WebEndpointProperties
instanceKlass org/springframework/data/domain/Pageable
instanceKlass org/springframework/boot/autoconfigure/data/web/SpringDataWebProperties
instanceKlass org/springframework/data/domain/Sort
instanceKlass org/springframework/data/util/Streamable
instanceKlass org/springframework/boot/actuate/autoconfigure/web/server/ConditionalOnManagementPort
instanceKlass org/springframework/web/bind/annotation/ResponseStatus
instanceKlass io/swagger/v3/oas/annotations/Hidden
instanceKlass org/webjars/WebJarAssetLocator
instanceKlass org/springframework/boot/autoconfigure/web/ResourceProperties$Chain
instanceKlass org/springframework/boot/autoconfigure/web/ConditionalOnEnabledResourceChain
instanceKlass org/springframework/boot/autoconfigure/web/servlet/JspTemplateAvailabilityProvider
instanceKlass org/springframework/boot/autoconfigure/thymeleaf/ThymeleafTemplateAvailabilityProvider
instanceKlass org/springframework/boot/autoconfigure/mustache/MustacheTemplateAvailabilityProvider
instanceKlass org/springframework/boot/autoconfigure/template/PathBasedTemplateAvailabilityProvider$TemplateAvailabilityProperties
instanceKlass org/springframework/boot/autoconfigure/template/PathBasedTemplateAvailabilityProvider
instanceKlass org/springframework/boot/autoconfigure/template/TemplateAvailabilityProviders$NoTemplateAvailabilityProvider
instanceKlass org/springframework/boot/autoconfigure/template/TemplateAvailabilityProvider
instanceKlass org/springframework/boot/autoconfigure/template/TemplateAvailabilityProviders
instanceKlass org/springframework/boot/autoconfigure/validation/PrimaryDefaultValidatorPostProcessor
instanceKlass org/springframework/boot/autoconfigure/condition/OnPropertyCondition$Spec
instanceKlass org/springframework/boot/autoconfigure/condition/OnPropertyCondition$$Lambda$282
instanceKlass org/apache/commons/configuration/ConfigurationBuilder
instanceKlass org/apache/commons/configuration/event/EventSource
instanceKlass org/apache/commons/configuration/event/ConfigurationListener
instanceKlass com/netflix/config/AggregatedConfiguration
instanceKlass org/apache/commons/configuration/Configuration
instanceKlass com/hospital/doctor/util/DoctorIdGenerator
instanceKlass com/hospital/doctor/service/impl/DoctorServiceImpl
instanceKlass com/hospital/doctor/service/DoctorService
instanceKlass com/hospital/doctor/service/impl/DoctorScheduleServiceImpl
instanceKlass com/hospital/doctor/service/DoctorScheduleService
instanceKlass com/hospital/doctor/interceptor/TenantInterceptor
instanceKlass org/springframework/web/servlet/HandlerInterceptor
instanceKlass com/hospital/doctor/exception/GlobalExceptionHandler
instanceKlass com/hospital/doctor/controller/DoctorScheduleController
instanceKlass com/hospital/doctor/controller/DoctorController
instanceKlass com/hospital/doctor/config/WebMvcConfig
instanceKlass com/hospital/doctor/config/WebConfig
instanceKlass com/hospital/doctor/config/FeignClientInterceptor
instanceKlass feign/RequestInterceptor
instanceKlass com/hospital/doctor/config/FeignClientConfig
instanceKlass com/hospital/doctor/config/DataSourceConfig
instanceKlass com/hospital/doctor/config/AppConfig
instanceKlass org/apache/coyote/UpgradeProtocol
instanceKlass org/springframework/boot/autoconfigure/web/servlet/ServletWebServerFactoryAutoConfiguration$BeanPostProcessorsRegistrar
instanceKlass org/springframework/boot/web/servlet/RegistrationBean
instanceKlass org/springframework/boot/web/servlet/ServletContextInitializer
instanceKlass org/springframework/boot/autoconfigure/web/servlet/ConditionalOnMissingFilterBean
instanceKlass org/apache/tomcat/websocket/server/WsSci
instanceKlass javax/servlet/ServletContainerInitializer
instanceKlass org/apache/catalina/startup/Tomcat
instanceKlass org/springframework/boot/autoconfigure/condition/OnWebApplicationCondition$1
instanceKlass org/springframework/boot/autoconfigure/AutoConfigurationImportSelector$AutoConfigurationGroup$$Lambda$281
instanceKlass org/springframework/boot/autoconfigure/AutoConfigurationSorter$AutoConfigurationClasses$$Lambda$280
instanceKlass org/springframework/boot/autoconfigure/AutoConfigurationSorter$$Lambda$279
instanceKlass org/springframework/boot/devtools/restart/ConditionalOnInitializedRestarter
instanceKlass org/springframework/boot/autoconfigure/condition/ConditionalOnResource
instanceKlass org/springframework/cloud/netflix/ribbon/RibbonClientConfigurationRegistrar
instanceKlass org/springframework/cloud/netflix/ribbon/RibbonClient
instanceKlass org/springframework/cloud/netflix/ribbon/RibbonClients
instanceKlass org/springframework/boot/actuate/autoconfigure/health/ConditionalOnEnabledHealthIndicator
instanceKlass org/springframework/cloud/client/ConditionalOnReactiveDiscoveryEnabled
instanceKlass org/springframework/cloud/client/ConditionalOnDiscoveryEnabled
instanceKlass org/springframework/boot/autoconfigure/AutoConfigureAfter
instanceKlass org/springframework/boot/autoconfigure/AutoConfigureBefore
instanceKlass org/springframework/boot/actuate/autoconfigure/endpoint/condition/ConditionalOnAvailableEndpoint
instanceKlass org/springframework/boot/autoconfigure/AutoConfigurationSorter$AutoConfigurationClass
instanceKlass org/springframework/boot/autoconfigure/AutoConfigurationSorter$AutoConfigurationClasses
instanceKlass org/springframework/boot/autoconfigure/AutoConfigurationSorter
instanceKlass org/springframework/boot/autoconfigure/AutoConfigurationImportSelector$AutoConfigurationGroup$$Lambda$278
instanceKlass org/springframework/boot/autoconfigure/AutoConfigurationImportSelector$AutoConfigurationGroup$$Lambda$277
instanceKlass org/springframework/boot/autoconfigure/AutoConfigurationImportSelector$AutoConfigurationGroup$$Lambda$276
instanceKlass org/springframework/boot/autoconfigure/AutoConfigurationImportSelector$AutoConfigurationGroup$$Lambda$275
instanceKlass org/springframework/boot/autoconfigure/AutoConfigurationImportSelector$AutoConfigurationGroup$$Lambda$274
instanceKlass org/springframework/boot/autoconfigure/condition/ConditionEvaluationReportAutoConfigurationImportListener
instanceKlass org/springframework/boot/autoconfigure/AutoConfigurationImportListener
instanceKlass org/springframework/boot/jdbc/XADataSourceWrapper
instanceKlass org/springframework/cache/interceptor/AbstractCacheInvoker
instanceKlass org/springframework/boot/actuate/trace/http/HttpTraceRepository
instanceKlass io/micrometer/core/instrument/Clock
instanceKlass org/springframework/boot/actuate/audit/AuditEventRepository
instanceKlass org/springframework/cloud/context/environment/EnvironmentManager
instanceKlass org/springframework/boot/autoconfigure/condition/ConditionalOnWebApplication
instanceKlass javax/websocket/server/ServerContainer
instanceKlass javax/websocket/WebSocketContainer
instanceKlass org/springframework/web/multipart/support/StandardServletMultipartResolver
instanceKlass org/springframework/web/multipart/MultipartResolver
instanceKlass javax/servlet/MultipartConfigElement
instanceKlass org/springframework/web/filter/GenericFilterBean
instanceKlass org/springframework/http/ReactiveHttpInputMessage
instanceKlass org/springframework/http/server/reactive/HttpHandler
instanceKlass org/springframework/http/client/support/HttpAccessor
instanceKlass org/springframework/web/client/RestOperations
instanceKlass javax/transaction/Transaction
instanceKlass org/springframework/scheduling/TaskScheduler
instanceKlass org/springframework/util/CustomizableThreadCreator
instanceKlass org/springframework/scheduling/SchedulingTaskExecutor
instanceKlass org/springframework/core/task/AsyncListenableTaskExecutor
instanceKlass org/springframework/core/task/AsyncTaskExecutor
instanceKlass org/springframework/core/task/TaskExecutor
instanceKlass org/springframework/orm/jpa/AbstractEntityManagerFactoryBean
instanceKlass org/springframework/dao/support/PersistenceExceptionTranslator
instanceKlass org/springframework/orm/jpa/EntityManagerFactoryInfo
instanceKlass org/hibernate/engine/spi/SessionImplementor
instanceKlass org/hibernate/jpa/spi/HibernateEntityManagerImplementor
instanceKlass org/hibernate/jpa/spi/HibernateEntityManagerFactoryAware
instanceKlass org/hibernate/ejb/HibernateEntityManager
instanceKlass org/hibernate/engine/spi/SharedSessionContractImplementor
instanceKlass org/hibernate/query/spi/QueryProducerImplementor
instanceKlass org/hibernate/type/descriptor/WrapperOptions
instanceKlass org/hibernate/engine/jdbc/LobCreationContext
instanceKlass org/hibernate/resource/transaction/spi/TransactionCoordinatorBuilder$Options
instanceKlass org/hibernate/resource/jdbc/spi/JdbcSessionOwner
instanceKlass org/hibernate/Session
instanceKlass org/hibernate/jpa/HibernateEntityManager
instanceKlass org/hibernate/SharedSessionContract
instanceKlass org/hibernate/query/QueryProducer
instanceKlass javax/persistence/EntityManager
instanceKlass javax/activation/MimeType
instanceKlass javax/servlet/ServletRegistration
instanceKlass javax/servlet/Registration
instanceKlass org/apache/catalina/Manager
instanceKlass io/micrometer/core/instrument/binder/tomcat/TomcatMetrics
instanceKlass org/springframework/jmx/support/MBeanRegistrationSupport
instanceKlass org/springframework/jmx/export/MBeanExportOperations
instanceKlass io/micrometer/core/instrument/binder/jetty/JettyServerThreadPoolMetrics
instanceKlass org/springframework/transaction/PlatformTransactionManager
instanceKlass org/springframework/transaction/TransactionManager
instanceKlass org/hibernate/SessionFactory
instanceKlass javax/naming/Referenceable
instanceKlass org/hibernate/jpa/HibernateEntityManagerFactory
instanceKlass javax/transaction/TransactionManager
instanceKlass org/springframework/http/codec/CodecConfigurer
instanceKlass io/micrometer/core/annotation/Timed
instanceKlass org/springframework/web/servlet/config/annotation/WebMvcConfigurer
instanceKlass org/springframework/data/web/PageableHandlerMethodArgumentResolverSupport
instanceKlass org/springframework/data/web/PageableArgumentResolver
instanceKlass org/springframework/web/method/support/HandlerMethodArgumentResolver
instanceKlass io/micrometer/core/instrument/binder/logging/Log4j2Metrics
instanceKlass io/micrometer/core/instrument/binder/kafka/KafkaMetrics
instanceKlass io/micrometer/core/instrument/binder/MeterBinder
instanceKlass io/micrometer/core/instrument/MeterRegistry
instanceKlass org/springframework/mail/javamail/JavaMailSenderImpl
instanceKlass org/springframework/mail/javamail/JavaMailSender
instanceKlass org/springframework/mail/MailSender
instanceKlass org/springframework/jdbc/datasource/AbstractDataSource
instanceKlass org/springframework/jdbc/support/JdbcAccessor
instanceKlass org/springframework/jdbc/core/JdbcOperations
instanceKlass javax/naming/ldap/LdapContext
instanceKlass javax/naming/directory/DirContext
instanceKlass org/springframework/data/jpa/repository/JpaRepository
instanceKlass org/springframework/data/repository/query/QueryByExampleExecutor
instanceKlass org/springframework/data/repository/PagingAndSortingRepository
instanceKlass org/springframework/data/repository/CrudRepository
instanceKlass org/springframework/data/repository/Repository
instanceKlass javax/servlet/GenericServlet
instanceKlass javax/servlet/ServletConfig
instanceKlass org/springframework/boot/autoconfigure/cache/CacheAutoConfiguration
instanceKlass org/springframework/cloud/loadbalancer/annotation/LoadBalancerClientConfigurationRegistrar
instanceKlass com/netflix/discovery/EurekaClientConfig
instanceKlass org/springframework/aop/framework/ProxyConfig
instanceKlass com/netflix/discovery/EurekaClient
instanceKlass com/netflix/discovery/shared/LookupService
instanceKlass org/springframework/cache/CacheManager
instanceKlass reactor/core/publisher/Mono
instanceKlass org/springframework/boot/actuate/health/HealthIndicator
instanceKlass org/springframework/boot/actuate/health/HealthContributor
instanceKlass org/springframework/boot/actuate/autoconfigure/health/HealthContributorAutoConfiguration
instanceKlass com/netflix/hystrix/Hystrix
instanceKlass org/springframework/boot/actuate/env/EnvironmentEndpoint
instanceKlass org/springframework/boot/actuate/autoconfigure/env/EnvironmentEndpointProperties
instanceKlass org/springframework/boot/actuate/health/HealthComponent
instanceKlass org/springframework/http/server/ServerHttpRequest
instanceKlass org/springframework/http/HttpInputMessage
instanceKlass org/springframework/http/HttpRequest
instanceKlass org/springframework/http/HttpMessage
instanceKlass org/springframework/boot/actuate/autoconfigure/endpoint/EndpointAutoConfiguration
instanceKlass javax/servlet/Filter
instanceKlass reactor/core/publisher/Flux
instanceKlass reactor/core/CorePublisher
instanceKlass org/reactivestreams/Publisher
instanceKlass org/springframework/boot/autoconfigure/condition/OnClassCondition$ThreadedOutcomesResolver$$Lambda$273
instanceKlass org/springframework/boot/autoconfigure/condition/OnClassCondition$ThreadedOutcomesResolver
instanceKlass org/springframework/boot/autoconfigure/condition/OnClassCondition$StandardOutcomesResolver
instanceKlass org/springframework/boot/autoconfigure/condition/OnClassCondition$OutcomesResolver
instanceKlass org/springframework/boot/autoconfigure/AutoConfigurationMetadataLoader$PropertiesAutoConfigurationMetadata
instanceKlass org/springframework/boot/autoconfigure/AutoConfigurationMetadata
instanceKlass org/springframework/boot/autoconfigure/AutoConfigurationMetadataLoader
instanceKlass org/springframework/boot/autoconfigure/AutoConfigurationImportSelector$ConfigurationClassFilter
instanceKlass org/springframework/boot/autoconfigure/AutoConfigurationImportSelector$$Lambda$272
instanceKlass org/springframework/boot/autoconfigure/AutoConfigurationImportSelector$$Lambda$271
instanceKlass org/springframework/boot/autoconfigure/AutoConfigurationImportSelector$AutoConfigurationGroup$$Lambda$270
instanceKlass org/springframework/boot/autoconfigure/AutoConfigurationImportSelector$AutoConfigurationGroup
instanceKlass java/util/function/Predicate$$Lambda$269
instanceKlass org/springframework/boot/autoconfigure/AutoConfigurationImportSelector$$Lambda$268
instanceKlass org/springframework/boot/autoconfigure/AutoConfigurationImportSelector$AutoConfigurationEntry
instanceKlass java/sql/Connection
instanceKlass javax/sql/DataSource
instanceKlass java/sql/Wrapper
instanceKlass javax/sql/CommonDataSource
instanceKlass org/springframework/transaction/annotation/Transactional
instanceKlass org/springframework/stereotype/Service
instanceKlass org/springframework/data/annotation/QueryAnnotation
instanceKlass org/springframework/data/jpa/repository/Query
instanceKlass org/springframework/stereotype/Repository
instanceKlass org/springframework/web/bind/annotation/ExceptionHandler
instanceKlass org/springframework/web/bind/annotation/ControllerAdvice
instanceKlass org/springframework/web/bind/annotation/RestControllerAdvice
instanceKlass com/fasterxml/jackson/annotation/JsonIgnore
instanceKlass javax/persistence/Transient
instanceKlass javax/persistence/PreUpdate
instanceKlass javax/persistence/PrePersist
instanceKlass javax/persistence/UniqueConstraint
instanceKlass javax/persistence/Index
instanceKlass javax/persistence/Table
instanceKlass javax/persistence/Entity
instanceKlass com/fasterxml/jackson/annotation/JacksonAnnotation
instanceKlass org/springframework/web/bind/annotation/DeleteMapping
instanceKlass org/springframework/web/bind/annotation/PutMapping
instanceKlass org/springframework/web/bind/annotation/GetMapping
instanceKlass org/springframework/web/bind/annotation/PostMapping
instanceKlass org/springframework/web/bind/annotation/Mapping
instanceKlass org/springframework/web/bind/annotation/RequestMapping
instanceKlass org/springframework/web/bind/annotation/ResponseBody
instanceKlass org/springframework/stereotype/Controller
instanceKlass org/springframework/web/bind/annotation/RestController
instanceKlass org/springframework/core/type/AnnotationMetadata$$Lambda$267
instanceKlass sun/nio/ch/IOStatus
instanceKlass java/nio/DirectByteBuffer$Deallocator
instanceKlass sun/nio/ch/Util$BufferCache
instanceKlass sun/nio/ch/Util$2
instanceKlass sun/nio/ch/Util
instanceKlass sun/nio/ch/NativeThread
instanceKlass java/nio/channels/spi/AbstractInterruptibleChannel$1
instanceKlass java/nio/channels/Channels
instanceKlass sun/nio/ch/FileDispatcherImpl$1
instanceKlass sun/nio/ch/NativeDispatcher
instanceKlass sun/nio/ch/NativeThreadSet
instanceKlass sun/nio/ch/IOUtil$1
instanceKlass sun/nio/ch/IOUtil
instanceKlass java/nio/channels/spi/AbstractInterruptibleChannel
instanceKlass java/nio/channels/InterruptibleChannel
instanceKlass java/nio/channels/ScatteringByteChannel
instanceKlass java/nio/channels/GatheringByteChannel
instanceKlass java/nio/channels/SeekableByteChannel
instanceKlass java/nio/channels/ByteChannel
instanceKlass java/nio/channels/WritableByteChannel
instanceKlass java/nio/channels/ReadableByteChannel
instanceKlass java/nio/channels/Channel
instanceKlass sun/nio/fs/NativeBuffer$Deallocator
instanceKlass sun/nio/fs/NativeBuffer
instanceKlass sun/nio/fs/NativeBuffers
instanceKlass sun/nio/fs/WindowsNativeDispatcher$BackupResult
instanceKlass sun/nio/fs/WindowsNativeDispatcher$CompletionStatus
instanceKlass sun/nio/fs/WindowsNativeDispatcher$AclInformation
instanceKlass sun/nio/fs/WindowsNativeDispatcher$Account
instanceKlass sun/nio/fs/WindowsNativeDispatcher$DiskFreeSpace
instanceKlass sun/nio/fs/WindowsNativeDispatcher$VolumeInformation
instanceKlass sun/nio/fs/WindowsNativeDispatcher$FirstStream
instanceKlass sun/nio/fs/WindowsNativeDispatcher$FirstFile
instanceKlass sun/nio/fs/WindowsNativeDispatcher$1
instanceKlass sun/nio/fs/WindowsNativeDispatcher
instanceKlass sun/nio/fs/WindowsChannelFactory$Flags
instanceKlass sun/nio/fs/WindowsChannelFactory$1
instanceKlass sun/nio/fs/WindowsChannelFactory
instanceKlass sun/nio/fs/WindowsSecurityDescriptor
instanceKlass java/nio/file/attribute/FileAttribute
instanceKlass java/nio/file/Files
instanceKlass java/nio/file/OpenOption
instanceKlass org/springframework/util/AntPathMatcher$AntPathStringMatcher
instanceKlass org/springframework/core/io/support/PathMatchingResourcePatternResolver$$Lambda$266
instanceKlass org/springframework/context/annotation/ComponentScanAnnotationParser$2
instanceKlass org/springframework/core/annotation/TypeMappedAnnotation$$Lambda$265
instanceKlass org/springframework/boot/web/servlet/context/ServletWebServerApplicationContext$ExistingWebApplicationScopes$$Lambda$264
instanceKlass org/springframework/web/context/support/WebApplicationContextUtils$WebRequestObjectFactory
instanceKlass org/springframework/web/context/request/WebRequest
instanceKlass org/springframework/web/context/request/RequestAttributes
instanceKlass org/springframework/web/context/support/WebApplicationContextUtils$SessionObjectFactory
instanceKlass javax/servlet/http/HttpSession
instanceKlass org/springframework/web/context/support/WebApplicationContextUtils$ResponseObjectFactory
instanceKlass javax/servlet/ServletResponse
instanceKlass org/springframework/web/context/support/WebApplicationContextUtils$RequestObjectFactory
instanceKlass javax/servlet/ServletRequest
instanceKlass org/springframework/web/context/request/AbstractRequestAttributesScope
instanceKlass org/springframework/boot/web/servlet/context/ServletWebServerApplicationContext$ExistingWebApplicationScopes
instanceKlass org/springframework/web/context/ServletContextAware
instanceKlass org/springframework/web/context/support/ServletContextAwareProcessor
instanceKlass org/springframework/web/context/request/RequestContextHolder
instanceKlass org/springframework/web/context/support/WebApplicationContextUtils
instanceKlass org/springframework/boot/autoconfigure/AutoConfigurationPackages$Registrar
instanceKlass org/springframework/boot/context/annotation/DeterminableImports
instanceKlass org/springframework/boot/autoconfigure/AutoConfigurationImportSelector
instanceKlass org/springframework/boot/autoconfigure/AutoConfigurationExcludeFilter
instanceKlass org/springframework/boot/context/TypeExcludeFilter
instanceKlass java/lang/annotation/Repeatable
instanceKlass org/springframework/boot/autoconfigure/AutoConfigurationPackage
instanceKlass org/springframework/context/annotation/ComponentScan$Filter
instanceKlass org/springframework/cloud/netflix/eureka/EnableEurekaClient
instanceKlass org/springframework/boot/autoconfigure/EnableAutoConfiguration
instanceKlass org/springframework/boot/SpringBootConfiguration
instanceKlass org/springframework/boot/autoconfigure/SpringBootApplication
instanceKlass org/springframework/beans/factory/config/NamedBeanHolder
instanceKlass org/springframework/beans/factory/NamedBean
instanceKlass org/springframework/cloud/bootstrap/encrypt/EnvironmentDecryptApplicationInitializer$$Lambda$263
instanceKlass org/springframework/boot/builder/ParentContextApplicationContextInitializer$EventPublisher
instanceKlass org/springframework/ui/context/ThemeSource
instanceKlass org/springframework/boot/web/context/ConfigurableWebServerApplicationContext
instanceKlass org/springframework/boot/web/context/WebServerApplicationContext
instanceKlass org/springframework/boot/SpringApplicationBannerPrinter$PrintedBanner
instanceKlass org/springframework/boot/SpringBootVersion
instanceKlass org/springframework/boot/SpringApplicationBannerPrinter$Banners
instanceKlass org/springframework/boot/SpringBootBanner
instanceKlass org/springframework/boot/SpringApplicationBannerPrinter
instanceKlass org/springframework/boot/EnvironmentConverter
instanceKlass org/springframework/boot/context/properties/source/ConfigurationPropertyName$$Lambda$262
instanceKlass org/springframework/boot/context/properties/source/ConfigurationPropertyName$$Lambda$261
instanceKlass org/springframework/boot/context/properties/bind/MapBinder$EntryBinder$$Lambda$260
instanceKlass org/springframework/beans/factory/config/YamlProcessor$$Lambda$259
instanceKlass java/util/Map$Entry$$Lambda$258
instanceKlass org/springframework/core/SortedProperties$$Lambda$257
instanceKlass org/springframework/beans/factory/config/YamlProcessor$$Lambda$256
instanceKlass java/util/TreeMap$NavigableSubMap$SubMapIterator
instanceKlass java/util/Collections$ReverseComparator
instanceKlass org/springframework/boot/env/OriginTrackedYamlLoader$OriginTrackingConstructor$$Lambda$255
instanceKlass org/yaml/snakeyaml/nodes/NodeTuple
instanceKlass org/yaml/snakeyaml/events/ImplicitTuple
instanceKlass org/yaml/snakeyaml/parser/ParserImpl$ParseBlockMappingValue
instanceKlass org/yaml/snakeyaml/parser/ParserImpl$ParseBlockMappingKey
instanceKlass org/yaml/snakeyaml/nodes/Node
instanceKlass org/yaml/snakeyaml/resolver/Resolver$1
instanceKlass org/yaml/snakeyaml/parser/ParserImpl$ParseBlockMappingFirstKey
instanceKlass org/yaml/snakeyaml/parser/ParserImpl$ParseBlockNode
instanceKlass org/yaml/snakeyaml/scanner/SimpleKey
instanceKlass org/yaml/snakeyaml/parser/ParserImpl$ParseDocumentContent
instanceKlass org/yaml/snakeyaml/parser/ParserImpl$ParseDocumentEnd
instanceKlass org/yaml/snakeyaml/parser/ParserImpl$ParseDocumentStart
instanceKlass org/yaml/snakeyaml/scanner/Constant
instanceKlass org/yaml/snakeyaml/parser/ParserImpl$ParseImplicitDocumentStart
instanceKlass org/yaml/snakeyaml/events/Event
instanceKlass org/yaml/snakeyaml/Yaml$YamlIterable
instanceKlass org/yaml/snakeyaml/Yaml$1
instanceKlass org/yaml/snakeyaml/parser/ParserImpl$ParseStreamStart
instanceKlass org/yaml/snakeyaml/parser/Production
instanceKlass org/yaml/snakeyaml/parser/VersionTagsTuple
instanceKlass org/yaml/snakeyaml/tokens/Token
instanceKlass org/yaml/snakeyaml/error/Mark
instanceKlass org/yaml/snakeyaml/util/ArrayStack
instanceKlass org/yaml/snakeyaml/scanner/ScannerImpl
instanceKlass org/yaml/snakeyaml/scanner/Scanner
instanceKlass org/yaml/snakeyaml/reader/StreamReader
instanceKlass org/yaml/snakeyaml/parser/ParserImpl
instanceKlass org/yaml/snakeyaml/parser/Parser
instanceKlass org/yaml/snakeyaml/composer/Composer
instanceKlass org/yaml/snakeyaml/util/PlatformFeatureDetector
instanceKlass org/yaml/snakeyaml/introspector/PropertyUtils
instanceKlass org/yaml/snakeyaml/resolver/ResolverTuple
instanceKlass org/yaml/snakeyaml/resolver/Resolver
instanceKlass org/yaml/snakeyaml/representer/Representer$RepresentJavaBean
instanceKlass org/yaml/snakeyaml/representer/SafeRepresenter$RepresentEnum
instanceKlass org/yaml/snakeyaml/representer/SafeRepresenter$RepresentDate
instanceKlass org/yaml/snakeyaml/representer/SafeRepresenter$RepresentArray
instanceKlass org/yaml/snakeyaml/representer/SafeRepresenter$RepresentIterator
instanceKlass org/yaml/snakeyaml/representer/SafeRepresenter$RepresentSet
instanceKlass org/yaml/snakeyaml/representer/SafeRepresenter$RepresentMap
instanceKlass org/yaml/snakeyaml/representer/SafeRepresenter$RepresentList
instanceKlass org/yaml/snakeyaml/representer/SafeRepresenter$RepresentNumber
instanceKlass org/yaml/snakeyaml/representer/SafeRepresenter$RepresentPrimitiveArray
instanceKlass org/yaml/snakeyaml/representer/SafeRepresenter$RepresentByteArray
instanceKlass org/yaml/snakeyaml/representer/SafeRepresenter$RepresentUuid
instanceKlass org/yaml/snakeyaml/representer/SafeRepresenter$RepresentBoolean
instanceKlass org/yaml/snakeyaml/representer/SafeRepresenter$RepresentString
instanceKlass org/yaml/snakeyaml/representer/SafeRepresenter$RepresentNull
instanceKlass org/yaml/snakeyaml/representer/Represent
instanceKlass org/yaml/snakeyaml/serializer/NumberAnchorGenerator
instanceKlass org/yaml/snakeyaml/serializer/AnchorGenerator
instanceKlass org/yaml/snakeyaml/DumperOptions
instanceKlass org/yaml/snakeyaml/representer/BaseRepresenter
instanceKlass org/yaml/snakeyaml/constructor/SafeConstructor$ConstructYamlMap
instanceKlass org/yaml/snakeyaml/constructor/SafeConstructor$ConstructYamlSeq
instanceKlass org/yaml/snakeyaml/constructor/SafeConstructor$ConstructYamlSet
instanceKlass org/yaml/snakeyaml/external/com/google/gdata/util/common/base/UnicodeEscaper
instanceKlass org/yaml/snakeyaml/external/com/google/gdata/util/common/base/Escaper
instanceKlass org/yaml/snakeyaml/util/UriEncoder
instanceKlass org/yaml/snakeyaml/nodes/Tag
instanceKlass org/yaml/snakeyaml/TypeDescription
instanceKlass org/yaml/snakeyaml/constructor/AbstractConstruct
instanceKlass org/yaml/snakeyaml/constructor/Construct
instanceKlass org/yaml/snakeyaml/constructor/BaseConstructor
instanceKlass org/yaml/snakeyaml/LoaderOptions
instanceKlass org/springframework/boot/env/OriginTrackedYamlLoader$$Lambda$254
instanceKlass org/springframework/beans/factory/config/YamlProcessor$MatchCallback
instanceKlass org/springframework/beans/factory/config/YamlProcessor
instanceKlass org/springframework/boot/context/config/ConfigFileApplicationListener$Loader$$Lambda$253
instanceKlass org/springframework/boot/context/config/ConfigFileApplicationListener$Loader$$Lambda$252
instanceKlass org/springframework/boot/context/config/ConfigFileApplicationListener$Loader$$Lambda$251
instanceKlass java/util/Collections$2
instanceKlass org/springframework/boot/origin/OriginTrackedValue
instanceKlass org/springframework/boot/origin/TextResourceOrigin
instanceKlass org/springframework/boot/origin/TextResourceOrigin$Location
instanceKlass sun/net/DefaultProgressMeteringPolicy
instanceKlass sun/net/ProgressMeteringPolicy
instanceKlass sun/net/ProgressMonitor
instanceKlass org/springframework/boot/env/OriginTrackedPropertiesLoader$CharacterReader
instanceKlass org/springframework/boot/env/OriginTrackedPropertiesLoader
instanceKlass org/springframework/boot/context/config/ConfigFileApplicationListener$DocumentsCacheKey
instanceKlass org/springframework/cloud/bootstrap/BootstrapApplicationListener$DelegatingEnvironmentDecryptApplicationInitializer
instanceKlass org/springframework/cloud/bootstrap/BootstrapApplicationListener$BootstrapMarkerConfiguration
instanceKlass org/springframework/cloud/bootstrap/BootstrapApplicationListener$CloseContextOnFailureApplicationListener
instanceKlass org/springframework/cloud/bootstrap/BootstrapApplicationListener$AncestorInitializer
instanceKlass org/springframework/boot/autoconfigure/BackgroundPreinitializer$CharsetInitializer
instanceKlass org/springframework/boot/autoconfigure/BackgroundPreinitializer$JacksonInitializer
instanceKlass org/springframework/http/converter/json/Jackson2ObjectMapperBuilder$$Lambda$250
instanceKlass org/springframework/http/converter/json/Jackson2ObjectMapperBuilder$$Lambda$249
instanceKlass org/springframework/http/converter/json/Jackson2ObjectMapperBuilder$$Lambda$248
instanceKlass java/lang/invoke/LambdaForm$DMH
instanceKlass com/fasterxml/jackson/databind/deser/ValueInstantiators$Base
instanceKlass com/fasterxml/jackson/databind/type/TypeModifier
instanceKlass com/fasterxml/jackson/databind/util/ArrayBuilders
instanceKlass com/fasterxml/jackson/databind/ObjectMapper$1
instanceKlass com/fasterxml/jackson/databind/Module$SetupContext
instanceKlass com/fasterxml/jackson/datatype/jdk8/PackageVersion
instanceKlass com/fasterxml/jackson/databind/module/SimpleKeyDeserializers
instanceKlass com/fasterxml/jackson/databind/KeyDeserializer
instanceKlass com/fasterxml/jackson/datatype/jsr310/ser/ZonedDateTimeSerializer$$Lambda$247
instanceKlass com/fasterxml/jackson/datatype/jsr310/ser/ZonedDateTimeSerializer$$Lambda$246
instanceKlass java/lang/invoke/LambdaForm$DMH
instanceKlass com/fasterxml/jackson/datatype/jsr310/ser/ZonedDateTimeSerializer$$Lambda$245
instanceKlass com/fasterxml/jackson/datatype/jsr310/ser/OffsetDateTimeSerializer$$Lambda$244
instanceKlass com/fasterxml/jackson/datatype/jsr310/ser/OffsetDateTimeSerializer$$Lambda$243
instanceKlass com/fasterxml/jackson/datatype/jsr310/ser/OffsetDateTimeSerializer$$Lambda$242
instanceKlass java/lang/invoke/LambdaForm$DMH
instanceKlass com/fasterxml/jackson/datatype/jsr310/ser/InstantSerializer$$Lambda$241
instanceKlass java/util/function/ToIntFunction
instanceKlass com/fasterxml/jackson/datatype/jsr310/ser/InstantSerializer$$Lambda$240
instanceKlass com/fasterxml/jackson/datatype/jsr310/ser/InstantSerializer$$Lambda$239
instanceKlass java/util/function/ToLongFunction
instanceKlass java/lang/invoke/LambdaForm$DMH
instanceKlass com/fasterxml/jackson/databind/ser/Serializers$Base
instanceKlass com/fasterxml/jackson/databind/type/ClassKey
instanceKlass com/fasterxml/jackson/databind/deser/Deserializers$Base
instanceKlass com/fasterxml/jackson/datatype/jsr310/deser/InstantDeserializer$$Lambda$238
instanceKlass com/fasterxml/jackson/datatype/jsr310/deser/InstantDeserializer$$Lambda$237
instanceKlass com/fasterxml/jackson/datatype/jsr310/deser/InstantDeserializer$$Lambda$236
instanceKlass com/fasterxml/jackson/datatype/jsr310/deser/InstantDeserializer$$Lambda$235
instanceKlass com/fasterxml/jackson/datatype/jsr310/deser/InstantDeserializer$$Lambda$234
instanceKlass com/fasterxml/jackson/datatype/jsr310/deser/InstantDeserializer$$Lambda$233
instanceKlass com/fasterxml/jackson/datatype/jsr310/deser/InstantDeserializer$$Lambda$232
instanceKlass com/fasterxml/jackson/datatype/jsr310/deser/InstantDeserializer$$Lambda$231
instanceKlass com/fasterxml/jackson/datatype/jsr310/deser/InstantDeserializer$$Lambda$230
instanceKlass com/fasterxml/jackson/datatype/jsr310/deser/InstantDeserializer$$Lambda$229
instanceKlass com/fasterxml/jackson/datatype/jsr310/deser/InstantDeserializer$FromDecimalArguments
instanceKlass com/fasterxml/jackson/datatype/jsr310/deser/InstantDeserializer$$Lambda$228
instanceKlass com/fasterxml/jackson/datatype/jsr310/deser/InstantDeserializer$FromIntegerArguments
instanceKlass com/fasterxml/jackson/datatype/jsr310/deser/InstantDeserializer$$Lambda$227
instanceKlass com/fasterxml/jackson/databind/JsonDeserializer
instanceKlass com/fasterxml/jackson/databind/deser/NullValueProvider
instanceKlass com/fasterxml/jackson/databind/deser/ContextualDeserializer
instanceKlass com/fasterxml/jackson/core/Version
instanceKlass com/fasterxml/jackson/core/util/VersionUtil
instanceKlass com/fasterxml/jackson/datatype/jsr310/PackageVersion
instanceKlass com/fasterxml/jackson/databind/Module
instanceKlass com/fasterxml/jackson/databind/ser/BeanSerializerModifier
instanceKlass com/fasterxml/jackson/databind/ser/Serializers
instanceKlass com/fasterxml/jackson/databind/cfg/SerializerFactoryConfig
instanceKlass com/fasterxml/jackson/databind/ser/std/StdJdkSerializers
instanceKlass com/fasterxml/jackson/databind/ser/ContextualSerializer
instanceKlass com/fasterxml/jackson/databind/ser/std/NumberSerializers
instanceKlass com/fasterxml/jackson/databind/ser/SerializerFactory
instanceKlass com/fasterxml/jackson/databind/deser/DeserializerCache
instanceKlass com/fasterxml/jackson/databind/deser/std/StdKeyDeserializers
instanceKlass com/fasterxml/jackson/databind/deser/KeyDeserializers
instanceKlass com/fasterxml/jackson/databind/deser/ValueInstantiators
instanceKlass com/fasterxml/jackson/databind/AbstractTypeResolver
instanceKlass com/fasterxml/jackson/databind/deser/BeanDeserializerModifier
instanceKlass com/fasterxml/jackson/databind/cfg/DeserializerFactoryConfig
instanceKlass com/fasterxml/jackson/databind/PropertyName
instanceKlass com/fasterxml/jackson/databind/deser/Deserializers
instanceKlass com/fasterxml/jackson/databind/deser/DeserializerFactory
instanceKlass com/fasterxml/jackson/databind/ser/SerializerCache
instanceKlass com/fasterxml/jackson/databind/JsonSerializer
instanceKlass com/fasterxml/jackson/databind/jsonschema/SchemaAware
instanceKlass com/fasterxml/jackson/databind/jsonFormatVisitors/JsonFormatVisitable
instanceKlass com/fasterxml/jackson/databind/DatabindContext
instanceKlass com/fasterxml/jackson/databind/node/JsonNodeFactory
instanceKlass com/fasterxml/jackson/databind/node/JsonNodeCreator
instanceKlass com/fasterxml/jackson/databind/cfg/ContextAttributes
instanceKlass com/fasterxml/jackson/core/util/Separators
instanceKlass com/fasterxml/jackson/core/util/DefaultPrettyPrinter$NopIndenter
instanceKlass com/fasterxml/jackson/core/util/DefaultPrettyPrinter$Indenter
instanceKlass com/fasterxml/jackson/databind/cfg/ConfigFeature
instanceKlass com/fasterxml/jackson/databind/cfg/ConfigOverride
instanceKlass com/fasterxml/jackson/annotation/JsonFormat$Features
instanceKlass com/fasterxml/jackson/annotation/JsonFormat$Value
instanceKlass com/fasterxml/jackson/databind/cfg/MapperConfig
instanceKlass com/fasterxml/jackson/databind/introspect/VisibilityChecker$Std
instanceKlass com/fasterxml/jackson/databind/introspect/VisibilityChecker
instanceKlass com/fasterxml/jackson/annotation/JsonSetter$Value
instanceKlass com/fasterxml/jackson/annotation/JsonInclude$Value
instanceKlass com/fasterxml/jackson/annotation/JacksonAnnotationValue
instanceKlass com/fasterxml/jackson/databind/cfg/ConfigOverrides
instanceKlass com/fasterxml/jackson/databind/BeanDescription
instanceKlass com/fasterxml/jackson/databind/introspect/AnnotatedClass$Creators
instanceKlass com/fasterxml/jackson/databind/introspect/Annotated
instanceKlass com/fasterxml/jackson/databind/introspect/TypeResolutionContext
instanceKlass com/fasterxml/jackson/databind/introspect/AnnotationCollector$NoAnnotations
instanceKlass com/fasterxml/jackson/databind/util/Annotations
instanceKlass com/fasterxml/jackson/databind/introspect/AnnotationCollector
instanceKlass com/fasterxml/jackson/databind/introspect/AnnotatedClassResolver
instanceKlass com/fasterxml/jackson/databind/introspect/ClassIntrospector
instanceKlass com/fasterxml/jackson/databind/introspect/SimpleMixInResolver
instanceKlass com/fasterxml/jackson/databind/introspect/ClassIntrospector$MixInResolver
instanceKlass com/fasterxml/jackson/databind/util/RootNameLookup
instanceKlass com/fasterxml/jackson/databind/jsontype/SubtypeResolver
instanceKlass com/fasterxml/jackson/core/sym/ByteQuadsCanonicalizer$TableInfo
instanceKlass com/fasterxml/jackson/core/sym/ByteQuadsCanonicalizer
instanceKlass com/fasterxml/jackson/core/sym/CharsToNameCanonicalizer$Bucket
instanceKlass com/fasterxml/jackson/core/sym/CharsToNameCanonicalizer$TableInfo
instanceKlass com/fasterxml/jackson/core/sym/CharsToNameCanonicalizer
instanceKlass com/fasterxml/jackson/core/io/CharTypes
instanceKlass com/fasterxml/jackson/core/io/JsonStringEncoder
instanceKlass com/fasterxml/jackson/core/io/SerializedString
instanceKlass com/fasterxml/jackson/core/SerializableString
instanceKlass com/fasterxml/jackson/core/util/DefaultPrettyPrinter
instanceKlass com/fasterxml/jackson/core/util/Instantiatable
instanceKlass com/fasterxml/jackson/core/PrettyPrinter
instanceKlass com/fasterxml/jackson/core/TokenStreamFactory
instanceKlass com/fasterxml/jackson/databind/jsontype/PolymorphicTypeValidator
instanceKlass com/fasterxml/jackson/core/Base64Variant
instanceKlass com/fasterxml/jackson/core/Base64Variants
instanceKlass com/fasterxml/jackson/databind/JsonSerializable$Base
instanceKlass com/fasterxml/jackson/databind/JsonSerializable
instanceKlass com/fasterxml/jackson/core/TreeNode
instanceKlass com/fasterxml/jackson/databind/type/TypeBindings
instanceKlass com/fasterxml/jackson/databind/type/TypeParser
instanceKlass com/fasterxml/jackson/core/type/ResolvedType
instanceKlass com/fasterxml/jackson/databind/type/TypeFactory
instanceKlass com/fasterxml/jackson/databind/cfg/BaseSettings
instanceKlass com/fasterxml/jackson/databind/util/LRUMap
instanceKlass java/beans/ConstructorProperties
instanceKlass com/fasterxml/jackson/databind/util/ClassUtil$Ctor
instanceKlass com/fasterxml/jackson/databind/util/ClassUtil
instanceKlass com/fasterxml/jackson/databind/ext/Java7Support
instanceKlass com/fasterxml/jackson/annotation/JsonMerge
instanceKlass com/fasterxml/jackson/databind/annotation/JsonDeserialize
instanceKlass com/fasterxml/jackson/annotation/JsonManagedReference
instanceKlass com/fasterxml/jackson/annotation/JsonBackReference
instanceKlass com/fasterxml/jackson/annotation/JsonUnwrapped
instanceKlass com/fasterxml/jackson/annotation/JsonRawValue
instanceKlass com/fasterxml/jackson/annotation/JsonTypeInfo
instanceKlass com/fasterxml/jackson/annotation/JsonFormat
instanceKlass com/fasterxml/jackson/annotation/JsonView
instanceKlass com/fasterxml/jackson/databind/annotation/JsonSerialize
instanceKlass com/fasterxml/jackson/databind/AnnotationIntrospector
instanceKlass org/springframework/http/converter/json/Jackson2ObjectMapperBuilder
instanceKlass org/springframework/http/converter/GenericHttpMessageConverter
instanceKlass org/springframework/http/converter/xml/Jaxb2RootElementHttpMessageConverter$$Lambda$226
instanceKlass com/sun/org/apache/xalan/internal/utils/XMLSecurityManager
instanceKlass com/sun/org/apache/xalan/internal/utils/SecuritySupport$9
instanceKlass com/sun/org/apache/xalan/internal/utils/SecuritySupport$4
instanceKlass com/sun/org/apache/xalan/internal/utils/SecuritySupport
instanceKlass com/sun/org/apache/xalan/internal/utils/FeaturePropertyBase
instanceKlass jdk/xml/internal/SecuritySupport$2
instanceKlass jdk/xml/internal/SecuritySupport$1
instanceKlass jdk/xml/internal/SecuritySupport
instanceKlass jdk/xml/internal/JdkXmlFeatures
instanceKlass javax/xml/transform/ErrorListener
instanceKlass com/sun/org/apache/xalan/internal/xsltc/compiler/SourceLoader
instanceKlass javax/xml/transform/SecuritySupport$1
instanceKlass javax/xml/transform/FactoryFinder$1
instanceKlass javax/xml/transform/SecuritySupport$5
instanceKlass javax/xml/transform/SecuritySupport$2
instanceKlass javax/xml/transform/SecuritySupport
instanceKlass javax/xml/transform/FactoryFinder
instanceKlass javax/xml/transform/TransformerFactory
instanceKlass javax/xml/transform/stream/StreamSource
instanceKlass javax/xml/transform/stax/StAXSource
instanceKlass javax/xml/transform/sax/SAXSource
instanceKlass javax/xml/transform/dom/DOMSource
instanceKlass javax/xml/transform/Source
instanceKlass org/springframework/http/converter/xml/SourceHttpMessageConverter$$Lambda$225
instanceKlass javax/xml/stream/XMLResolver
instanceKlass java/lang/invoke/LambdaForm$DMH
instanceKlass org/springframework/http/converter/xml/SourceHttpMessageConverter$$Lambda$224
instanceKlass org/xml/sax/EntityResolver
instanceKlass java/lang/invoke/LambdaForm$DMH
instanceKlass sun/invoke/util/VerifyAccess$1
instanceKlass org/springframework/boot/availability/AvailabilityState
instanceKlass org/springframework/util/StopWatch$TaskInfo
instanceKlass org/springframework/util/ConcurrentReferenceHashMap$EntryIterator
instanceKlass java/util/AbstractMap$1$1
instanceKlass org/springframework/beans/CachedIntrospectionResults$$Lambda$223
instanceKlass org/springframework/beans/CachedIntrospectionResults$$Lambda$222
instanceKlass org/springframework/beans/CachedIntrospectionResults$$Lambda$221
instanceKlass org/springframework/context/support/LiveBeansView
instanceKlass org/springframework/context/support/LiveBeansViewMBean
instanceKlass org/springframework/boot/devtools/restart/classloader/ClassLoaderFile
instanceKlass org/springframework/boot/autoconfigure/condition/ConditionEvaluationReport$$Lambda$220
instanceKlass org/springframework/boot/autoconfigure/condition/ConditionEvaluationReport$$Lambda$219
instanceKlass java/lang/invoke/LambdaForm$MH
instanceKlass java/lang/invoke/LambdaForm$DMH
instanceKlass java/lang/invoke/LambdaForm$DMH
instanceKlass org/springframework/context/support/DefaultLifecycleProcessor$$Lambda$218
instanceKlass java/lang/invoke/LambdaForm$DMH
instanceKlass org/springframework/context/support/DefaultLifecycleProcessor
instanceKlass org/springframework/context/LifecycleProcessor
instanceKlass org/springframework/core/annotation/AnnotatedElementUtils$$Lambda$217
instanceKlass org/springframework/core/MethodIntrospector$$Lambda$216
instanceKlass org/springframework/core/MethodIntrospector
instanceKlass org/springframework/context/event/EventListenerMethodProcessor$$Lambda$215
instanceKlass org/springframework/core/MethodIntrospector$MetadataLookup
instanceKlass org/springframework/context/event/EventListener
instanceKlass org/springframework/aop/scope/ScopedObject
instanceKlass org/springframework/aop/RawTargetAccess
instanceKlass org/springframework/aop/framework/autoproxy/AutoProxyUtils
instanceKlass org/springframework/beans/factory/annotation/InitDestroyAnnotationBeanPostProcessor$LifecycleElement
instanceKlass org/springframework/jmx/export/annotation/ManagedResource
instanceKlass org/springframework/jmx/export/annotation/ManagedAttribute
instanceKlass org/springframework/core/BridgeMethodResolver$$Lambda$214
instanceKlass org/springframework/core/BridgeMethodResolver$$Lambda$213
instanceKlass org/springframework/jmx/export/annotation/ManagedOperation
instanceKlass org/springframework/core/log/CompositeLog$$Lambda$212
instanceKlass org/springframework/core/log/CompositeLog$$Lambda$211
instanceKlass org/springframework/beans/factory/support/ConstructorResolver$ArgumentsHolder
instanceKlass org/springframework/core/log/CompositeLog$$Lambda$210
instanceKlass org/springframework/core/log/CompositeLog$$Lambda$209
instanceKlass org/springframework/core/log/CompositeLog$$Lambda$208
instanceKlass org/springframework/core/log/CompositeLog$$Lambda$207
instanceKlass org/apache/commons/logging/impl/NoOpLog
instanceKlass org/springframework/core/log/CompositeLog
instanceKlass org/springframework/core/log/LogDelegateFactory
instanceKlass org/springframework/http/HttpLogging
instanceKlass org/springframework/http/converter/AbstractHttpMessageConverter
instanceKlass com/google/gson/Gson
instanceKlass com/fasterxml/jackson/core/JsonGenerator
instanceKlass com/fasterxml/jackson/core/TreeCodec
instanceKlass org/springframework/cloud/bootstrap/encrypt/EncryptionBootstrapConfiguration$FailsafeTextEncryptor
instanceKlass com/fasterxml/jackson/core/Versioned
instanceKlass javax/xml/bind/Binder
instanceKlass org/springframework/util/MimeType$SpecificityComparator
instanceKlass org/springframework/core/SimpleAliasRegistry$$Lambda$206
instanceKlass org/springframework/beans/factory/support/DefaultListableBeanFactory$$Lambda$205
instanceKlass org/springframework/http/MediaType$$Lambda$204
instanceKlass org/springframework/util/MimeType$$Lambda$203
instanceKlass org/springframework/util/LinkedCaseInsensitiveMap
instanceKlass org/springframework/util/MimeType
instanceKlass org/springframework/http/converter/FormHttpMessageConverter
instanceKlass org/springframework/http/converter/HttpMessageConverter
instanceKlass org/springframework/boot/context/properties/ConfigurationPropertiesBinder$$Lambda$202
instanceKlass java/lang/invoke/LambdaForm$DMH
instanceKlass org/springframework/boot/autoconfigure/BackgroundPreinitializer$MessageConverterInitializer
instanceKlass org/springframework/beans/factory/annotation/BeanFactoryAnnotationUtils
instanceKlass org/hibernate/validator/internal/engine/validationcontext/ValidatorScopedContext
instanceKlass org/springframework/boot/context/properties/ConversionServiceDeducer$Factory
instanceKlass javax/validation/groups/Default
instanceKlass org/springframework/core/NestedExceptionUtils
instanceKlass org/springframework/boot/context/properties/ConversionServiceDeducer
instanceKlass org/hibernate/validator/internal/engine/ValidatorImpl
instanceKlass javax/validation/executable/ExecutableValidator
instanceKlass org/springframework/beans/factory/support/DefaultListableBeanFactory$1
instanceKlass org/springframework/beans/factory/support/DefaultListableBeanFactory$BeanObjectProvider
instanceKlass org/springframework/boot/context/properties/ConfigurationPropertiesBindHandlerAdvisor
instanceKlass org/hibernate/validator/group/GroupSequenceProvider
instanceKlass org/springframework/core/annotation/SynthesizedMergedAnnotationInvocationHandler$$Lambda$201
instanceKlass org/springframework/core/annotation/SynthesizedMergedAnnotationInvocationHandler$$Lambda$200
instanceKlass javax/validation/GroupSequence
instanceKlass org/springframework/boot/context/properties/ConfigurationPropertiesBinder$$Lambda$199
instanceKlass org/hibernate/validator/internal/metadata/raw/BeanConfiguration
instanceKlass org/springframework/boot/context/properties/bind/AbstractBindHandler
instanceKlass org/hibernate/validator/internal/util/privilegedactions/GetDeclaredConstructors
instanceKlass org/hibernate/validator/internal/properties/javabean/JavaBeanHelper$JavaBeanPropertyImpl
instanceKlass org/hibernate/validator/spi/nodenameprovider/JavaBeanProperty
instanceKlass org/hibernate/validator/spi/nodenameprovider/Property
instanceKlass org/springframework/validation/annotation/Validated
instanceKlass org/hibernate/validator/internal/properties/Getter
instanceKlass org/hibernate/validator/internal/properties/Property
instanceKlass org/springframework/core/annotation/SynthesizedMergedAnnotationInvocationHandler
instanceKlass org/springframework/core/annotation/SynthesizedAnnotation
instanceKlass org/hibernate/validator/internal/metadata/provider/AnnotationMetaDataProvider$TypeArgumentExecutableParameterLocation
instanceKlass org/hibernate/validator/internal/metadata/core/AnnotationProcessingOptionsImpl$ExecutableParameterKey
instanceKlass java/util/concurrent/ConcurrentHashMap$MapEntry
instanceKlass org/springframework/cloud/bootstrap/config/PropertySourceLocator
instanceKlass org/springframework/core/SerializableTypeWrapper$FieldTypeProvider
instanceKlass org/hibernate/validator/internal/properties/javabean/JavaBeanParameter
instanceKlass org/springframework/core/annotation/AnnotatedElementUtils$AnnotatedElementForAnnotations
instanceKlass org/springframework/core/annotation/AnnotationUtils$$Lambda$198
instanceKlass org/springframework/beans/factory/ObjectProvider
instanceKlass org/springframework/beans/factory/InjectionPoint
instanceKlass org/hibernate/validator/internal/metadata/raw/AbstractConstrainedElement
instanceKlass org/hibernate/validator/internal/metadata/raw/ConstrainedElement
instanceKlass org/springframework/beans/factory/annotation/InjectionMetadata$InjectedElement
instanceKlass org/springframework/beans/factory/annotation/AutowiredAnnotationBeanPostProcessor$$Lambda$197
instanceKlass org/hibernate/validator/internal/util/TypeVariables
instanceKlass org/hibernate/validator/internal/metadata/aggregated/CascadingMetaDataBuilder
instanceKlass org/springframework/beans/factory/SmartFactoryBean
instanceKlass org/springframework/cloud/context/scope/GenericScope
instanceKlass javax/validation/groups/ConvertGroup$List
instanceKlass javax/validation/groups/ConvertGroup
instanceKlass javax/validation/Valid
instanceKlass org/hibernate/validator/internal/metadata/provider/AnnotationMetaDataProvider$TypeArgumentReturnValueLocation
instanceKlass org/hibernate/validator/internal/metadata/provider/AnnotationMetaDataProvider$TypeArgumentLocation
instanceKlass org/springframework/beans/factory/annotation/AutowiredAnnotationBeanPostProcessor$$Lambda$196
instanceKlass org/springframework/beans/factory/annotation/Lookup
instanceKlass org/springframework/context/weaving/LoadTimeWeaverAware
instanceKlass java/util/stream/Collectors$$Lambda$195
instanceKlass java/util/stream/Collectors$$Lambda$194
instanceKlass java/lang/invoke/LambdaForm$DMH
instanceKlass java/util/stream/Collectors$$Lambda$193
instanceKlass org/hibernate/validator/internal/metadata/provider/AnnotationMetaDataProvider$$Lambda$192
instanceKlass org/springframework/context/support/MessageSourceSupport
instanceKlass org/springframework/context/HierarchicalMessageSource
instanceKlass org/hibernate/validator/internal/metadata/descriptor/ConstraintDescriptorImpl
instanceKlass javax/validation/metadata/ConstraintDescriptor
instanceKlass org/springframework/boot/context/properties/ConfigurationPropertiesBean
instanceKlass org/springframework/beans/factory/annotation/AutowiredAnnotationBeanPostProcessor$$Lambda$191
instanceKlass org/springframework/beans/factory/annotation/AutowiredAnnotationBeanPostProcessor$$Lambda$190
instanceKlass org/springframework/context/annotation/CommonAnnotationBeanPostProcessor$$Lambda$189
instanceKlass org/springframework/context/annotation/CommonAnnotationBeanPostProcessor$$Lambda$188
instanceKlass org/hibernate/validator/internal/metadata/location/ConstraintLocation$1
instanceKlass org/springframework/beans/factory/annotation/InitDestroyAnnotationBeanPostProcessor$$Lambda$187
instanceKlass org/springframework/lang/Nullable
instanceKlass java/lang/invoke/LambdaForm$MH
instanceKlass org/springframework/orm/jpa/support/PersistenceAnnotationBeanPostProcessor$$Lambda$186
instanceKlass org/hibernate/validator/internal/properties/javabean/JavaBeanExecutable
instanceKlass org/springframework/orm/jpa/support/PersistenceAnnotationBeanPostProcessor$$Lambda$185
instanceKlass org/hibernate/validator/internal/properties/javabean/JavaBeanAnnotatedConstrainable
instanceKlass org/hibernate/validator/internal/properties/javabean/JavaBeanAnnotatedElement
instanceKlass org/springframework/util/ReflectionUtils$FieldCallback
instanceKlass javax/persistence/PersistenceUnit
instanceKlass javax/persistence/PersistenceContext
instanceKlass org/hibernate/validator/internal/properties/Callable
instanceKlass org/hibernate/validator/internal/properties/Constrainable
instanceKlass org/springframework/beans/factory/annotation/InjectionMetadata
instanceKlass javax/validation/Validator
instanceKlass org/springframework/boot/context/properties/ConfigurationPropertiesJsr303Validator
instanceKlass org/springframework/validation/Validator
instanceKlass org/hibernate/validator/internal/properties/javabean/JavaBeanHelper$JavaBeanConstrainableExecutable
instanceKlass org/hibernate/validator/spi/properties/ConstrainableExecutable
instanceKlass org/springframework/boot/context/properties/PropertySourcesDeducer
instanceKlass org/hibernate/validator/internal/util/privilegedactions/GetDeclaredMethods
instanceKlass org/hibernate/validator/internal/util/privilegedactions/GetDeclaredFields
instanceKlass org/springframework/util/ReflectionUtils$$Lambda$184
instanceKlass javax/annotation/PreDestroy
instanceKlass org/hibernate/validator/internal/metadata/provider/AnnotationMetaDataProvider
instanceKlass org/springframework/jndi/JndiTemplate
instanceKlass org/springframework/beans/factory/annotation/InitDestroyAnnotationBeanPostProcessor$LifecycleMetadata
instanceKlass org/hibernate/validator/internal/metadata/provider/ProgrammaticMetaDataProvider
instanceKlass org/hibernate/validator/internal/metadata/provider/MetaDataProvider
instanceKlass javax/xml/ws/WebServiceRef
instanceKlass javax/inject/Inject
instanceKlass org/hibernate/validator/internal/metadata/BeanMetaDataManagerImpl
instanceKlass org/springframework/beans/factory/annotation/Autowired
instanceKlass org/hibernate/validator/internal/engine/ValidatorFactoryImpl$$Lambda$183
instanceKlass org/hibernate/validator/internal/metadata/BeanMetaDataManager
instanceKlass org/springframework/context/support/PostProcessorRegistrationDelegate$BeanPostProcessorChecker
instanceKlass org/hibernate/validator/internal/engine/ValidatorFactoryImpl$BeanMetaDataManagerKey
instanceKlass org/hibernate/validator/internal/util/StringHelper
instanceKlass java/util/concurrent/ConcurrentHashMap$Traverser
instanceKlass org/springframework/beans/factory/support/AbstractBeanFactory$$Lambda$182
instanceKlass org/springframework/context/expression/CachedExpressionEvaluator
instanceKlass org/springframework/core/SimpleAliasRegistry$$Lambda$181
instanceKlass org/springframework/beans/factory/config/BeanDefinitionVisitor
instanceKlass org/springframework/context/support/PropertySourcesPlaceholderConfigurer$$Lambda$180
instanceKlass org/hibernate/validator/internal/metadata/core/AnnotationProcessingOptionsImpl
instanceKlass org/hibernate/validator/internal/metadata/core/AnnotationProcessingOptions
instanceKlass org/springframework/context/annotation/ImportAware
instanceKlass org/springframework/context/annotation/ConfigurationClassEnhancer$EnhancedConfiguration
instanceKlass org/springframework/util/DefaultPropertiesPersister
instanceKlass org/springframework/util/PropertiesPersister
instanceKlass org/hibernate/validator/internal/cfg/context/DefaultConstraintMapping
instanceKlass org/hibernate/validator/cfg/ConstraintMapping
instanceKlass org/springframework/beans/factory/support/ConstructorResolver
instanceKlass org/hibernate/validator/internal/engine/ValidatorFactoryConfigurationHelper$DefaultConstraintMappingBuilder
instanceKlass org/hibernate/validator/spi/cfg/ConstraintMappingContributor$ConstraintMappingBuilder
instanceKlass org/hibernate/validator/internal/engine/ServiceLoaderBasedConstraintMappingContributor
instanceKlass org/hibernate/validator/spi/cfg/ConstraintMappingContributor
instanceKlass org/hibernate/validator/internal/metadata/DefaultBeanMetaDataClassNormalizer
instanceKlass org/hibernate/validator/metadata/BeanMetaDataClassNormalizer
instanceKlass org/springframework/cloud/util/random/CachedRandomPropertySourceAutoConfiguration
instanceKlass org/hibernate/validator/internal/util/logging/formatter/ClassObjectFormatter
instanceKlass org/hibernate/validator/internal/properties/DefaultGetterPropertySelectionStrategy
instanceKlass org/hibernate/validator/spi/properties/GetterPropertySelectionStrategy
instanceKlass org/springframework/cloud/bootstrap/encrypt/KeyProperties$KeyStore
instanceKlass org/hibernate/validator/internal/properties/javabean/JavaBeanHelper
instanceKlass org/springframework/boot/autoconfigure/context/PropertyPlaceholderAutoConfiguration
instanceKlass org/hibernate/validator/internal/util/ExecutableHelper
instanceKlass org/hibernate/validator/internal/engine/ConstraintCreationContext
instanceKlass org/springframework/core/io/support/PropertiesLoaderSupport
instanceKlass com/fasterxml/classmate/util/ResolvedTypeCache
instanceKlass com/fasterxml/classmate/util/ClassKey
instanceKlass com/fasterxml/classmate/TypeBindings
instanceKlass com/fasterxml/classmate/members/RawMember
instanceKlass com/fasterxml/classmate/ResolvedType
instanceKlass com/fasterxml/classmate/TypeResolver
instanceKlass org/hibernate/validator/internal/util/TypeResolutionHelper
instanceKlass org/hibernate/validator/internal/constraintvalidators/hv/URLValidator
instanceKlass org/springframework/cloud/context/properties/ConfigurationPropertiesRebinder
instanceKlass org/hibernate/validator/constraints/URL
instanceKlass org/hibernate/validator/internal/constraintvalidators/hv/UniqueElementsValidator
instanceKlass org/springframework/cloud/autoconfigure/ConfigurationPropertiesRebinderAutoConfiguration
instanceKlass org/hibernate/validator/constraints/UniqueElements
instanceKlass org/hibernate/validator/constraints/br/TituloEleitoral
instanceKlass org/springframework/cloud/context/properties/ConfigurationPropertiesBeans
instanceKlass org/hibernate/validator/constraints/ScriptAssert
instanceKlass org/springframework/boot/autoconfigure/condition/ConditionalOnSingleCandidate
instanceKlass org/springframework/aop/scope/ScopedProxyUtils
instanceKlass org/hibernate/validator/constraints/pl/REGON
instanceKlass org/hibernate/validator/constraints/Range
instanceKlass org/springframework/core/annotation/AnnotatedElementUtils
instanceKlass org/hibernate/validator/constraints/pl/PESEL
instanceKlass org/springframework/context/annotation/BeanAnnotationHelper
instanceKlass org/springframework/cloud/bootstrap/encrypt/EnvironmentDecryptApplicationInitializer
instanceKlass org/springframework/cloud/bootstrap/encrypt/EncryptionBootstrapConfiguration
instanceKlass org/hibernate/validator/internal/constraintvalidators/hv/AbstractScriptAssertValidator
instanceKlass org/springframework/util/ReflectionUtils$$Lambda$179
instanceKlass org/springframework/util/ReflectionUtils$MethodCallback
instanceKlass org/springframework/beans/factory/support/AbstractAutowireCapableBeanFactory$$Lambda$178
instanceKlass org/hibernate/validator/constraints/ParameterScriptAssert
instanceKlass org/springframework/cloud/bootstrap/config/PropertySourceBootstrapConfiguration
instanceKlass org/hibernate/validator/constraints/NotEmpty
instanceKlass org/hibernate/validator/internal/constraintvalidators/hv/NotBlankValidator
instanceKlass org/springframework/boot/autoconfigure/condition/OnBeanCondition$MatchResult
instanceKlass org/hibernate/validator/constraints/NotBlank
instanceKlass org/springframework/boot/autoconfigure/condition/OnBeanCondition$Spec$$Lambda$177
instanceKlass org/springframework/boot/autoconfigure/condition/OnBeanCondition$Spec
instanceKlass org/hibernate/validator/constraints/pl/NIP
instanceKlass org/hibernate/validator/internal/constraintvalidators/hv/NormalizedValidator
instanceKlass org/hibernate/validator/constraints/Normalized
instanceKlass org/springframework/core/type/StandardMethodMetadata
instanceKlass org/hibernate/validator/constraints/Mod11Check
instanceKlass org/springframework/core/annotation/AnnotationAttributes$$Lambda$176
instanceKlass org/hibernate/validator/constraints/Mod10Check
instanceKlass org/springframework/cloud/bootstrap/encrypt/KeyProperties
instanceKlass org/hibernate/validator/constraints/ModCheck
instanceKlass org/springframework/boot/context/properties/ConstructorBinding
instanceKlass org/hibernate/validator/internal/constraintvalidators/hv/ModCheckBase
instanceKlass org/springframework/boot/context/properties/ConfigurationPropertiesBindConstructorProvider
instanceKlass org/hibernate/validator/constraints/LuhnCheck
instanceKlass org/hibernate/validator/internal/constraintvalidators/hv/CodePointLengthValidator
instanceKlass org/springframework/boot/context/properties/ConfigurationPropertiesBeanRegistrar$$Lambda$175
instanceKlass org/hibernate/validator/constraints/CodePointLength
instanceKlass org/hibernate/validator/internal/constraintvalidators/hv/LengthValidator
instanceKlass org/hibernate/validator/constraints/Length
instanceKlass org/hibernate/validator/internal/constraintvalidators/hv/ISBNValidator
instanceKlass org/springframework/boot/context/properties/ConfigurationProperties
instanceKlass org/hibernate/validator/constraints/ISBN
instanceKlass org/springframework/boot/context/properties/EnableConfigurationPropertiesRegistrar$$Lambda$174
instanceKlass org/hibernate/validator/constraints/Email
instanceKlass org/hibernate/validator/internal/constraintvalidators/hv/EANValidator
instanceKlass org/springframework/boot/context/properties/EnableConfigurationPropertiesRegistrar$$Lambda$173
instanceKlass org/springframework/boot/context/properties/EnableConfigurationPropertiesRegistrar$$Lambda$172
instanceKlass org/springframework/boot/context/properties/ConfigurationPropertiesBeanRegistrar
instanceKlass org/hibernate/validator/constraints/EAN
instanceKlass org/hibernate/validator/internal/constraintvalidators/hv/time/DurationMinValidator
instanceKlass org/springframework/boot/context/properties/ConfigurationBeanFactoryMetadata
instanceKlass org/hibernate/validator/constraints/time/DurationMin
instanceKlass org/springframework/boot/context/properties/BoundConfigurationProperties
instanceKlass org/hibernate/validator/internal/constraintvalidators/hv/time/DurationMaxValidator
instanceKlass org/springframework/boot/context/properties/ConfigurationPropertiesBinder$Factory
instanceKlass org/hibernate/validator/constraints/time/DurationMax
instanceKlass org/springframework/boot/context/properties/ConfigurationPropertiesBinder
instanceKlass org/hibernate/validator/constraints/CreditCardNumber
instanceKlass org/hibernate/validator/internal/constraintvalidators/hv/br/CPFValidator
instanceKlass org/springframework/boot/context/properties/ConfigurationPropertiesBindingPostProcessor
instanceKlass org/hibernate/validator/constraints/br/CPF
instanceKlass org/springframework/cloud/bootstrap/config/PropertySourceBootstrapProperties
instanceKlass org/hibernate/validator/internal/constraintvalidators/hv/br/CNPJValidator
instanceKlass org/hibernate/validator/constraints/br/CNPJ
instanceKlass org/springframework/context/annotation/ConfigurationClassBeanDefinitionReader$$Lambda$171
instanceKlass org/springframework/context/annotation/ConfigurationClassBeanDefinitionReader$$Lambda$170
instanceKlass org/springframework/context/annotation/ConfigurationClassBeanDefinitionReader$TrackedConditionEvaluator
instanceKlass javax/validation/constraints/Size
instanceKlass org/hibernate/validator/internal/constraintvalidators/bv/size/SizeValidatorForArraysOfPrimitives
instanceKlass org/hibernate/validator/internal/constraintvalidators/bv/size/SizeValidatorForMap
instanceKlass org/hibernate/validator/internal/constraintvalidators/bv/size/SizeValidatorForArray
instanceKlass org/hibernate/validator/internal/constraintvalidators/bv/size/SizeValidatorForCollection
instanceKlass org/hibernate/validator/internal/constraintvalidators/bv/size/SizeValidatorForCharSequence
instanceKlass javax/validation/constraints/PositiveOrZero
instanceKlass org/hibernate/validator/internal/constraintvalidators/bv/number/sign/PositiveOrZeroValidatorForCharSequence
instanceKlass org/hibernate/validator/internal/constraintvalidators/bv/number/sign/PositiveOrZeroValidatorForNumber
instanceKlass org/hibernate/validator/internal/constraintvalidators/bv/number/sign/PositiveOrZeroValidatorForByte
instanceKlass org/hibernate/validator/internal/constraintvalidators/bv/number/sign/PositiveOrZeroValidatorForShort
instanceKlass org/hibernate/validator/internal/constraintvalidators/bv/number/sign/PositiveOrZeroValidatorForInteger
instanceKlass org/springframework/context/annotation/ConfigurationMethod
instanceKlass org/hibernate/validator/internal/constraintvalidators/bv/number/sign/PositiveOrZeroValidatorForLong
instanceKlass org/hibernate/validator/internal/constraintvalidators/bv/number/sign/PositiveOrZeroValidatorForFloat
instanceKlass org/hibernate/validator/internal/constraintvalidators/bv/number/sign/PositiveOrZeroValidatorForDouble
instanceKlass org/hibernate/validator/internal/constraintvalidators/bv/number/sign/PositiveOrZeroValidatorForBigInteger
instanceKlass org/hibernate/validator/internal/constraintvalidators/bv/number/sign/PositiveOrZeroValidatorForBigDecimal
instanceKlass javax/validation/constraints/Positive
instanceKlass org/springframework/security/rsa/crypto/RsaSecretEncryptor
instanceKlass org/springframework/security/rsa/crypto/RsaKeyHolder
instanceKlass org/hibernate/validator/internal/constraintvalidators/bv/number/sign/PositiveValidatorForCharSequence
instanceKlass org/springframework/security/crypto/encrypt/BytesEncryptor
instanceKlass org/hibernate/validator/internal/constraintvalidators/bv/number/sign/PositiveValidatorForNumber
instanceKlass org/hibernate/validator/internal/constraintvalidators/bv/number/sign/PositiveValidatorForByte
instanceKlass org/hibernate/validator/internal/constraintvalidators/bv/number/sign/PositiveValidatorForShort
instanceKlass org/hibernate/validator/internal/constraintvalidators/bv/number/sign/PositiveValidatorForInteger
instanceKlass org/hibernate/validator/internal/constraintvalidators/bv/number/sign/PositiveValidatorForLong
instanceKlass org/hibernate/validator/internal/constraintvalidators/bv/number/sign/PositiveValidatorForFloat
instanceKlass org/hibernate/validator/internal/constraintvalidators/bv/number/sign/PositiveValidatorForDouble
instanceKlass org/hibernate/validator/internal/constraintvalidators/bv/number/sign/PositiveValidatorForBigInteger
instanceKlass org/springframework/boot/autoconfigure/condition/ConditionEvaluationReport$ConditionAndOutcome
instanceKlass org/hibernate/validator/internal/constraintvalidators/bv/number/sign/PositiveValidatorForBigDecimal
instanceKlass org/springframework/boot/autoconfigure/condition/ConditionEvaluationReport$ConditionAndOutcomes
instanceKlass org/hibernate/validator/internal/constraintvalidators/bv/PatternValidator
instanceKlass org/springframework/boot/autoconfigure/condition/ConditionOutcome
instanceKlass javax/validation/constraints/Pattern
instanceKlass javax/validation/constraints/PastOrPresent
instanceKlass org/springframework/boot/autoconfigure/condition/ConditionalOnMissingClass
instanceKlass org/springframework/boot/autoconfigure/condition/ConditionMessage$ItemsBuilder
instanceKlass org/springframework/boot/autoconfigure/condition/ConditionMessage$Builder
instanceKlass org/springframework/security/crypto/encrypt/TextEncryptor
instanceKlass org/springframework/boot/autoconfigure/condition/ConditionMessage
instanceKlass org/springframework/core/annotation/MergedAnnotationCollectors$$Lambda$169
instanceKlass java/lang/invoke/LambdaForm$DMH
instanceKlass org/springframework/core/annotation/TypeMappedAnnotation$$Lambda$168
instanceKlass org/springframework/core/annotation/MergedAnnotationCollectors$$Lambda$167
instanceKlass org/springframework/core/annotation/MergedAnnotationCollectors$$Lambda$166
instanceKlass java/lang/invoke/LambdaForm$DMH
instanceKlass org/springframework/core/annotation/MergedAnnotationCollectors$$Lambda$165
instanceKlass java/util/function/Function$$Lambda$164
instanceKlass org/springframework/core/annotation/MergedAnnotationCollectors
instanceKlass org/springframework/core/type/AnnotatedTypeMetadata$$Lambda$163
instanceKlass org/springframework/core/type/AnnotatedTypeMetadata$$Lambda$162
instanceKlass org/springframework/core/annotation/MergedAnnotationPredicates$UniquePredicate
instanceKlass org/springframework/core/annotation/MergedAnnotationPredicates
instanceKlass org/springframework/core/type/AnnotatedTypeMetadata$$Lambda$161
instanceKlass java/lang/invoke/LambdaForm$DMH
instanceKlass javax/validation/constraints/Past
instanceKlass org/springframework/core/annotation/MergedAnnotationsCollection$AnnotationsSpliterator
instanceKlass org/hibernate/validator/internal/constraintvalidators/bv/NullValidator
instanceKlass org/springframework/context/annotation/ConfigurationClassParser$DeferredImportSelectorGroupingHandler$$Lambda$160
instanceKlass javax/validation/constraints/Null
instanceKlass org/springframework/context/annotation/DeferredImportSelector$Group$Entry
instanceKlass org/hibernate/validator/internal/constraintvalidators/bv/NotNullValidator
instanceKlass java/util/stream/Nodes$ArrayNode
instanceKlass java/util/stream/Node$Builder
instanceKlass java/util/stream/Node$OfDouble
instanceKlass javax/validation/constraints/NotNull
instanceKlass java/util/stream/Node$OfLong
instanceKlass java/util/stream/Node$OfInt
instanceKlass java/util/stream/Node$OfPrimitive
instanceKlass java/util/stream/Nodes$EmptyNode
instanceKlass java/util/stream/Node
instanceKlass java/util/stream/Nodes
instanceKlass javax/validation/constraints/NotEmpty
instanceKlass org/springframework/cloud/bootstrap/BootstrapImportSelector$$Lambda$159
instanceKlass java/util/function/IntFunction
instanceKlass org/springframework/cloud/bootstrap/BootstrapImportSelector$$Lambda$158
instanceKlass java/util/ArrayList$ArrayListSpliterator
instanceKlass org/hibernate/validator/internal/constraintvalidators/bv/notempty/NotEmptyValidatorForArraysOfShort
instanceKlass org/hibernate/validator/internal/constraintvalidators/bv/notempty/NotEmptyValidatorForArraysOfLong
instanceKlass org/hibernate/validator/internal/constraintvalidators/bv/notempty/NotEmptyValidatorForArraysOfInt
instanceKlass org/hibernate/validator/internal/constraintvalidators/bv/notempty/NotEmptyValidatorForArraysOfFloat
instanceKlass org/hibernate/validator/internal/constraintvalidators/bv/notempty/NotEmptyValidatorForArraysOfDouble
instanceKlass org/hibernate/validator/internal/constraintvalidators/bv/notempty/NotEmptyValidatorForArraysOfChar
instanceKlass org/hibernate/validator/internal/constraintvalidators/bv/notempty/NotEmptyValidatorForArraysOfByte
instanceKlass org/hibernate/validator/internal/constraintvalidators/bv/notempty/NotEmptyValidatorForArraysOfBoolean
instanceKlass org/hibernate/validator/internal/constraintvalidators/bv/notempty/NotEmptyValidatorForMap
instanceKlass org/hibernate/validator/internal/constraintvalidators/bv/notempty/NotEmptyValidatorForArray
instanceKlass org/hibernate/validator/internal/constraintvalidators/bv/notempty/NotEmptyValidatorForCollection
instanceKlass org/hibernate/validator/internal/constraintvalidators/bv/notempty/NotEmptyValidatorForCharSequence
instanceKlass org/hibernate/validator/internal/constraintvalidators/bv/NotBlankValidator
instanceKlass javax/validation/constraints/NotBlank
instanceKlass javax/validation/constraints/NegativeOrZero
instanceKlass org/springframework/boot/autoconfigure/condition/ConditionalOnProperty
instanceKlass org/hibernate/validator/internal/constraintvalidators/bv/number/sign/NegativeOrZeroValidatorForCharSequence
instanceKlass org/hibernate/validator/internal/constraintvalidators/bv/number/sign/NegativeOrZeroValidatorForNumber
instanceKlass javax/annotation/PostConstruct
instanceKlass org/hibernate/validator/internal/constraintvalidators/bv/number/sign/NegativeOrZeroValidatorForByte
instanceKlass org/hibernate/validator/internal/constraintvalidators/bv/number/sign/NegativeOrZeroValidatorForShort
instanceKlass org/springframework/boot/autoconfigure/AutoConfigureOrder
instanceKlass org/hibernate/validator/internal/constraintvalidators/bv/number/sign/NegativeOrZeroValidatorForInteger
instanceKlass org/hibernate/validator/internal/constraintvalidators/bv/number/sign/NegativeOrZeroValidatorForLong
instanceKlass org/hibernate/validator/internal/constraintvalidators/bv/number/sign/NegativeOrZeroValidatorForFloat
instanceKlass org/springframework/core/type/classreading/MergedAnnotationReadingVisitor$$Lambda$157
instanceKlass org/hibernate/validator/internal/constraintvalidators/bv/number/sign/NegativeOrZeroValidatorForDouble
instanceKlass org/springframework/boot/autoconfigure/condition/ConditionalOnMissingBean
instanceKlass org/hibernate/validator/internal/constraintvalidators/bv/number/sign/NegativeOrZeroValidatorForBigInteger
instanceKlass org/hibernate/validator/internal/constraintvalidators/bv/number/sign/NegativeOrZeroValidatorForBigDecimal
instanceKlass org/springframework/context/annotation/ConfigurationCondition
instanceKlass javax/validation/constraints/Negative
instanceKlass org/hibernate/validator/internal/constraintvalidators/bv/number/sign/NegativeValidatorForCharSequence
instanceKlass org/hibernate/validator/internal/constraintvalidators/bv/number/sign/NegativeValidatorForNumber
instanceKlass org/hibernate/validator/internal/constraintvalidators/bv/number/sign/NegativeValidatorForByte
instanceKlass org/springframework/boot/autoconfigure/condition/ConditionalOnBean
instanceKlass org/hibernate/validator/internal/constraintvalidators/bv/number/sign/NegativeValidatorForShort
instanceKlass org/hibernate/validator/internal/constraintvalidators/bv/number/sign/NegativeValidatorForInteger
instanceKlass org/hibernate/validator/internal/constraintvalidators/bv/number/sign/NegativeValidatorForLong
instanceKlass org/hibernate/validator/internal/constraintvalidators/bv/number/sign/NegativeValidatorForFloat
instanceKlass org/hibernate/validator/internal/constraintvalidators/bv/number/sign/NegativeValidatorForDouble
instanceKlass org/hibernate/validator/internal/constraintvalidators/bv/number/sign/NegativeValidatorForBigInteger
instanceKlass java/lang/Deprecated
instanceKlass org/hibernate/validator/internal/constraintvalidators/bv/number/sign/NegativeValidatorForBigDecimal
instanceKlass org/springframework/core/type/classreading/SimpleMethodMetadataReadingVisitor$Source
instanceKlass javax/validation/constraints/Min
instanceKlass org/springframework/core/type/classreading/SimpleMethodMetadataReadingVisitor$$Lambda$156
instanceKlass org/springframework/core/type/classreading/SimpleMethodMetadataReadingVisitor$$Lambda$155
instanceKlass org/springframework/boot/autoconfigure/condition/SpringBootCondition
instanceKlass org/springframework/boot/autoconfigure/AutoConfigurationImportFilter
instanceKlass org/hibernate/validator/internal/constraintvalidators/bv/number/bound/AbstractMinValidator
instanceKlass org/springframework/boot/autoconfigure/condition/ConditionalOnClass
instanceKlass javax/validation/constraints/Max
instanceKlass org/springframework/core/type/classreading/SimpleAnnotationMetadata
instanceKlass org/springframework/core/annotation/MergedAnnotationsCollection
instanceKlass org/springframework/core/type/classreading/SimpleAnnotationMetadataReadingVisitor$$Lambda$154
instanceKlass org/springframework/core/type/classreading/SimpleMethodMetadata
instanceKlass org/springframework/core/type/MethodMetadata
instanceKlass org/springframework/asm/MethodVisitor
instanceKlass org/hibernate/validator/internal/constraintvalidators/bv/number/bound/AbstractMaxValidator
instanceKlass org/springframework/boot/context/properties/EnableConfigurationPropertiesRegistrar
instanceKlass org/springframework/context/annotation/ImportBeanDefinitionRegistrar
instanceKlass org/springframework/core/type/classreading/MergedAnnotationReadingVisitor$$Lambda$153
instanceKlass javax/validation/constraints/FutureOrPresent
instanceKlass org/springframework/boot/context/properties/EnableConfigurationProperties
instanceKlass org/springframework/core/annotation/TypeMappedAnnotation$$Lambda$152
instanceKlass org/springframework/asm/Type
instanceKlass org/springframework/asm/AnnotationVisitor
instanceKlass org/springframework/core/type/classreading/SimpleAnnotationMetadataReadingVisitor$$Lambda$151
instanceKlass org/springframework/core/type/classreading/SimpleAnnotationMetadataReadingVisitor$$Lambda$150
instanceKlass org/springframework/core/type/classreading/SimpleAnnotationMetadataReadingVisitor$Source
instanceKlass org/springframework/asm/Context
instanceKlass org/springframework/asm/Attribute
instanceKlass org/springframework/asm/ClassReader
instanceKlass org/springframework/asm/ClassVisitor
instanceKlass org/springframework/core/type/classreading/SimpleMetadataReader
instanceKlass org/springframework/cloud/bootstrap/BootstrapImportSelector$OrderedAnnotatedElement
instanceKlass org/springframework/cloud/bootstrap/BootstrapConfiguration
instanceKlass org/springframework/context/annotation/ConfigurationClassParser$DefaultDeferredImportSelectorGroup
instanceKlass org/springframework/context/annotation/DeferredImportSelector$Group
instanceKlass java/time/chrono/ChronoLocalDateImpl
instanceKlass org/springframework/context/annotation/ConfigurationClassParser$DeferredImportSelectorGroupingHandler$$Lambda$149
instanceKlass org/springframework/context/annotation/ConfigurationClassParser$DeferredImportSelectorGrouping
instanceKlass javax/validation/constraints/Future
instanceKlass org/springframework/context/annotation/ConfigurationClassParser$DeferredImportSelectorHandler$$Lambda$148
instanceKlass org/springframework/context/annotation/ConfigurationClassParser$DeferredImportSelectorGroupingHandler
instanceKlass org/springframework/context/annotation/ParserStrategyUtils
instanceKlass org/springframework/context/annotation/ComponentScans
instanceKlass org/springframework/context/annotation/PropertySource
instanceKlass org/springframework/context/annotation/PropertySources
instanceKlass org/springframework/context/annotation/ConfigurationClass
instanceKlass org/springframework/context/annotation/ComponentScanAnnotationParser
instanceKlass org/springframework/context/annotation/ConfigurationClassParser$SourceClass
instanceKlass org/hibernate/validator/internal/constraintvalidators/bv/time/AbstractJavaTimeValidator
instanceKlass org/springframework/context/annotation/ConfigurationClassParser$DeferredImportSelectorHandler
instanceKlass org/springframework/context/annotation/ImportRegistry
instanceKlass org/springframework/context/annotation/ConfigurationClassParser$$Lambda$147
instanceKlass org/hibernate/validator/internal/constraintvalidators/bv/time/AbstractEpochBasedTimeValidator
instanceKlass org/springframework/context/annotation/ConfigurationClassParser$DeferredImportSelectorHolder
instanceKlass org/springframework/context/annotation/ConfigurationClassParser$$Lambda$146
instanceKlass org/springframework/core/io/support/DefaultPropertySourceFactory
instanceKlass org/springframework/core/io/support/PropertySourceFactory
instanceKlass org/springframework/context/annotation/ConfigurationClassParser
instanceKlass org/hibernate/validator/internal/constraintvalidators/bv/time/AbstractInstantBasedTimeValidator
instanceKlass org/hibernate/validator/constraintvalidation/HibernateConstraintValidator
instanceKlass org/springframework/context/annotation/ConfigurationClassPostProcessor$$Lambda$145
instanceKlass org/springframework/core/annotation/AnnotationUtils
instanceKlass org/springframework/context/annotation/Bean
instanceKlass org/hibernate/validator/internal/constraintvalidators/AbstractEmailValidator
instanceKlass org/springframework/beans/BeanMetadataAttribute
instanceKlass org/springframework/aop/framework/AopInfrastructureBean
instanceKlass javax/validation/constraints/Email
instanceKlass org/springframework/context/annotation/ImportResource
instanceKlass org/springframework/core/Conventions
instanceKlass javax/validation/constraints/Digits
instanceKlass org/springframework/context/annotation/ConfigurationClassUtils
instanceKlass org/hibernate/validator/internal/constraintvalidators/bv/DigitsValidatorForNumber
instanceKlass org/springframework/beans/AbstractNestablePropertyAccessor$PropertyTokenHolder
instanceKlass org/hibernate/validator/internal/constraintvalidators/bv/DigitsValidatorForCharSequence
instanceKlass org/springframework/beans/factory/config/TypedStringValue
instanceKlass org/springframework/context/annotation/ConfigurationClassBeanDefinitionReader
instanceKlass org/springframework/core/convert/Property
instanceKlass org/springframework/beans/AbstractNestablePropertyAccessor$PropertyHandler
instanceKlass javax/validation/constraints/DecimalMin
instanceKlass org/hibernate/validator/internal/constraintvalidators/bv/number/bound/decimal/AbstractDecimalMinValidator
instanceKlass javax/validation/constraints/DecimalMax
instanceKlass org/hibernate/validator/internal/util/privilegedactions/IsClassPresent
instanceKlass org/springframework/core/BridgeMethodResolver
instanceKlass org/hibernate/validator/internal/constraintvalidators/bv/number/bound/decimal/AbstractDecimalMaxValidator
instanceKlass java/beans/SimpleBeanInfo
instanceKlass java/beans/Transient
instanceKlass org/hibernate/validator/internal/constraintvalidators/bv/AssertTrueValidator
instanceKlass com/sun/beans/WildcardTypeImpl
instanceKlass javax/validation/constraints/AssertTrue
instanceKlass com/sun/beans/TypeResolver
instanceKlass java/beans/MethodRef
instanceKlass com/sun/beans/util/Cache$CacheEntry
instanceKlass javax/validation/constraintvalidation/SupportedValidationTarget
instanceKlass com/sun/beans/util/Cache
instanceKlass com/sun/beans/finder/AbstractFinder
instanceKlass org/hibernate/validator/internal/engine/constraintvalidation/ClassBasedValidatorDescriptor
instanceKlass com/sun/beans/finder/ClassFinder
instanceKlass org/hibernate/validator/internal/engine/constraintvalidation/ConstraintValidatorDescriptor
instanceKlass org/springframework/beans/ExtendedBeanInfo
instanceKlass java/beans/BeanInfo
instanceKlass org/hibernate/validator/internal/constraintvalidators/bv/AssertFalseValidator
instanceKlass javax/validation/constraints/AssertFalse
instanceKlass org/hibernate/validator/internal/metadata/core/ConstraintHelper$ValidatorDescriptorMap
instanceKlass org/springframework/beans/ExtendedBeanInfoFactory
instanceKlass org/springframework/beans/BeanInfoFactory
instanceKlass org/springframework/beans/CachedIntrospectionResults
instanceKlass org/springframework/beans/PropertyAccessorUtils
instanceKlass org/springframework/beans/factory/support/DefaultSingletonBeanRegistry$$Lambda$144
instanceKlass org/springframework/beans/factory/support/DefaultSingletonBeanRegistry$$Lambda$139
instanceKlass org/hibernate/validator/internal/metadata/core/ConstraintHelper
instanceKlass org/hibernate/validator/internal/engine/valueextraction/ValueExtractorResolver
instanceKlass java/util/stream/Collectors$$Lambda$143
instanceKlass java/util/stream/Collectors$$Lambda$142
instanceKlass java/util/stream/Collectors$$Lambda$141
instanceKlass org/hibernate/validator/internal/engine/AbstractConfigurationImpl$$Lambda$140
instanceKlass java/util/HashMap$HashMapSpliterator
instanceKlass java/util/OptionalLong
instanceKlass org/hibernate/validator/internal/engine/valueextraction/OptionalLongValueExtractor
instanceKlass java/util/OptionalDouble
instanceKlass org/hibernate/validator/internal/engine/valueextraction/OptionalDoubleValueExtractor
instanceKlass org/hibernate/validator/internal/engine/valueextraction/AnnotatedObject
instanceKlass java/util/OptionalInt
instanceKlass org/hibernate/validator/internal/engine/valueextraction/OptionalIntValueExtractor
instanceKlass org/hibernate/validator/internal/engine/valueextraction/OptionalValueExtractor
instanceKlass org/hibernate/validator/internal/engine/valueextraction/IterableValueExtractor
instanceKlass org/hibernate/validator/internal/engine/valueextraction/MapKeyExtractor
instanceKlass org/hibernate/validator/internal/engine/valueextraction/MapValueExtractor
instanceKlass org/hibernate/validator/internal/engine/valueextraction/ListValueExtractor
instanceKlass org/hibernate/validator/internal/engine/valueextraction/ObjectArrayValueExtractor
instanceKlass sun/reflect/generics/tree/BooleanSignature
instanceKlass org/hibernate/validator/internal/engine/valueextraction/BooleanArrayValueExtractor
instanceKlass org/hibernate/validator/internal/engine/valueextraction/CharArrayValueExtractor
instanceKlass sun/reflect/generics/tree/DoubleSignature
instanceKlass org/hibernate/validator/internal/engine/valueextraction/DoubleArrayValueExtractor
instanceKlass sun/reflect/generics/tree/FloatSignature
instanceKlass org/hibernate/validator/internal/engine/valueextraction/FloatArrayValueExtractor
instanceKlass sun/reflect/generics/tree/LongSignature
instanceKlass org/hibernate/validator/internal/engine/valueextraction/LongArrayValueExtractor
instanceKlass sun/reflect/generics/tree/IntSignature
instanceKlass org/hibernate/validator/internal/engine/valueextraction/IntArrayValueExtractor
instanceKlass sun/reflect/generics/tree/ShortSignature
instanceKlass org/hibernate/validator/internal/engine/valueextraction/ShortArrayValueExtractor
instanceKlass org/hibernate/validator/internal/engine/valueextraction/ArrayElement
instanceKlass java/lang/reflect/AnnotatedArrayType
instanceKlass org/hibernate/validator/internal/engine/valueextraction/ByteArrayValueExtractor
instanceKlass org/hibernate/validator/internal/engine/valueextraction/ReadOnlySetPropertyValueExtractor
instanceKlass javafx/beans/binding/SetExpression
instanceKlass javafx/beans/value/ObservableSetValue
instanceKlass javafx/beans/value/WritableSetValue
instanceKlass javafx/collections/ObservableSet
instanceKlass org/hibernate/validator/internal/engine/valueextraction/SetPropertyValueExtractor
instanceKlass org/hibernate/validator/internal/engine/valueextraction/ReadOnlyMapPropertyKeyExtractor
instanceKlass org/hibernate/validator/internal/engine/valueextraction/MapPropertyKeyExtractor
instanceKlass org/hibernate/validator/internal/engine/valueextraction/ReadOnlyMapPropertyValueExtractor
instanceKlass org/springframework/beans/factory/support/DisposableBeanAdapter
instanceKlass org/springframework/beans/factory/DisposableBean
instanceKlass javafx/beans/binding/MapExpression
instanceKlass javafx/beans/value/ObservableMapValue
instanceKlass org/springframework/beans/factory/InitializingBean
instanceKlass javafx/beans/value/WritableMapValue
instanceKlass javafx/collections/ObservableMap
instanceKlass org/springframework/expression/spel/support/StandardTypeConverter
instanceKlass org/springframework/expression/TypeConverter
instanceKlass org/hibernate/validator/internal/engine/valueextraction/MapPropertyValueExtractor
instanceKlass org/springframework/expression/spel/support/StandardTypeLocator
instanceKlass org/springframework/expression/TypeLocator
instanceKlass org/hibernate/validator/internal/engine/valueextraction/ReadOnlyListPropertyValueExtractor
instanceKlass org/springframework/context/expression/BeanFactoryResolver
instanceKlass org/springframework/expression/BeanResolver
instanceKlass org/springframework/context/expression/EnvironmentAccessor
instanceKlass org/springframework/context/expression/MapAccessor
instanceKlass org/springframework/expression/spel/CompilablePropertyAccessor
instanceKlass org/springframework/asm/Opcodes
instanceKlass javafx/beans/binding/ListExpression
instanceKlass javafx/beans/value/ObservableListValue
instanceKlass javafx/beans/value/ObservableObjectValue
instanceKlass org/springframework/context/expression/BeanFactoryAccessor
instanceKlass javafx/beans/value/WritableListValue
instanceKlass org/springframework/expression/spel/support/ReflectivePropertyAccessor
instanceKlass javafx/collections/ObservableList
instanceKlass javafx/beans/value/WritableObjectValue
instanceKlass javafx/beans/property/Property
instanceKlass javafx/beans/value/WritableValue
instanceKlass javafx/beans/property/ReadOnlyProperty
instanceKlass org/springframework/context/expression/BeanExpressionContextAccessor
instanceKlass org/springframework/expression/PropertyAccessor
instanceKlass org/hibernate/validator/internal/engine/valueextraction/ListPropertyValueExtractor
instanceKlass org/springframework/expression/TypedValue
instanceKlass org/springframework/expression/spel/support/StandardOperatorOverloader
instanceKlass org/springframework/expression/OperatorOverloader
instanceKlass org/springframework/expression/spel/support/StandardTypeComparator
instanceKlass org/springframework/expression/TypeComparator
instanceKlass javax/validation/valueextraction/UnwrapByDefault
instanceKlass org/springframework/expression/spel/support/StandardEvaluationContext
instanceKlass java/lang/reflect/AnnotatedWildcardType
instanceKlass org/springframework/expression/EvaluationContext
instanceKlass org/springframework/expression/common/LiteralExpression
instanceKlass org/springframework/expression/Expression
instanceKlass org/hibernate/validator/internal/util/TypeHelper
instanceKlass org/springframework/beans/factory/config/AutowiredPropertyMarker
instanceKlass org/hibernate/validator/internal/engine/valueextraction/ValueExtractorDescriptor$Key
instanceKlass org/springframework/beans/factory/support/BeanDefinitionValueResolver
instanceKlass java/lang/reflect/AnnotatedParameterizedType
instanceKlass org/springframework/beans/factory/support/AbstractAutowireCapableBeanFactory$$Lambda$138
instanceKlass org/springframework/core/io/ContextResource
instanceKlass javax/validation/valueextraction/ExtractedValue
instanceKlass sun/reflect/annotation/TypeAnnotation$TypeAnnotationTargetInfo
instanceKlass sun/reflect/annotation/TypeAnnotation$LocationInfo$Location
instanceKlass sun/reflect/annotation/TypeAnnotation$LocationInfo
instanceKlass sun/reflect/annotation/AnnotatedTypeFactory$AnnotatedTypeBaseImpl
instanceKlass sun/reflect/annotation/AnnotatedTypeFactory
instanceKlass sun/reflect/annotation/TypeAnnotation
instanceKlass sun/reflect/annotation/TypeAnnotationParser
instanceKlass org/springframework/beans/BeanWrapper
instanceKlass org/springframework/beans/ConfigurablePropertyAccessor
instanceKlass org/springframework/beans/PropertyAccessor
instanceKlass org/hibernate/validator/internal/engine/valueextraction/ValueExtractorDescriptor
instanceKlass org/hibernate/validator/internal/engine/valueextraction/ObservableValueValueExtractor
instanceKlass org/springframework/beans/factory/parsing/PassThroughSourceExtractor
instanceKlass javafx/beans/value/ObservableValue
instanceKlass javafx/beans/Observable
instanceKlass org/springframework/beans/factory/support/AbstractBeanFactory$$Lambda$137
instanceKlass org/springframework/beans/factory/support/NullBean
instanceKlass org/springframework/beans/factory/BeanFactoryUtils$$Lambda$136
instanceKlass org/hibernate/validator/internal/engine/valueextraction/ValueExtractorManager$1
instanceKlass org/hibernate/validator/internal/engine/valueextraction/ValueExtractorManager
instanceKlass org/springframework/context/annotation/ComponentScan
instanceKlass org/springframework/beans/factory/config/RuntimeBeanReference
instanceKlass org/hibernate/validator/internal/engine/groups/ValidationOrderGenerator
instanceKlass org/hibernate/validator/internal/engine/constraintvalidation/ConstraintValidatorManagerImpl$1
instanceKlass javax/validation/ConstraintValidator
instanceKlass org/springframework/beans/factory/config/BeanReference
instanceKlass org/springframework/beans/MutablePropertyValues
instanceKlass org/springframework/beans/PropertyValues
instanceKlass org/springframework/beans/factory/support/BeanDefinitionBuilder
instanceKlass org/springframework/boot/autoconfigure/SharedMetadataReaderFactoryContextInitializer$CachingMetadataReaderFactoryPostProcessor$$Lambda$135
instanceKlass org/springframework/boot/autoconfigure/SharedMetadataReaderFactoryContextInitializer$SharedMetadataReaderFactoryBean
instanceKlass org/springframework/beans/factory/FactoryBean
instanceKlass org/springframework/context/support/PostProcessorRegistrationDelegate
instanceKlass org/hibernate/validator/internal/engine/constraintvalidation/AbstractConstraintValidatorManagerImpl
instanceKlass org/hibernate/validator/internal/engine/constraintvalidation/ConstraintValidatorManager
instanceKlass org/springframework/context/support/ApplicationListenerDetector
instanceKlass org/springframework/beans/factory/ObjectFactory
instanceKlass org/springframework/context/MessageSourceAware
instanceKlass org/springframework/context/ApplicationEventPublisherAware
instanceKlass org/hibernate/validator/internal/engine/constraintvalidation/HibernateConstraintValidatorInitializationContextImpl
instanceKlass org/hibernate/validator/constraintvalidation/HibernateConstraintValidatorInitializationContext
instanceKlass org/springframework/beans/factory/config/BeanExpressionContext
instanceKlass org/springframework/beans/factory/config/EmbeddedValueResolver
instanceKlass org/springframework/util/StringValueResolver
instanceKlass org/springframework/context/support/ApplicationContextAwareProcessor
instanceKlass org/springframework/beans/support/ResourceEditorRegistrar
instanceKlass org/springframework/beans/PropertyEditorRegistrar
instanceKlass org/hibernate/validator/spi/scripting/AbstractCachingScriptEvaluatorFactory
instanceKlass org/hibernate/validator/spi/scripting/ScriptEvaluatorFactory
instanceKlass org/springframework/expression/spel/SpelParserConfiguration
instanceKlass org/springframework/expression/common/TemplateAwareExpressionParser
instanceKlass org/springframework/expression/ExpressionParser
instanceKlass org/hibernate/validator/internal/util/ExecutableParameterNameProvider
instanceKlass org/springframework/context/expression/StandardBeanExpressionResolver$1
instanceKlass org/springframework/expression/ParserContext
instanceKlass org/springframework/context/expression/StandardBeanExpressionResolver
instanceKlass org/springframework/beans/factory/config/BeanExpressionResolver
instanceKlass javax/el/ELUtil
instanceKlass javax/el/ELManager
instanceKlass ch/qos/logback/core/pattern/SpacePadder
instanceKlass javax/el/FactoryFinder
instanceKlass java/text/DontCareFieldPosition$1
instanceKlass java/text/Format$FieldDelegate
instanceKlass javax/el/ExpressionFactory
instanceKlass ch/qos/logback/classic/util/LogbackMDCAdapter
instanceKlass org/slf4j/spi/MDCAdapter
instanceKlass org/hibernate/validator/internal/util/ConcurrentReferenceHashMap$HashEntry
instanceKlass org/slf4j/impl/StaticMDCBinder
instanceKlass org/slf4j/MDC
instanceKlass ch/qos/logback/classic/spi/EventArgUtil
instanceKlass ch/qos/logback/classic/spi/LoggingEvent
instanceKlass ch/qos/logback/classic/spi/ILoggingEvent
instanceKlass ch/qos/logback/core/spi/DeferredProcessingAware
instanceKlass org/springframework/boot/devtools/logger/DevToolsLogFactory$Listener$$Lambda$134
instanceKlass org/springframework/beans/factory/BeanFactoryUtils
instanceKlass org/hibernate/validator/internal/engine/messageinterpolation/DefaultLocaleResolverContext
instanceKlass org/springframework/boot/context/config/ConfigFileApplicationListener$PropertySourceOrderingPostProcessor
instanceKlass org/hibernate/validator/spi/messageinterpolation/LocaleResolverContext
instanceKlass org/springframework/boot/logging/DeferredLog$1
instanceKlass org/springframework/boot/devtools/restart/ClassLoaderFilesResourcePatternResolver$ResourcePatternResolverFactory$$Lambda$133
instanceKlass org/hibernate/validator/internal/util/logging/Messages_$bundle
instanceKlass org/jboss/logging/Messages
instanceKlass org/hibernate/validator/internal/util/logging/Messages
instanceKlass org/hibernate/validator/internal/engine/messageinterpolation/DefaultLocaleResolver
instanceKlass org/hibernate/validator/spi/messageinterpolation/LocaleResolver
instanceKlass org/springframework/boot/devtools/restart/ClassLoaderFilesResourcePatternResolver$ResourcePatternResolverFactory
instanceKlass org/hibernate/validator/internal/util/Contracts
instanceKlass java/lang/reflect/AnnotatedType
instanceKlass org/hibernate/validator/resourceloading/PlatformResourceBundleLocator
instanceKlass org/hibernate/validator/spi/resourceloading/ResourceBundleLocator
instanceKlass org/springframework/boot/devtools/restart/ClassLoaderFilesResourcePatternResolver
instanceKlass org/springframework/beans/factory/support/BeanDefinitionReaderUtils
instanceKlass org/hibernate/validator/messageinterpolation/AbstractMessageInterpolator
instanceKlass javax/validation/MessageInterpolator
instanceKlass org/hibernate/validator/internal/engine/ValidatorFactoryScopedContext
instanceKlass org/springframework/context/annotation/Description
instanceKlass org/hibernate/validator/internal/metadata/aggregated/rule/MethodConfigurationRule
instanceKlass org/springframework/context/annotation/Role
instanceKlass org/springframework/context/annotation/DependsOn
instanceKlass org/springframework/context/annotation/Primary
instanceKlass org/springframework/context/annotation/Lazy
instanceKlass org/hibernate/validator/internal/engine/MethodValidationConfiguration
instanceKlass org/springframework/core/type/AnnotationMetadata$$Lambda$132
instanceKlass java/lang/invoke/LambdaForm$BMH
instanceKlass org/springframework/core/type/AnnotationMetadata$$Lambda$131
instanceKlass org/springframework/core/type/AnnotationMetadata$$Lambda$130
instanceKlass org/hibernate/validator/internal/engine/ValidatorFactoryConfigurationHelper
instanceKlass org/springframework/context/annotation/AnnotationBeanNameGenerator$$Lambda$129
instanceKlass org/springframework/core/annotation/AbstractMergedAnnotation$$Lambda$128
instanceKlass org/hibernate/validator/internal/engine/ValidatorFactoryImpl
instanceKlass org/hibernate/validator/HibernateValidatorFactory
instanceKlass javax/validation/ValidatorFactory
instanceKlass org/springframework/core/annotation/TypeMappedAnnotation$$Lambda$127
instanceKlass java/util/stream/Collectors$$Lambda$126
instanceKlass java/util/stream/Collectors$$Lambda$125
instanceKlass org/springframework/core/type/AnnotationMetadata$$Lambda$124
instanceKlass org/springframework/core/type/AnnotationMetadata$$Lambda$123
instanceKlass org/springframework/core/type/AnnotationMetadata$$Lambda$122
instanceKlass java/lang/invoke/LambdaForm$DMH
instanceKlass org/hibernate/validator/internal/engine/resolver/JPATraversableResolver
instanceKlass javax/validation/TraversableResolver
instanceKlass org/springframework/core/annotation/TypeMappedAnnotations$Aggregate
instanceKlass javax/persistence/Persistence$PersistenceUtilImpl
instanceKlass org/springframework/core/annotation/TypeMappedAnnotations$AggregatesCollector
instanceKlass org/springframework/core/annotation/TypeMappedAnnotations$AggregatesSpliterator
instanceKlass org/hibernate/validator/internal/util/ReflectionHelper
instanceKlass org/springframework/core/annotation/AnnotationTypeMappings$$Lambda$121
instanceKlass org/springframework/context/annotation/ScopeMetadata
instanceKlass org/hibernate/validator/internal/util/privilegedactions/NewInstance
instanceKlass org/springframework/core/annotation/AnnotationTypeMapping$$Lambda$120
instanceKlass javax/persistence/PersistenceUtil
instanceKlass org/hibernate/validator/internal/util/privilegedactions/GetMethod
instanceKlass javax/persistence/Persistence
instanceKlass sun/reflect/ClassDefiner$1
instanceKlass sun/reflect/ClassDefiner
instanceKlass sun/reflect/MethodAccessorGenerator$1
instanceKlass sun/reflect/Label$PatchInfo
instanceKlass org/hibernate/validator/internal/util/privilegedactions/LoadClass
instanceKlass sun/reflect/Label
instanceKlass sun/reflect/UTF8
instanceKlass sun/reflect/ClassFileAssembler
instanceKlass sun/reflect/ByteVectorImpl
instanceKlass sun/reflect/ByteVector
instanceKlass org/hibernate/validator/internal/engine/resolver/TraversableResolvers
instanceKlass sun/reflect/ByteVectorFactory
instanceKlass sun/reflect/AccessorGenerator
instanceKlass sun/reflect/ClassFileConstants
instanceKlass org/springframework/core/annotation/AnnotationTypeMapping$$Lambda$119
instanceKlass org/hibernate/validator/internal/xml/config/BootstrapConfigurationImpl
instanceKlass javax/validation/BootstrapConfiguration
instanceKlass org/springframework/core/annotation/TypeMappedAnnotations$IsPresent
instanceKlass org/springframework/context/annotation/Conditional
instanceKlass org/springframework/cloud/bootstrap/BootstrapImportSelector
instanceKlass org/springframework/context/annotation/DeferredImportSelector
instanceKlass org/springframework/context/annotation/ImportSelector
instanceKlass org/hibernate/validator/internal/xml/config/ResourceLoaderHelper
instanceKlass org/springframework/context/annotation/Import
instanceKlass org/springframework/context/annotation/Configuration
instanceKlass org/hibernate/validator/internal/xml/config/ValidationXmlParser
instanceKlass org/springframework/core/type/StandardClassMetadata
instanceKlass org/springframework/core/type/AnnotationMetadata
instanceKlass org/springframework/core/type/AnnotatedTypeMetadata
instanceKlass org/springframework/core/type/ClassMetadata
instanceKlass org/hibernate/validator/internal/util/privilegedactions/GetInstancesFromServiceLoader
instanceKlass javax/validation/valueextraction/ValueExtractor
instanceKlass org/springframework/beans/factory/annotation/AnnotatedBeanDefinition
instanceKlass org/hibernate/validator/internal/util/privilegedactions/GetClassLoader
instanceKlass org/hibernate/validator/internal/engine/DefaultPropertyNodeNameProvider
instanceKlass org/hibernate/validator/spi/nodenameprovider/PropertyNodeNameProvider
instanceKlass org/hibernate/validator/internal/engine/DefaultClockProvider
instanceKlass javax/validation/ClockProvider
instanceKlass org/hibernate/validator/internal/engine/DefaultParameterNameProvider
instanceKlass javax/validation/ParameterNameProvider
instanceKlass org/hibernate/validator/internal/engine/constraintvalidation/ConstraintValidatorFactoryImpl
instanceKlass javax/validation/ConstraintValidatorFactory
instanceKlass org/springframework/util/xml/XmlValidationModeDetector
instanceKlass org/springframework/util/xml/SimpleSaxErrorHandler
instanceKlass org/xml/sax/ErrorHandler
instanceKlass org/springframework/beans/factory/xml/DefaultDocumentLoader
instanceKlass org/springframework/beans/factory/xml/DocumentLoader
instanceKlass org/hibernate/validator/internal/xml/config/ValidationBootstrapParameters
instanceKlass org/springframework/beans/factory/parsing/NullSourceExtractor
instanceKlass org/hibernate/validator/internal/engine/MethodValidationConfiguration$Builder
instanceKlass org/springframework/beans/factory/parsing/SourceExtractor
instanceKlass org/hibernate/validator/internal/util/CollectionHelper
instanceKlass org/springframework/beans/factory/parsing/EmptyReaderEventListener
instanceKlass org/springframework/beans/factory/parsing/ReaderEventListener
instanceKlass org/springframework/beans/factory/parsing/FailFastProblemReporter
instanceKlass org/springframework/beans/factory/parsing/ProblemReporter
instanceKlass org/apache/logging/slf4j/SLF4JLogger$1
instanceKlass org/springframework/beans/factory/xml/DefaultBeanDefinitionDocumentReader
instanceKlass org/springframework/beans/factory/xml/BeanDefinitionDocumentReader
instanceKlass org/springframework/beans/factory/support/DefaultBeanNameGenerator
instanceKlass org/springframework/core/Constants
instanceKlass org/jboss/logging/Log4j2LoggerProvider
instanceKlass org/springframework/beans/factory/support/AbstractBeanDefinitionReader
instanceKlass org/springframework/beans/factory/support/BeanDefinitionReader
instanceKlass org/apache/logging/log4j/spi/LoggerRegistry$ConcurrentMapFactory
instanceKlass org/apache/logging/log4j/spi/LoggerRegistry$MapFactory
instanceKlass org/apache/logging/log4j/spi/LoggerRegistry
instanceKlass org/apache/logging/slf4j/SLF4JLoggerContext
instanceKlass org/apache/logging/log4j/spi/LoggerContext
instanceKlass org/springframework/boot/autoconfigure/condition/ConditionEvaluationReport$AncestorsMatchedCondition
instanceKlass org/springframework/context/annotation/Condition
instanceKlass org/springframework/boot/autoconfigure/condition/ConditionEvaluationReport
instanceKlass org/springframework/boot/autoconfigure/logging/ConditionEvaluationReportLoggingListener$ConditionEvaluationReportListener
instanceKlass org/apache/logging/slf4j/MDCContextMap
instanceKlass org/apache/logging/log4j/spi/CleanableThreadContextMap
instanceKlass org/apache/logging/log4j/spi/ThreadContextMap2
instanceKlass org/apache/logging/log4j/spi/ThreadContextMap
instanceKlass org/springframework/boot/devtools/restart/RestartScopeInitializer$RestartScope
instanceKlass org/springframework/beans/factory/config/Scope
instanceKlass org/apache/logging/slf4j/SLF4JLoggerContextFactory
instanceKlass org/apache/logging/log4j/spi/LoggerContextFactory
instanceKlass org/apache/logging/log4j/util/ProviderUtil
instanceKlass org/springframework/boot/rsocket/context/RSocketPortInfoApplicationContextInitializer$Listener
instanceKlass org/springframework/boot/context/ConfigurationWarningsApplicationContextInitializer$ComponentScanPackageCheck
instanceKlass org/springframework/boot/context/ConfigurationWarningsApplicationContextInitializer$Check
instanceKlass org/springframework/boot/context/ConfigurationWarningsApplicationContextInitializer$ConfigurationWarningsPostProcessor
instanceKlass org/apache/logging/log4j/Level
instanceKlass org/springframework/beans/factory/support/DefaultListableBeanFactory$$Lambda$118
instanceKlass org/springframework/beans/factory/support/DefaultListableBeanFactory$$Lambda$117
instanceKlass org/springframework/boot/context/ContextIdApplicationContextInitializer$ContextId
instanceKlass org/apache/logging/log4j/util/Strings
instanceKlass org/springframework/boot/autoconfigure/SharedMetadataReaderFactoryContextInitializer$CachingMetadataReaderFactoryPostProcessor
instanceKlass java/util/concurrent/ConcurrentLinkedQueue$Node
instanceKlass java/util/concurrent/locks/ReentrantReadWriteLock$WriteLock
instanceKlass java/util/concurrent/locks/ReentrantReadWriteLock$ReadLock
instanceKlass java/util/concurrent/locks/ReentrantReadWriteLock
instanceKlass java/util/concurrent/locks/ReadWriteLock
instanceKlass org/springframework/context/index/CandidateComponentsIndexLoader$$Lambda$116
instanceKlass org/springframework/context/index/CandidateComponentsIndex
instanceKlass org/springframework/context/index/CandidateComponentsIndexLoader
instanceKlass org/springframework/core/io/DefaultResourceLoader$$Lambda$115
instanceKlass org/springframework/core/type/classreading/MetadataReader
instanceKlass org/springframework/core/type/classreading/SimpleMetadataReaderFactory
instanceKlass org/springframework/core/type/classreading/MetadataReaderFactory
instanceKlass org/springframework/core/io/support/ResourcePatternUtils
instanceKlass javax/inject/Named
instanceKlass org/apache/logging/log4j/message/DefaultFlowMessageFactory
instanceKlass org/apache/logging/log4j/message/FlowMessageFactory
instanceKlass javax/annotation/ManagedBean
instanceKlass org/apache/logging/log4j/util/PropertySource$Util
instanceKlass java/util/Collections$UnmodifiableMap$UnmodifiableEntrySet$1
instanceKlass java/lang/Package$1
instanceKlass org/apache/logging/log4j/util/PropertiesUtil$Environment$2
instanceKlass java/util/TreeMap$PrivateEntryIterator
instanceKlass org/springframework/stereotype/Indexed
instanceKlass org/apache/logging/log4j/util/SystemPropertiesPropertySource
instanceKlass org/springframework/stereotype/Component
instanceKlass org/springframework/core/type/filter/AbstractTypeHierarchyTraversingFilter
instanceKlass org/apache/logging/log4j/util/EnvironmentPropertySource
instanceKlass org/springframework/core/type/filter/TypeFilter
instanceKlass org/springframework/beans/factory/support/BeanDefinitionDefaults
instanceKlass org/apache/logging/log4j/util/PropertiesUtil$Environment$1
instanceKlass org/apache/logging/log4j/util/BiConsumer
instanceKlass org/springframework/context/annotation/ClassPathScanningCandidateComponentProvider
instanceKlass org/apache/logging/log4j/util/PropertySource$Comparator
instanceKlass org/springframework/context/event/DefaultEventListenerFactory
instanceKlass org/springframework/context/event/EventListenerFactory
instanceKlass org/springframework/context/event/EventListenerMethodProcessor
instanceKlass org/springframework/beans/factory/SmartInitializingSingleton
instanceKlass org/apache/logging/log4j/util/LoaderUtil$ThreadContextClassLoaderGetter
instanceKlass org/apache/logging/log4j/util/LoaderUtil
instanceKlass org/apache/logging/log4j/util/PropertiesPropertySource
instanceKlass org/apache/logging/log4j/util/PropertySource
instanceKlass org/springframework/beans/factory/annotation/InitDestroyAnnotationBeanPostProcessor
instanceKlass org/apache/logging/log4j/util/PropertiesUtil$Environment
instanceKlass org/apache/logging/log4j/util/PropertiesUtil
instanceKlass org/springframework/beans/factory/config/InstantiationAwareBeanPostProcessorAdapter
instanceKlass org/springframework/beans/factory/config/SmartInstantiationAwareBeanPostProcessor
instanceKlass org/apache/logging/log4j/util/Constants
instanceKlass org/apache/logging/log4j/message/AbstractMessageFactory
instanceKlass org/apache/logging/log4j/message/ReusableMessageFactory
instanceKlass org/apache/logging/log4j/message/MessageFactory2
instanceKlass org/apache/logging/log4j/message/MessageFactory
instanceKlass org/springframework/beans/factory/config/BeanDefinitionHolder
instanceKlass org/springframework/beans/factory/support/DefaultListableBeanFactory$$Lambda$114
instanceKlass org/apache/logging/log4j/MarkerManager$Log4jMarker
instanceKlass org/apache/logging/log4j/util/StringBuilderFormattable
instanceKlass org/springframework/beans/factory/support/DefaultListableBeanFactory$$Lambda$113
instanceKlass org/apache/logging/log4j/Marker
instanceKlass org/springframework/beans/factory/support/MethodOverrides
instanceKlass org/apache/logging/log4j/MarkerManager
instanceKlass org/springframework/context/annotation/ConfigurationClassPostProcessor
instanceKlass org/springframework/context/EnvironmentAware
instanceKlass org/springframework/context/ResourceLoaderAware
instanceKlass org/springframework/beans/factory/support/BeanDefinitionRegistryPostProcessor
instanceKlass org/springframework/beans/factory/config/BeanFactoryPostProcessor
instanceKlass org/apache/logging/log4j/spi/AbstractLogger
instanceKlass org/springframework/core/AttributeAccessorSupport
instanceKlass org/springframework/beans/factory/config/BeanDefinition
instanceKlass org/springframework/beans/BeanMetadataElement
instanceKlass org/springframework/core/AttributeAccessor
instanceKlass org/apache/logging/log4j/spi/LocationAwareLogger
instanceKlass javax/inject/Qualifier
instanceKlass org/springframework/beans/factory/annotation/Qualifier
instanceKlass org/springframework/orm/jpa/support/PersistenceAnnotationBeanPostProcessor
instanceKlass org/springframework/beans/factory/support/MergedBeanDefinitionPostProcessor
instanceKlass org/springframework/beans/factory/config/DestructionAwareBeanPostProcessor
instanceKlass org/springframework/beans/factory/config/InstantiationAwareBeanPostProcessor
instanceKlass org/springframework/beans/factory/config/BeanPostProcessor
instanceKlass javax/persistence/EntityManagerFactory
instanceKlass javax/annotation/Resource
instanceKlass org/springframework/context/annotation/AnnotationConfigUtils
instanceKlass org/springframework/context/annotation/ConditionEvaluator$ConditionContextImpl
instanceKlass org/springframework/context/annotation/ConditionContext
instanceKlass org/springframework/context/annotation/ConditionEvaluator
instanceKlass org/springframework/context/annotation/Scope
instanceKlass org/springframework/context/annotation/AnnotationScopeMetadataResolver
instanceKlass org/springframework/context/annotation/ScopeMetadataResolver
instanceKlass org/springframework/context/annotation/AnnotationBeanNameGenerator
instanceKlass org/apache/logging/log4j/LogManager
instanceKlass org/springframework/context/annotation/AnnotatedBeanDefinitionReader
instanceKlass org/springframework/beans/factory/support/SimpleAutowireCandidateResolver
instanceKlass org/springframework/beans/factory/support/AutowireCandidateResolver
instanceKlass org/jboss/logging/LoggerProvider
instanceKlass org/springframework/beans/factory/BeanNameAware
instanceKlass org/jboss/logging/LoggerProviders
instanceKlass org/springframework/core/LocalVariableTableParameterNameDiscoverer
instanceKlass org/springframework/core/StandardReflectionParameterNameDiscoverer
instanceKlass org/springframework/core/PrioritizedParameterNameDiscoverer
instanceKlass org/springframework/core/ParameterNameDiscoverer
instanceKlass org/springframework/beans/factory/support/SimpleInstantiationStrategy
instanceKlass org/springframework/beans/factory/support/InstantiationStrategy
instanceKlass javax/inject/Provider
instanceKlass org/jboss/logging/DelegatingBasicLogger
instanceKlass org/springframework/core/SimpleAliasRegistry
instanceKlass org/springframework/beans/factory/config/ConfigurableListableBeanFactory
instanceKlass org/springframework/beans/factory/config/ConfigurableBeanFactory
instanceKlass org/springframework/beans/factory/config/SingletonBeanRegistry
instanceKlass org/springframework/beans/factory/config/AutowireCapableBeanFactory
instanceKlass org/jboss/logging/SecurityActions
instanceKlass org/jboss/logging/LoggingLocale
instanceKlass org/jboss/logging/Logger
instanceKlass org/hibernate/validator/internal/util/logging/Log
instanceKlass org/jboss/logging/BasicLogger
instanceKlass org/hibernate/validator/internal/util/logging/LoggerFactory
instanceKlass org/hibernate/validator/internal/util/Version
instanceKlass org/hibernate/validator/internal/engine/AbstractConfigurationImpl
instanceKlass org/springframework/context/annotation/AnnotationConfigRegistry
instanceKlass javax/validation/spi/ConfigurationState
instanceKlass org/hibernate/validator/HibernateValidatorConfiguration
instanceKlass org/hibernate/validator/BaseHibernateValidatorConfiguration
instanceKlass javax/validation/Configuration
instanceKlass org/hibernate/validator/HibernateValidator
instanceKlass javax/validation/spi/ValidationProvider
instanceKlass javax/validation/Validation$GetValidationProviderListAction
instanceKlass javax/validation/Validation$DefaultValidationProviderResolver
instanceKlass javax/validation/ValidationProviderResolver
instanceKlass javax/validation/Validation$GenericBootstrapImpl
instanceKlass javax/validation/spi/BootstrapState
instanceKlass javax/validation/bootstrap/GenericBootstrap
instanceKlass javax/validation/Validation
instanceKlass org/springframework/boot/autoconfigure/BackgroundPreinitializer$ValidationInitializer
instanceKlass org/springframework/boot/autoconfigure/BackgroundPreinitializer$ConversionServiceInitializer
instanceKlass org/springframework/beans/factory/support/BeanNameGenerator
instanceKlass org/springframework/boot/SpringBootExceptionHandler
instanceKlass org/springframework/boot/BeanDefinitionLoader
instanceKlass org/springframework/beans/factory/support/BeanDefinitionRegistry
instanceKlass org/springframework/core/AliasRegistry
instanceKlass org/springframework/boot/ApplicationRunner
instanceKlass org/springframework/boot/CommandLineRunner
instanceKlass org/springframework/boot/Banner
instanceKlass org/springframework/boot/ExitCodeGenerator
instanceKlass org/springframework/boot/autoconfigure/BackgroundPreinitializer$1
instanceKlass org/springframework/boot/context/logging/LoggingApplicationListener$$Lambda$112
instanceKlass org/springframework/boot/context/logging/LoggingApplicationListener$$Lambda$111
instanceKlass org/springframework/boot/context/logging/LoggingApplicationListener$$Lambda$110
instanceKlass java/lang/invoke/LambdaForm$DMH
instanceKlass org/springframework/boot/context/logging/LoggingApplicationListener$$Lambda$109
instanceKlass org/springframework/boot/context/properties/bind/MapBinder$EntryBinder
instanceKlass org/springframework/boot/context/properties/bind/MapBinder$$Lambda$108
instanceKlass java/util/NavigableSet
instanceKlass org/springframework/core/CollectionFactory
instanceKlass ch/qos/logback/classic/pattern/TargetLengthBasedClassNameAbbreviator
instanceKlass ch/qos/logback/classic/pattern/Abbreviator
instanceKlass ch/qos/logback/core/pattern/ConverterUtil
instanceKlass ch/qos/logback/core/pattern/FormatInfo
instanceKlass ch/qos/logback/core/pattern/parser/Node
instanceKlass ch/qos/logback/core/pattern/util/AsIsEscapeUtil
instanceKlass ch/qos/logback/core/pattern/parser/OptionTokenizer
instanceKlass ch/qos/logback/core/pattern/parser/TokenStream$1
instanceKlass ch/qos/logback/core/pattern/util/RestrictedEscapeUtil
instanceKlass ch/qos/logback/core/pattern/parser/TokenStream
instanceKlass ch/qos/logback/core/pattern/util/RegularEscapeUtil
instanceKlass ch/qos/logback/core/pattern/util/IEscapeUtil
instanceKlass ch/qos/logback/classic/pattern/EnsureExceptionHandling
instanceKlass ch/qos/logback/core/pattern/PostCompileProcessor
instanceKlass ch/qos/logback/core/pattern/parser/Token
instanceKlass java/util/Vector$Itr
instanceKlass ch/qos/logback/core/subst/NodeToStringTransformer$1
instanceKlass ch/qos/logback/core/CoreConstants
instanceKlass ch/qos/logback/core/subst/Node
instanceKlass ch/qos/logback/core/subst/Parser$1
instanceKlass ch/qos/logback/core/subst/Parser
instanceKlass ch/qos/logback/core/subst/Token
instanceKlass ch/qos/logback/core/subst/Tokenizer$1
instanceKlass ch/qos/logback/core/subst/Tokenizer
instanceKlass ch/qos/logback/core/subst/NodeToStringTransformer
instanceKlass ch/qos/logback/classic/jul/JULHelper
instanceKlass org/springframework/boot/logging/logback/DefaultLogbackConfiguration
instanceKlass org/springframework/boot/logging/logback/LogbackConfigurator
instanceKlass ch/qos/logback/classic/spi/LoggerContextListener
instanceKlass ch/qos/logback/core/LifeCycleManager
instanceKlass org/springframework/boot/logging/LoggingInitializationContext
instanceKlass org/springframework/boot/logging/LoggerGroup
instanceKlass org/springframework/boot/logging/LoggerGroups$$Lambda$107
instanceKlass org/springframework/boot/logging/LoggerGroups
instanceKlass org/springframework/boot/logging/LogFile
instanceKlass java/util/ArrayList$SubList$1
instanceKlass sun/management/RuntimeImpl
instanceKlass java/lang/management/RuntimeMXBean
instanceKlass java/lang/management/PlatformManagedObject
instanceKlass sun/management/VMManagementImpl
instanceKlass sun/management/VMManagement
instanceKlass sun/management/ManagementFactoryHelper$4
instanceKlass sun/management/ManagementFactoryHelper
instanceKlass java/lang/management/ManagementFactory
instanceKlass org/springframework/boot/system/ApplicationPid
instanceKlass org/springframework/boot/logging/LoggingSystemProperties
instanceKlass org/springframework/boot/ansi/AnsiElement
instanceKlass org/springframework/boot/context/config/AnsiOutputApplicationListener$$Lambda$106
instanceKlass java/lang/invoke/LambdaForm$DMH
instanceKlass java/util/RegularEnumSet$EnumSetIterator
instanceKlass java/util/stream/Sink$ChainedInt
instanceKlass org/springframework/boot/convert/LenientObjectToEnumConverterFactory$LenientToEnumConverter$$Lambda$105
instanceKlass org/springframework/boot/convert/LenientObjectToEnumConverterFactory$LenientToEnumConverter$$Lambda$104
instanceKlass java/util/function/IntUnaryOperator
instanceKlass org/springframework/boot/convert/LenientObjectToEnumConverterFactory$LenientToEnumConverter$$Lambda$103
instanceKlass org/springframework/boot/ansi/AnsiOutput
instanceKlass org/springframework/boot/convert/LenientObjectToEnumConverterFactory$LenientToEnumConverter
instanceKlass org/springframework/boot/convert/LenientObjectToEnumConverterFactory$$Lambda$102
instanceKlass java/util/SortedSet
instanceKlass org/springframework/util/AntPathMatcher$PathSeparatorPatternCache
instanceKlass org/springframework/util/AntPathMatcher
instanceKlass org/springframework/util/PathMatcher
instanceKlass org/springframework/core/io/support/PathMatchingResourcePatternResolver
instanceKlass org/xml/sax/InputSource
instanceKlass org/springframework/boot/context/properties/bind/PropertySourcesPlaceholdersResolver$$Lambda$101
instanceKlass org/springframework/boot/origin/SystemEnvironmentOrigin
instanceKlass org/springframework/boot/web/reactive/context/ConfigurableReactiveWebEnvironment
instanceKlass org/springframework/core/log/LogMessage
instanceKlass org/springframework/boot/devtools/env/DevToolsHomePropertiesPostProcessor$$Lambda$100
instanceKlass org/springframework/boot/devtools/env/DevToolsHomePropertiesPostProcessor$$Lambda$99
instanceKlass sun/nio/fs/AbstractPath
instanceKlass sun/nio/fs/Util
instanceKlass sun/nio/fs/WindowsPathParser$Result
instanceKlass sun/nio/fs/WindowsPathParser
instanceKlass java/nio/file/FileSystem
instanceKlass java/nio/file/spi/FileSystemProvider
instanceKlass sun/nio/fs/DefaultFileSystemProvider
instanceKlass java/nio/file/FileSystems$DefaultFileSystemHolder$1
instanceKlass java/nio/file/FileSystems$DefaultFileSystemHolder
instanceKlass java/nio/file/FileSystems
instanceKlass org/springframework/boot/devtools/env/DevToolsHomePropertiesPostProcessor$$Lambda$98
instanceKlass java/util/stream/ForEachOps$ForEachOp
instanceKlass java/util/stream/ForEachOps
instanceKlass org/springframework/boot/context/config/ConfigFileApplicationListener$Loader$$Lambda$97
instanceKlass org/springframework/boot/context/config/ConfigFileApplicationListener$Loader$$Lambda$96
instanceKlass org/springframework/boot/context/config/ConfigFileApplicationListener$Loader$$Lambda$95
instanceKlass java/util/LinkedList$LLSpliterator
instanceKlass org/springframework/boot/context/config/ConfigFileApplicationListener$Loader$$Lambda$94
instanceKlass org/springframework/boot/context/config/ConfigFileApplicationListener$Loader$$Lambda$93
instanceKlass org/springframework/boot/context/config/ConfigFileApplicationListener$Loader$$Lambda$92
instanceKlass org/springframework/boot/context/config/ConfigFileApplicationListener$Loader$$Lambda$91
instanceKlass java/io/FileFilter
instanceKlass java/lang/invoke/LambdaForm$DMH
instanceKlass org/springframework/core/io/WritableResource
instanceKlass org/springframework/boot/context/config/ConfigFileApplicationListener$Loader$$Lambda$90
instanceKlass org/springframework/boot/context/config/ConfigFileApplicationListener$Loader$$Lambda$89
instanceKlass java/lang/invoke/LambdaForm$DMH
instanceKlass org/springframework/boot/context/config/ConfigFileApplicationListener$Loader$$Lambda$88
instanceKlass org/springframework/boot/context/config/ConfigFileApplicationListener$Loader$$Lambda$87
instanceKlass org/springframework/core/convert/support/ConversionUtils
instanceKlass java/util/concurrent/ConcurrentLinkedDeque$AbstractItr
instanceKlass org/springframework/core/convert/support/GenericConversionService$ConverterCacheKey
instanceKlass org/springframework/boot/context/properties/source/ConfigurationProperty
instanceKlass org/springframework/boot/origin/OriginProvider
instanceKlass org/springframework/boot/origin/PropertySourceOrigin
instanceKlass org/springframework/boot/origin/Origin
instanceKlass org/springframework/boot/context/config/ConfigFileApplicationListener$Loader$$Lambda$86
instanceKlass java/lang/invoke/LambdaForm$DMH
instanceKlass java/lang/invoke/LambdaForm$MH
instanceKlass java/lang/invoke/LambdaForm$DMH
instanceKlass java/lang/invoke/LambdaForm$DMH
instanceKlass org/springframework/boot/context/config/ConfigFileApplicationListener$Loader$$Lambda$85
instanceKlass org/springframework/boot/context/config/ConfigFileApplicationListener$DocumentConsumer
instanceKlass java/lang/invoke/LambdaForm$DMH
instanceKlass org/springframework/boot/context/config/ConfigFileApplicationListener$Document
instanceKlass org/springframework/boot/context/config/ConfigFileApplicationListener$Loader$$Lambda$84
instanceKlass org/springframework/boot/context/config/ConfigFileApplicationListener$Loader$$Lambda$83
instanceKlass org/springframework/boot/context/config/ConfigFileApplicationListener$DocumentFilterFactory
instanceKlass org/springframework/boot/context/config/ConfigFileApplicationListener$DocumentFilter
instanceKlass java/util/stream/ReduceOps$Box
instanceKlass java/util/stream/ReduceOps$AccumulatingSink
instanceKlass java/util/stream/ReduceOps$ReduceOp
instanceKlass java/util/stream/ReduceOps
instanceKlass java/util/stream/Collectors$$Lambda$82
instanceKlass java/util/stream/Collectors$$Lambda$81
instanceKlass java/util/function/BinaryOperator
instanceKlass java/util/stream/Collectors$$Lambda$80
instanceKlass java/lang/invoke/LambdaForm$DMH
instanceKlass java/util/stream/Collectors$$Lambda$79
instanceKlass java/util/stream/Collectors$CollectorImpl
instanceKlass java/util/stream/Collector
instanceKlass java/util/stream/Collectors
instanceKlass org/springframework/boot/context/config/ConfigFileApplicationListener$Loader$$Lambda$78
instanceKlass org/springframework/boot/context/config/ConfigFileApplicationListener$Loader$$Lambda$77
instanceKlass java/lang/invoke/LambdaForm$DMH
instanceKlass org/springframework/boot/context/config/ConfigFileApplicationListener$Profile
instanceKlass org/springframework/boot/context/config/ConfigFileApplicationListener$Loader$$Lambda$76
instanceKlass java/lang/invoke/LambdaForm$MH
instanceKlass java/lang/invoke/LambdaForm$DMH
instanceKlass java/lang/invoke/LambdaForm$DMH
instanceKlass org/springframework/boot/context/properties/bind/Binder$$Lambda$75
instanceKlass java/lang/invoke/LambdaForm$DMH
instanceKlass java/util/stream/StreamSpliterators$WrappingSpliterator$$Lambda$74
instanceKlass java/util/function/BooleanSupplier
instanceKlass java/util/stream/StreamSpliterators$WrappingSpliterator$$Lambda$73
instanceKlass java/util/stream/AbstractSpinedBuffer
instanceKlass java/util/Spliterators$1Adapter
instanceKlass java/util/stream/StreamSpliterators$AbstractWrappingSpliterator
instanceKlass java/util/stream/AbstractPipeline$$Lambda$72
instanceKlass org/springframework/boot/context/properties/source/SpringIterableConfigurationPropertySource$$Lambda$71
instanceKlass org/springframework/boot/context/properties/source/FilteredConfigurationPropertiesSource
instanceKlass org/springframework/boot/context/properties/bind/IndexedElementsBinder$$Lambda$70
instanceKlass org/springframework/boot/context/properties/bind/ArrayBinder$$Lambda$69
instanceKlass org/springframework/boot/context/properties/bind/AggregateBinder$AggregateSupplier
instanceKlass org/springframework/boot/context/properties/bind/Binder$$Lambda$68
instanceKlass org/springframework/boot/context/properties/bind/Binder$$Lambda$67
instanceKlass org/springframework/boot/context/properties/bind/AggregateElementBinder
instanceKlass org/springframework/boot/context/properties/bind/AggregateBinder
instanceKlass org/springframework/boot/context/config/ConfigFileApplicationListener$Loader$$Lambda$66
instanceKlass java/lang/invoke/LambdaForm$DMH
instanceKlass org/springframework/boot/context/config/ConfigFileApplicationListener$Loader
instanceKlass java/net/InetAddress$CacheEntry
instanceKlass sun/net/InetAddressCachePolicy$2
instanceKlass sun/net/InetAddressCachePolicy$1
instanceKlass sun/net/InetAddressCachePolicy
instanceKlass java/net/Inet4AddressImpl
instanceKlass sun/nio/ch/Interruptible
instanceKlass java/util/concurrent/locks/LockSupport
instanceKlass java/util/concurrent/FutureTask$WaitNode
instanceKlass java/util/concurrent/FutureTask
instanceKlass java/util/concurrent/RunnableFuture
instanceKlass java/util/concurrent/Future
instanceKlass org/springframework/cloud/commons/util/InetUtils$$Lambda$65
instanceKlass org/springframework/cloud/commons/util/InetUtils$HostInfo
instanceKlass java/net/NetworkInterface$1checkedAddresses
instanceKlass java/net/NetworkInterface$2
instanceKlass java/net/DefaultInterface
instanceKlass java/net/Inet6Address$Inet6AddressHolder
instanceKlass java/net/InetAddress$2
instanceKlass sun/net/spi/nameservice/NameService
instanceKlass java/net/Inet6AddressImpl
instanceKlass java/net/InetAddressImpl
instanceKlass java/net/InetAddressImplFactory
instanceKlass java/net/InetAddress$Cache
instanceKlass java/net/InetAddress$InetAddressHolder
instanceKlass java/net/InetAddress$1
instanceKlass java/net/InterfaceAddress
instanceKlass java/net/NetworkInterface$1
instanceKlass java/net/NetworkInterface
instanceKlass java/util/concurrent/ThreadPoolExecutor$AbortPolicy
instanceKlass java/util/concurrent/RejectedExecutionHandler
instanceKlass java/util/concurrent/AbstractExecutorService
instanceKlass java/util/concurrent/ExecutorService
instanceKlass java/util/concurrent/Executor
instanceKlass java/util/concurrent/Executors
instanceKlass org/springframework/cloud/commons/util/InetUtils$$Lambda$64
instanceKlass java/util/concurrent/ThreadFactory
instanceKlass org/springframework/cloud/commons/util/InetUtils
instanceKlass org/springframework/boot/context/properties/bind/BindResult
instanceKlass org/springframework/beans/factory/annotation/Value
instanceKlass org/springframework/core/SerializableTypeWrapper$MethodInvokeTypeProvider
instanceKlass java/lang/reflect/Proxy$1
instanceKlass java/lang/reflect/Proxy$KeyX
instanceKlass org/springframework/core/SerializableTypeWrapper$TypeProxyInvocationHandler
instanceKlass org/springframework/core/GraalDetector
instanceKlass sun/reflect/generics/tree/MethodTypeSignature
instanceKlass sun/reflect/generics/tree/VoidDescriptor
instanceKlass org/springframework/boot/context/properties/bind/JavaBeanBinder$BeanProperty$$Lambda$63
instanceKlass org/springframework/core/SerializableTypeWrapper$MethodParameterTypeProvider
instanceKlass org/springframework/core/SerializableTypeWrapper$TypeProvider
instanceKlass java/lang/invoke/LambdaForm$MH
instanceKlass org/springframework/core/MethodParameter$$Lambda$62
instanceKlass org/springframework/core/MethodParameter
instanceKlass org/springframework/boot/context/properties/bind/JavaBeanBinder$Bean$$Lambda$61
instanceKlass org/springframework/boot/context/properties/bind/JavaBeanBinder$BeanSupplier
instanceKlass org/springframework/boot/context/properties/bind/JavaBeanBinder$Bean$$Lambda$60
instanceKlass org/springframework/boot/context/properties/bind/JavaBeanBinder$Bean$$Lambda$59
instanceKlass org/springframework/boot/context/properties/bind/DataObjectPropertyName
instanceKlass org/springframework/boot/context/properties/bind/JavaBeanBinder$Bean$$Lambda$58
instanceKlass java/beans/FeatureDescriptor
instanceKlass com/sun/beans/WeakCache
instanceKlass java/beans/Introspector
instanceKlass org/springframework/boot/context/properties/bind/JavaBeanBinder$Bean$$Lambda$57
instanceKlass java/lang/invoke/LambdaForm$DMH
instanceKlass org/springframework/boot/context/properties/bind/JavaBeanBinder$BeanProperty
instanceKlass org/springframework/boot/context/properties/bind/JavaBeanBinder$Bean$$Lambda$56
instanceKlass org/springframework/boot/context/properties/bind/JavaBeanBinder$Bean$$Lambda$55
instanceKlass org/springframework/boot/context/properties/bind/JavaBeanBinder$Bean$$Lambda$54
instanceKlass org/springframework/boot/context/properties/bind/JavaBeanBinder$Bean$$Lambda$53
instanceKlass java/lang/invoke/LambdaForm$BMH
instanceKlass java/lang/invoke/LambdaForm$BMH
instanceKlass java/lang/invoke/LambdaForm$MH
instanceKlass java/lang/invoke/LambdaForm$MH
instanceKlass java/lang/invoke/LambdaForm$BMH
instanceKlass java/lang/invoke/LambdaForm$BMH
instanceKlass java/lang/invoke/LambdaForm$DMH
instanceKlass java/lang/invoke/LambdaForm$BMH
instanceKlass java/lang/invoke/LambdaForm$BMH
instanceKlass java/lang/invoke/LambdaForm$BMH
instanceKlass java/lang/invoke/LambdaForm$DMH
instanceKlass sun/invoke/util/ValueConversions$WrapperCache
instanceKlass java/lang/invoke/LambdaForm$MH
instanceKlass java/lang/invoke/LambdaForm$DMH
instanceKlass java/lang/invoke/LambdaForm$DMH
instanceKlass java/lang/invoke/MethodHandleImpl$BindCaller$T
instanceKlass java/lang/invoke/LambdaForm$BMH
instanceKlass java/lang/invoke/LambdaForm$MH
instanceKlass java/lang/invoke/LambdaForm$DMH
instanceKlass java/lang/invoke/LambdaForm$DMH
instanceKlass java/lang/invoke/LambdaForm$MH
instanceKlass java/lang/invoke/LambdaForm$DMH
instanceKlass java/lang/invoke/LambdaForm$DMH
instanceKlass java/lang/invoke/MethodHandleImpl$ArrayAccessor
instanceKlass java/lang/invoke/LambdaForm$BMH
instanceKlass java/lang/invoke/MethodHandleImpl$BindCaller$T
instanceKlass java/lang/invoke/MethodHandleImpl$BindCaller$2
instanceKlass java/lang/invoke/MethodHandleImpl$BindCaller
instanceKlass org/springframework/boot/context/properties/bind/JavaBeanBinder$Bean
instanceKlass org/springframework/boot/context/properties/bind/ValueObjectBinder$ValueObject
instanceKlass java/lang/invoke/LambdaForm$MH
instanceKlass org/springframework/boot/context/properties/bind/Binder$$Lambda$52
instanceKlass java/lang/invoke/LambdaForm$MH
instanceKlass org/springframework/boot/context/properties/bind/Binder$$Lambda$51
instanceKlass org/springframework/boot/context/properties/bind/DataObjectPropertyBinder
instanceKlass java/util/Random
instanceKlass org/springframework/boot/context/properties/bind/BindConverter$CompositeConversionService
instanceKlass org/springframework/beans/TypeConverterDelegate
instanceKlass org/springframework/beans/PropertyEditorRegistrySupport
instanceKlass org/springframework/beans/PropertyEditorRegistry
instanceKlass org/springframework/beans/TypeConverter
instanceKlass org/springframework/boot/context/properties/bind/BindConverter$TypeConverterConverter
instanceKlass java/beans/PropertyEditorSupport
instanceKlass java/beans/PropertyEditor
instanceKlass org/springframework/boot/context/properties/bind/BindConverter
instanceKlass org/springframework/boot/context/properties/bind/Binder$Context
instanceKlass org/springframework/boot/context/properties/bind/BindContext
instanceKlass org/springframework/boot/context/properties/bind/Bindable$$Lambda$50
instanceKlass org/springframework/boot/context/properties/bind/Bindable$$Lambda$49
instanceKlass org/springframework/boot/context/properties/bind/JavaBeanBinder
instanceKlass org/springframework/boot/context/properties/bind/ValueObjectBinder
instanceKlass org/springframework/boot/context/properties/bind/DataObjectBinder
instanceKlass org/springframework/boot/context/properties/bind/DefaultBindConstructorProvider
instanceKlass org/springframework/boot/context/properties/bind/BindConstructorProvider
instanceKlass org/springframework/boot/context/properties/bind/BindHandler$1
instanceKlass org/springframework/boot/context/properties/bind/BindHandler
instanceKlass org/springframework/boot/context/properties/bind/PropertySourcesPlaceholdersResolver
instanceKlass org/springframework/boot/context/properties/bind/PlaceholdersResolver
instanceKlass org/springframework/boot/context/properties/bind/Binder
instanceKlass org/springframework/cloud/commons/util/InetUtilsProperties
instanceKlass org/springframework/boot/env/SpringApplicationJsonEnvironmentPostProcessor$$Lambda$48
instanceKlass java/lang/invoke/LambdaForm$DMH
instanceKlass org/springframework/boot/env/SpringApplicationJsonEnvironmentPostProcessor$$Lambda$47
instanceKlass org/springframework/boot/env/SpringApplicationJsonEnvironmentPostProcessor$$Lambda$46
instanceKlass org/springframework/boot/env/SpringApplicationJsonEnvironmentPostProcessor$JsonPropertyValue
instanceKlass java/util/Spliterators$ArraySpliterator
instanceKlass org/springframework/boot/devtools/env/DevToolsPropertyDefaultsPostProcessor
instanceKlass org/springframework/boot/env/YamlPropertySourceLoader
instanceKlass org/yaml/snakeyaml/Yaml
instanceKlass org/springframework/boot/env/PropertiesPropertySourceLoader
instanceKlass org/springframework/boot/env/PropertySourceLoader
instanceKlass org/springframework/boot/devtools/env/DevToolsHomePropertiesPostProcessor
instanceKlass org/springframework/boot/reactor/DebugAgentEnvironmentPostProcessor
instanceKlass org/springframework/boot/env/SystemEnvironmentPropertySourceEnvironmentPostProcessor
instanceKlass org/springframework/boot/env/SpringApplicationJsonEnvironmentPostProcessor
instanceKlass org/springframework/cloud/client/HostInfoEnvironmentPostProcessor
instanceKlass org/springframework/cloud/bootstrap/BootstrapImportSelectorConfiguration
instanceKlass org/springframework/boot/builder/SpringApplicationBuilder
instanceKlass org/springframework/boot/context/properties/source/ConfigurationPropertyName$$Lambda$45
instanceKlass org/springframework/boot/context/properties/source/ConfigurationPropertyName$ElementCharPredicate
instanceKlass java/lang/invoke/LambdaForm$DMH
instanceKlass org/springframework/boot/builder/ParentContextApplicationContextInitializer
instanceKlass org/springframework/core/env/AbstractPropertyResolver$$Lambda$44
instanceKlass org/springframework/util/PropertyPlaceholderHelper$PlaceholderResolver
instanceKlass org/springframework/util/PropertyPlaceholderHelper
instanceKlass java/util/stream/Sink$OfInt
instanceKlass java/util/function/IntConsumer
instanceKlass java/util/Spliterators$IntIteratorSpliterator
instanceKlass java/lang/CharSequence$1CharIterator
instanceKlass java/util/PrimitiveIterator$OfInt
instanceKlass java/util/PrimitiveIterator
instanceKlass java/util/stream/MatchOps$$Lambda$43
instanceKlass java/util/stream/MatchOps$BooleanTerminalSink
instanceKlass java/util/stream/MatchOps$MatchOp
instanceKlass java/util/stream/MatchOps
instanceKlass org/springframework/boot/context/properties/source/SystemEnvironmentPropertyMapper$$Lambda$42
instanceKlass java/util/function/IntPredicate
instanceKlass java/lang/invoke/LambdaForm$DMH
instanceKlass java/util/stream/IntStream
instanceKlass java/lang/CharSequence$$Lambda$41
instanceKlass org/springframework/boot/context/properties/source/SystemEnvironmentPropertyMapper$$Lambda$40
instanceKlass java/util/function/BiPredicate$$Lambda$39
instanceKlass java/lang/invoke/LambdaForm$DMH
instanceKlass org/springframework/boot/context/properties/source/SystemEnvironmentPropertyMapper$$Lambda$38
instanceKlass java/lang/invoke/LambdaForm$DMH
instanceKlass org/springframework/boot/context/properties/source/SpringIterableConfigurationPropertySource$Mappings$$Lambda$37
instanceKlass org/springframework/boot/context/properties/source/SpringIterableConfigurationPropertySource$$Lambda$36
instanceKlass org/springframework/boot/context/properties/source/SpringIterableConfigurationPropertySource$$Lambda$35
instanceKlass java/util/function/UnaryOperator
instanceKlass org/springframework/boot/context/properties/source/SpringIterableConfigurationPropertySource$$Lambda$34
instanceKlass org/springframework/boot/context/properties/source/SpringIterableConfigurationPropertySource$Mappings
instanceKlass org/springframework/boot/context/properties/source/DefaultPropertyMapper$LastMapping
instanceKlass java/time/Clock
instanceKlass org/springframework/boot/context/properties/source/SoftReferenceConfigurationPropertyCache
instanceKlass org/springframework/boot/context/properties/source/ConfigurationPropertyCaching
instanceKlass org/springframework/boot/context/properties/source/CachingConfigurationPropertySource
instanceKlass org/springframework/boot/context/properties/source/IterableConfigurationPropertySource
instanceKlass org/springframework/boot/context/properties/source/SystemEnvironmentPropertyMapper
instanceKlass org/springframework/boot/context/properties/source/PropertyMapper$$Lambda$33
instanceKlass java/util/function/BiPredicate
instanceKlass java/lang/invoke/LambdaForm$DMH
instanceKlass org/springframework/boot/context/properties/source/DefaultPropertyMapper
instanceKlass org/springframework/boot/context/properties/source/PropertyMapper
instanceKlass org/springframework/boot/context/properties/source/SpringConfigurationPropertySource
instanceKlass org/springframework/boot/context/properties/source/SpringConfigurationPropertySources$$Lambda$32
instanceKlass org/springframework/boot/context/properties/source/ConfigurationPropertySource
instanceKlass org/springframework/boot/context/properties/source/SpringConfigurationPropertySources$SourcesIterator
instanceKlass org/springframework/boot/context/properties/source/SpringConfigurationPropertySources
instanceKlass org/springframework/boot/origin/OriginLookup
instanceKlass org/springframework/boot/context/properties/source/ConfigurationPropertySources
instanceKlass java/util/concurrent/CopyOnWriteArrayList$COWIterator
instanceKlass org/springframework/boot/convert/LenientObjectToEnumConverterFactory
instanceKlass sun/reflect/generics/tree/ByteSignature
instanceKlass org/springframework/boot/convert/InputStreamSourceToByteArrayConverter
instanceKlass org/springframework/core/io/DefaultResourceLoader
instanceKlass org/springframework/boot/convert/StringToFileConverter
instanceKlass org/springframework/boot/convert/NumberToDataSizeConverter
instanceKlass org/springframework/util/unit/DataSize
instanceKlass org/springframework/boot/convert/StringToDataSizeConverter
instanceKlass org/springframework/boot/convert/NumberToPeriodConverter
instanceKlass org/springframework/boot/convert/PeriodToStringConverter
instanceKlass org/springframework/boot/convert/StringToPeriodConverter
instanceKlass org/springframework/boot/convert/DurationToNumberConverter
instanceKlass org/springframework/boot/convert/NumberToDurationConverter
instanceKlass org/springframework/boot/convert/DurationToStringConverter
instanceKlass org/springframework/boot/convert/StringToDurationConverter
instanceKlass org/springframework/boot/convert/DelimitedStringToCollectionConverter
instanceKlass org/springframework/boot/convert/DelimitedStringToArrayConverter
instanceKlass org/springframework/boot/convert/CollectionToDelimitedStringConverter
instanceKlass org/springframework/boot/convert/ArrayToDelimitedStringConverter
instanceKlass org/springframework/boot/convert/IsoOffsetFormatter
instanceKlass java/net/InetAddress
instanceKlass org/springframework/boot/convert/InetAddressFormatter
instanceKlass org/springframework/format/support/FormattingConversionService$$Lambda$31
instanceKlass sun/reflect/generics/tree/ArrayTypeSignature
instanceKlass sun/reflect/generics/tree/CharSignature
instanceKlass org/springframework/boot/convert/CharArrayFormatter
instanceKlass org/springframework/format/datetime/joda/MonthDayFormatter
instanceKlass org/springframework/format/datetime/joda/YearMonthFormatter
instanceKlass org/springframework/format/datetime/joda/DurationFormatter
instanceKlass org/joda/time/base/AbstractDuration
instanceKlass org/joda/time/ReadableDuration
instanceKlass org/springframework/format/datetime/joda/PeriodFormatter
instanceKlass org/joda/time/base/AbstractPeriod
instanceKlass org/joda/time/ReadablePeriod
instanceKlass org/springframework/format/datetime/joda/DateTimeParser
instanceKlass org/springframework/format/datetime/joda/ReadableInstantPrinter
instanceKlass org/springframework/format/datetime/joda/LocalDateTimeParser
instanceKlass org/springframework/format/datetime/joda/LocalTimeParser
instanceKlass org/springframework/format/datetime/joda/LocalDateParser
instanceKlass org/springframework/format/datetime/joda/ReadablePartialPrinter
instanceKlass org/joda/time/format/DateTimeFormat$StyleFormatter
instanceKlass org/joda/time/format/DateTimeParser
instanceKlass org/joda/time/format/DateTimePrinter
instanceKlass org/joda/time/format/DateTimeFormatter
instanceKlass org/joda/time/format/DateTimeFormat
instanceKlass org/springframework/format/datetime/joda/JodaTimeFormatterRegistrar$1
instanceKlass org/springframework/format/datetime/joda/JodaTimeConverters$LocalDateTimeToLocalTimeConverter
instanceKlass org/springframework/format/datetime/joda/JodaTimeConverters$LocalDateTimeToLocalDateConverter
instanceKlass org/springframework/format/datetime/joda/JodaTimeConverters$LongToReadableInstantConverter
instanceKlass org/springframework/format/datetime/joda/JodaTimeConverters$CalendarToReadableInstantConverter
instanceKlass org/springframework/format/datetime/joda/JodaTimeConverters$DateToReadableInstantConverter
instanceKlass org/springframework/format/datetime/joda/JodaTimeConverters$DateTimeToLongConverter
instanceKlass org/springframework/format/datetime/joda/JodaTimeConverters$DateTimeToCalendarConverter
instanceKlass org/springframework/format/datetime/joda/JodaTimeConverters$DateTimeToDateConverter
instanceKlass org/springframework/format/datetime/joda/JodaTimeConverters$DateTimeToInstantConverter
instanceKlass org/joda/time/ReadWritableDateTime
instanceKlass org/joda/time/ReadWritableInstant
instanceKlass org/springframework/format/datetime/joda/JodaTimeConverters$DateTimeToMutableDateTimeConverter
instanceKlass org/springframework/format/datetime/joda/JodaTimeConverters$DateTimeToDateMidnightConverter
instanceKlass org/springframework/format/datetime/joda/JodaTimeConverters$DateTimeToLocalDateTimeConverter
instanceKlass org/springframework/format/datetime/joda/JodaTimeConverters$DateTimeToLocalTimeConverter
instanceKlass org/joda/time/base/AbstractInstant
instanceKlass org/joda/time/ReadableDateTime
instanceKlass org/joda/time/ReadableInstant
instanceKlass org/springframework/format/datetime/joda/JodaTimeConverters$DateTimeToLocalDateConverter
instanceKlass org/springframework/format/datetime/joda/JodaTimeConverters
instanceKlass org/springframework/format/datetime/joda/DateTimeFormatterFactory
instanceKlass org/springframework/format/datetime/joda/JodaTimeFormatterRegistrar
instanceKlass org/springframework/format/annotation/DateTimeFormat
instanceKlass org/springframework/format/datetime/standard/MonthDayFormatter
instanceKlass java/time/MonthDay
instanceKlass org/springframework/format/datetime/standard/YearMonthFormatter
instanceKlass java/time/YearMonth
instanceKlass org/springframework/format/datetime/standard/MonthFormatter
instanceKlass org/springframework/format/datetime/standard/YearFormatter
instanceKlass java/time/Year
instanceKlass org/springframework/format/datetime/standard/DurationFormatter
instanceKlass org/springframework/format/datetime/standard/PeriodFormatter
instanceKlass org/springframework/format/datetime/standard/InstantFormatter
instanceKlass org/springframework/format/Formatter
instanceKlass java/time/OffsetTime
instanceKlass org/springframework/format/support/FormattingConversionService$ParserConverter
instanceKlass org/springframework/format/support/FormattingConversionService$PrinterConverter
instanceKlass org/springframework/format/datetime/standard/TemporalAccessorParser
instanceKlass org/springframework/format/Parser
instanceKlass org/springframework/format/datetime/standard/TemporalAccessorPrinter
instanceKlass org/springframework/format/Printer
instanceKlass java/time/format/DateTimeFormatterBuilder$LocalizedPrinterParser
instanceKlass java/time/format/DateTimeFormatter$$Lambda$30
instanceKlass java/time/format/DateTimeFormatter$$Lambda$29
instanceKlass java/time/Period
instanceKlass java/time/chrono/ChronoPeriod
instanceKlass java/time/format/DateTimeFormatterBuilder$TextPrinterParser
instanceKlass java/time/format/DateTimeTextProvider$1
instanceKlass java/time/format/DateTimeTextProvider
instanceKlass java/util/AbstractMap$SimpleImmutableEntry
instanceKlass java/time/format/DateTimeTextProvider$LocaleStore
instanceKlass java/time/format/DateTimeFormatterBuilder$InstantPrinterParser
instanceKlass java/time/format/DateTimeFormatterBuilder$StringLiteralPrinterParser
instanceKlass java/time/format/DateTimeFormatterBuilder$ZoneIdPrinterParser
instanceKlass java/time/format/DateTimeFormatterBuilder$FractionPrinterParser
instanceKlass java/time/format/DateTimeFormatterBuilder$OffsetIdPrinterParser
instanceKlass java/time/format/DecimalStyle
instanceKlass java/time/format/DateTimeFormatterBuilder$CompositePrinterParser
instanceKlass java/time/chrono/AbstractChronology$$Lambda$28
instanceKlass java/time/chrono/AbstractChronology$$Lambda$27
instanceKlass java/time/chrono/AbstractChronology$$Lambda$26
instanceKlass java/time/chrono/AbstractChronology
instanceKlass java/time/chrono/Chronology
instanceKlass java/time/format/DateTimeFormatterBuilder$CharLiteralPrinterParser
instanceKlass java/time/format/DateTimeFormatterBuilder$NumberPrinterParser
instanceKlass java/time/format/DateTimeFormatterBuilder$DateTimePrinterParser
instanceKlass java/time/format/DateTimeFormatterBuilder$2
instanceKlass java/time/temporal/IsoFields
instanceKlass java/time/temporal/ValueRange
instanceKlass java/time/Duration
instanceKlass java/time/temporal/TemporalAmount
instanceKlass java/time/temporal/TemporalUnit
instanceKlass java/time/temporal/TemporalField
instanceKlass java/time/format/DateTimeFormatterBuilder$$Lambda$25
instanceKlass java/time/temporal/TemporalQuery
instanceKlass java/time/format/DateTimeFormatterBuilder
instanceKlass java/time/format/DateTimeFormatter
instanceKlass org/springframework/format/datetime/standard/DateTimeFormatterRegistrar$1
instanceKlass org/springframework/format/datetime/standard/DateTimeConverters$InstantToLongConverter
instanceKlass org/springframework/format/datetime/standard/DateTimeConverters$LongToInstantConverter
instanceKlass org/springframework/format/datetime/standard/DateTimeConverters$CalendarToInstantConverter
instanceKlass org/springframework/format/datetime/standard/DateTimeConverters$CalendarToLocalDateTimeConverter
instanceKlass org/springframework/format/datetime/standard/DateTimeConverters$CalendarToLocalTimeConverter
instanceKlass org/springframework/format/datetime/standard/DateTimeConverters$CalendarToLocalDateConverter
instanceKlass org/springframework/format/datetime/standard/DateTimeConverters$CalendarToOffsetDateTimeConverter
instanceKlass org/springframework/format/datetime/standard/DateTimeConverters$CalendarToZonedDateTimeConverter
instanceKlass org/springframework/format/datetime/standard/DateTimeConverters$OffsetDateTimeToInstantConverter
instanceKlass org/springframework/format/datetime/standard/DateTimeConverters$OffsetDateTimeToZonedDateTimeConverter
instanceKlass org/springframework/format/datetime/standard/DateTimeConverters$OffsetDateTimeToLocalDateTimeConverter
instanceKlass org/springframework/format/datetime/standard/DateTimeConverters$OffsetDateTimeToLocalTimeConverter
instanceKlass org/springframework/format/datetime/standard/DateTimeConverters$OffsetDateTimeToLocalDateConverter
instanceKlass java/time/Instant
instanceKlass org/springframework/format/datetime/standard/DateTimeConverters$ZonedDateTimeToInstantConverter
instanceKlass java/time/OffsetDateTime
instanceKlass org/springframework/format/datetime/standard/DateTimeConverters$ZonedDateTimeToOffsetDateTimeConverter
instanceKlass org/springframework/format/datetime/standard/DateTimeConverters$ZonedDateTimeToLocalDateTimeConverter
instanceKlass org/springframework/format/datetime/standard/DateTimeConverters$ZonedDateTimeToLocalTimeConverter
instanceKlass org/springframework/format/datetime/standard/DateTimeConverters$ZonedDateTimeToLocalDateConverter
instanceKlass java/time/LocalTime
instanceKlass org/springframework/format/datetime/standard/DateTimeConverters$LocalDateTimeToLocalTimeConverter
instanceKlass java/time/LocalDate
instanceKlass java/time/chrono/ChronoLocalDate
instanceKlass java/time/LocalDateTime
instanceKlass java/time/chrono/ChronoLocalDateTime
instanceKlass java/time/temporal/TemporalAdjuster
instanceKlass org/springframework/format/datetime/standard/DateTimeConverters$LocalDateTimeToLocalDateConverter
instanceKlass org/springframework/format/datetime/DateFormatterRegistrar$LongToCalendarConverter
instanceKlass org/springframework/format/datetime/DateFormatterRegistrar$LongToDateConverter
instanceKlass org/springframework/format/datetime/DateFormatterRegistrar$CalendarToLongConverter
instanceKlass org/springframework/format/datetime/DateFormatterRegistrar$CalendarToDateConverter
instanceKlass org/springframework/format/datetime/DateFormatterRegistrar$DateToCalendarConverter
instanceKlass org/springframework/format/datetime/DateFormatterRegistrar$DateToLongConverter
instanceKlass org/springframework/format/datetime/DateFormatterRegistrar
instanceKlass org/springframework/format/datetime/standard/DateTimeConverters
instanceKlass org/springframework/format/datetime/standard/DateTimeFormatterFactory
instanceKlass org/springframework/format/datetime/standard/DateTimeFormatterRegistrar
instanceKlass org/springframework/format/FormatterRegistrar
instanceKlass org/springframework/format/support/FormattingConversionService$AnnotationParserConverter
instanceKlass org/springframework/format/support/FormattingConversionService$AnnotationPrinterConverter
instanceKlass org/springframework/util/NumberUtils
instanceKlass org/springframework/core/GenericTypeResolver$$Lambda$24
instanceKlass org/springframework/format/annotation/NumberFormat
instanceKlass org/springframework/core/GenericTypeResolver
instanceKlass org/springframework/context/support/EmbeddedValueResolutionSupport
instanceKlass org/springframework/format/AnnotationFormatterFactory
instanceKlass org/joda/time/base/AbstractPartial
instanceKlass org/joda/time/ReadablePartial
instanceKlass org/springframework/core/convert/support/ObjectToOptionalConverter
instanceKlass org/springframework/core/convert/support/FallbackObjectToStringConverter
instanceKlass org/springframework/core/convert/support/IdToEntityConverter
instanceKlass org/springframework/core/convert/support/ObjectToObjectConverter
instanceKlass java/time/ZonedDateTime
instanceKlass java/time/chrono/ChronoZonedDateTime
instanceKlass java/time/temporal/Temporal
instanceKlass java/time/temporal/TemporalAccessor
instanceKlass org/springframework/core/convert/support/ZonedDateTimeToCalendarConverter
instanceKlass java/time/ZoneId
instanceKlass org/springframework/core/convert/support/ZoneIdToTimeZoneConverter
instanceKlass org/springframework/core/convert/support/StringToTimeZoneConverter
instanceKlass org/springframework/core/convert/support/ByteBufferConverter
instanceKlass org/springframework/core/convert/TypeDescriptor$AnnotatedElementAdapter
instanceKlass org/springframework/core/convert/TypeDescriptor
instanceKlass org/springframework/core/convert/support/StreamConverter
instanceKlass org/springframework/core/convert/support/ObjectToCollectionConverter
instanceKlass org/springframework/core/convert/support/CollectionToObjectConverter
instanceKlass org/springframework/core/convert/support/StringToCollectionConverter
instanceKlass org/springframework/core/convert/support/ObjectToArrayConverter
instanceKlass org/springframework/core/convert/support/ArrayToObjectConverter
instanceKlass org/springframework/core/convert/support/StringToArrayConverter
instanceKlass org/springframework/core/convert/support/CollectionToStringConverter
instanceKlass org/springframework/core/convert/support/ArrayToStringConverter
instanceKlass org/springframework/core/convert/support/MapToMapConverter
instanceKlass org/springframework/core/convert/support/CollectionToCollectionConverter
instanceKlass org/springframework/core/convert/support/ArrayToArrayConverter
instanceKlass org/springframework/core/convert/support/CollectionToArrayConverter
instanceKlass org/springframework/core/convert/support/ArrayToCollectionConverter
instanceKlass java/util/UUID
instanceKlass org/springframework/core/convert/support/StringToUUIDConverter
instanceKlass org/springframework/core/convert/support/PropertiesToStringConverter
instanceKlass org/springframework/core/convert/support/StringToPropertiesConverter
instanceKlass org/springframework/core/convert/support/StringToCurrencyConverter
instanceKlass org/springframework/core/convert/support/StringToCharsetConverter
instanceKlass org/springframework/core/convert/support/StringToLocaleConverter
instanceKlass org/springframework/core/convert/support/IntegerToEnumConverterFactory
instanceKlass sun/reflect/generics/tree/Wildcard
instanceKlass sun/reflect/generics/tree/BottomSignature
instanceKlass org/springframework/core/convert/support/AbstractConditionalEnumConverter
instanceKlass org/springframework/core/convert/support/StringToEnumConverterFactory
instanceKlass org/springframework/core/convert/support/StringToBooleanConverter
instanceKlass org/springframework/core/convert/support/CharacterToNumberFactory
instanceKlass org/springframework/core/convert/support/NumberToCharacterConverter
instanceKlass org/springframework/core/convert/support/StringToCharacterConverter
instanceKlass org/springframework/core/convert/support/GenericConversionService$ConverterAdapter
instanceKlass org/springframework/core/convert/support/ObjectToStringConverter
instanceKlass org/springframework/core/convert/converter/Converter
instanceKlass org/springframework/core/convert/support/StringToNumberConverterFactory
instanceKlass java/util/concurrent/ConcurrentLinkedDeque$Node
instanceKlass org/springframework/core/convert/support/GenericConversionService$Converters$$Lambda$23
instanceKlass org/springframework/core/convert/support/GenericConversionService$ConvertersForPair
instanceKlass org/springframework/core/convert/converter/GenericConverter$ConvertiblePair
instanceKlass org/springframework/core/convert/support/GenericConversionService$ConverterFactoryAdapter
instanceKlass org/springframework/core/convert/converter/ConditionalGenericConverter
instanceKlass org/springframework/core/convert/support/NumberToNumberConverterFactory
instanceKlass org/springframework/core/convert/converter/ConditionalConverter
instanceKlass org/springframework/core/convert/converter/ConverterFactory
instanceKlass org/springframework/core/convert/support/GenericConversionService$Converters
instanceKlass org/springframework/core/convert/support/GenericConversionService$NoOpConverter
instanceKlass org/springframework/core/convert/converter/GenericConverter
instanceKlass org/springframework/core/convert/support/GenericConversionService
instanceKlass org/springframework/core/convert/support/ConfigurableConversionService
instanceKlass org/springframework/core/convert/ConversionService
instanceKlass org/springframework/context/EmbeddedValueResolverAware
instanceKlass org/springframework/format/FormatterRegistry
instanceKlass org/springframework/core/convert/converter/ConverterRegistry
instanceKlass java/util/TreeMap$Entry
instanceKlass java/lang/ProcessEnvironment$CheckedEntry
instanceKlass java/lang/ProcessEnvironment$CheckedEntrySet$1
instanceKlass java/util/NavigableMap
instanceKlass java/util/SortedMap
instanceKlass java/lang/ProcessEnvironment$EntryComparator
instanceKlass java/lang/ProcessEnvironment$NameComparator
instanceKlass javax/naming/spi/NamingManager
instanceKlass com/sun/naming/internal/VersionHelper12$5
instanceKlass com/sun/naming/internal/VersionHelper12$InputStreamEnumeration$1
instanceKlass com/sun/naming/internal/VersionHelper12$InputStreamEnumeration
instanceKlass javax/naming/NamingEnumeration
instanceKlass com/sun/naming/internal/VersionHelper12$6
instanceKlass com/sun/naming/internal/VersionHelper12$7
instanceKlass com/sun/naming/internal/VersionHelper12$3
instanceKlass com/sun/naming/internal/VersionHelper12$1
instanceKlass com/sun/naming/internal/VersionHelper
instanceKlass com/sun/naming/internal/ResourceManager
instanceKlass javax/naming/InitialContext
instanceKlass javax/naming/Context
instanceKlass org/springframework/core/SpringProperties
instanceKlass org/springframework/jndi/JndiAccessor
instanceKlass org/springframework/core/env/AbstractPropertyResolver
instanceKlass org/springframework/core/env/MutablePropertySources
instanceKlass org/springframework/core/env/PropertySources
instanceKlass java/util/Collections$1
instanceKlass org/springframework/core/env/AbstractEnvironment
instanceKlass org/springframework/web/context/ConfigurableWebEnvironment
instanceKlass org/springframework/core/env/ConfigurableEnvironment
instanceKlass org/springframework/core/env/ConfigurablePropertyResolver
instanceKlass org/springframework/core/env/Environment
instanceKlass org/springframework/core/env/PropertyResolver
instanceKlass org/springframework/boot/SpringApplication$1
instanceKlass org/springframework/core/env/CommandLineArgs
instanceKlass org/springframework/core/env/SimpleCommandLineArgsParser
instanceKlass org/springframework/core/env/PropertySource
instanceKlass org/springframework/boot/DefaultApplicationArguments
instanceKlass org/springframework/boot/ApplicationArguments
instanceKlass sun/util/logging/LoggingSupport$2
instanceKlass java/util/logging/Formatter
instanceKlass java/util/logging/ErrorManager
instanceKlass java/util/logging/LogManager$5
instanceKlass java/util/logging/LoggingProxyImpl
instanceKlass sun/util/logging/LoggingProxy
instanceKlass sun/util/logging/LoggingSupport$1
instanceKlass sun/util/logging/LoggingSupport
instanceKlass sun/util/logging/PlatformLogger$LoggerProxy
instanceKlass sun/util/logging/PlatformLogger$1
instanceKlass sun/util/logging/PlatformLogger
instanceKlass java/util/logging/LogManager$LoggerContext$1
instanceKlass java/util/logging/Logger$LoggerBundle
instanceKlass java/util/logging/Logger
instanceKlass java/util/logging/LogManager$3
instanceKlass java/util/logging/LogManager$2
instanceKlass java/lang/Shutdown$Lock
instanceKlass java/lang/Shutdown
instanceKlass java/lang/ApplicationShutdownHooks$1
instanceKlass java/lang/ApplicationShutdownHooks
instanceKlass java/util/logging/LogManager$LogNode
instanceKlass java/util/logging/LogManager$LoggerContext
instanceKlass java/util/logging/LogManager$1
instanceKlass java/util/logging/Level$KnownLevel
instanceKlass java/util/logging/Level
instanceKlass java/util/logging/LogManager
instanceKlass java/util/logging/Handler
instanceKlass java/util/Formattable
instanceKlass java/util/Formatter$Conversion
instanceKlass java/util/Formatter$Flags
instanceKlass java/util/Formatter$FormatSpecifier
instanceKlass java/util/Formatter$FixedString
instanceKlass java/util/Formatter$FormatString
instanceKlass java/util/regex/ASCII
instanceKlass java/util/regex/Pattern$TreeInfo
instanceKlass java/util/Formatter
instanceKlass org/springframework/boot/logging/LoggingSystem$$Lambda$22
instanceKlass org/springframework/boot/logging/AbstractLoggingSystem$LogLevels
instanceKlass org/springframework/boot/logging/LoggerConfigurationComparator
instanceKlass java/util/Collections$UnmodifiableMap$UnmodifiableEntrySet$UnmodifiableEntry
instanceKlass java/util/Collections$UnmodifiableMap$UnmodifiableEntrySet$$Lambda$21
instanceKlass java/util/stream/Sink$ChainedReference
instanceKlass java/util/stream/FindOps$$Lambda$20
instanceKlass java/lang/invoke/LambdaForm$DMH
instanceKlass java/util/stream/FindOps$FindSink
instanceKlass java/util/stream/TerminalSink
instanceKlass java/util/stream/Sink
instanceKlass java/util/stream/FindOps$$Lambda$19
instanceKlass java/lang/invoke/LambdaForm$DMH
instanceKlass java/util/stream/FindOps$FindOp
instanceKlass java/util/stream/TerminalOp
instanceKlass java/util/stream/FindOps
instanceKlass org/springframework/boot/logging/LoggingSystem$$Lambda$18
instanceKlass org/springframework/boot/logging/LoggingSystem$$Lambda$17
instanceKlass java/util/function/Predicate
instanceKlass java/util/EnumMap$1
instanceKlass java/util/stream/StreamOpFlag$MaskBuilder
instanceKlass java/util/stream/PipelineHelper
instanceKlass java/util/stream/Stream
instanceKlass java/util/stream/BaseStream
instanceKlass java/util/stream/StreamSupport
instanceKlass java/util/Spliterators$IteratorSpliterator
instanceKlass java/util/Spliterator$OfDouble
instanceKlass java/util/Spliterator$OfLong
instanceKlass java/util/Spliterator$OfInt
instanceKlass java/util/Spliterator$OfPrimitive
instanceKlass java/util/Spliterators$EmptySpliterator
instanceKlass java/util/Spliterators
instanceKlass java/util/Collections$UnmodifiableMap$UnmodifiableEntrySet$UnmodifiableEntrySetSpliterator
instanceKlass java/util/Spliterator
instanceKlass org/springframework/boot/logging/LoggingSystem
instanceKlass com/hospital/doctor/DoctorServiceApplication
instanceKlass org/springframework/core/SmartClassLoader
instanceKlass org/springframework/boot/devtools/restart/FailureHandler$$Lambda$16
instanceKlass java/lang/invoke/LambdaForm$DMH
instanceKlass org/springframework/boot/devtools/restart/FailureHandler
instanceKlass org/springframework/boot/devtools/restart/Restarter$$Lambda$15
instanceKlass java/util/concurrent/Callable
instanceKlass org/springframework/cglib/core/ClassNameReader
instanceKlass java/util/concurrent/LinkedBlockingDeque$Node
instanceKlass org/springframework/boot/devtools/restart/MainMethod
instanceKlass java/util/regex/Matcher
instanceKlass java/util/regex/MatchResult
instanceKlass java/util/regex/Pattern$Node
instanceKlass java/util/regex/Pattern
instanceKlass java/lang/invoke/LambdaForm$MH
instanceKlass org/springframework/boot/devtools/settings/DevToolsSettings$$Lambda$14
instanceKlass java/util/function/BiConsumer
instanceKlass java/lang/invoke/LambdaForm$DMH
instanceKlass org/springframework/boot/devtools/settings/DevToolsSettings
instanceKlass java/util/jar/JarVerifier$3
instanceKlass java/security/CodeSigner
instanceKlass java/util/jar/JarVerifier
instanceKlass org/springframework/boot/devtools/logger/DevToolsLogFactory
instanceKlass org/springframework/boot/devtools/restart/ChangeableUrls
instanceKlass org/springframework/boot/devtools/system/DevToolsEnablementDeducer
instanceKlass org/springframework/boot/devtools/restart/SilentExitExceptionHandler
instanceKlass org/springframework/boot/logging/DeferredLog$Line
instanceKlass java/util/concurrent/BlockingDeque
instanceKlass org/springframework/boot/devtools/restart/classloader/ClassLoaderFiles
instanceKlass org/springframework/boot/devtools/restart/classloader/ClassLoaderFileRepository
instanceKlass org/springframework/boot/devtools/restart/Restarter
instanceKlass org/springframework/boot/devtools/restart/AgentReloader
instanceKlass org/springframework/boot/devtools/restart/DefaultRestartInitializer
instanceKlass org/springframework/boot/devtools/restart/RestartInitializer
instanceKlass org/springframework/aop/SpringProxy
instanceKlass org/springframework/aop/support/AopUtils
instanceKlass org/springframework/core/ResolvableType$WildcardBounds
instanceKlass org/springframework/context/event/GenericApplicationListenerAdapter
instanceKlass org/springframework/context/event/AbstractApplicationEventMulticaster$CachedListenerRetriever
instanceKlass org/springframework/context/event/AbstractApplicationEventMulticaster$ListenerCacheKey
instanceKlass org/springframework/core/ResolvableTypeProvider
instanceKlass org/springframework/aop/framework/Advised
instanceKlass org/springframework/aop/TargetClassAware
instanceKlass org/springframework/aop/framework/AopProxyUtils
instanceKlass org/springframework/context/event/AbstractApplicationEventMulticaster$DefaultListenerRetriever
instanceKlass org/springframework/context/event/AbstractApplicationEventMulticaster
instanceKlass org/springframework/beans/factory/BeanFactoryAware
instanceKlass org/springframework/beans/factory/BeanClassLoaderAware
instanceKlass org/springframework/context/event/ApplicationEventMulticaster
instanceKlass org/springframework/boot/context/event/EventPublishingRunListener
instanceKlass org/springframework/boot/SpringApplicationRunListener
instanceKlass org/springframework/boot/SpringApplicationRunListeners
instanceKlass org/springframework/util/StopWatch
instanceKlass org/springframework/core/annotation/TypeMappedAnnotation$$Lambda$13
instanceKlass org/springframework/core/annotation/ValueExtractor
instanceKlass org/springframework/core/annotation/AnnotationTypeMappings$$Lambda$12
instanceKlass java/util/function/Consumer
instanceKlass java/lang/invoke/LambdaForm$DMH
instanceKlass org/springframework/core/annotation/AliasFor
instanceKlass org/springframework/core/annotation/AnnotationTypeMapping$MirrorSets
instanceKlass org/springframework/core/annotation/AnnotationTypeMapping$MirrorSets$MirrorSet
instanceKlass org/springframework/core/annotation/AnnotationTypeMapping
instanceKlass org/springframework/core/annotation/AnnotationTypeMappings$Cache$$Lambda$11
instanceKlass org/springframework/core/annotation/AnnotationTypeMappings$$Lambda$10
instanceKlass org/springframework/core/annotation/AnnotationTypeMappings$Cache
instanceKlass org/springframework/core/annotation/AnnotationTypeMappings
instanceKlass org/springframework/core/annotation/RepeatableContainers$StandardRepeatableContainers$$Lambda$9
instanceKlass org/springframework/core/annotation/AttributeMethods$$Lambda$8
instanceKlass org/springframework/core/annotation/AttributeMethods$$Lambda$7
instanceKlass java/lang/invoke/LambdaForm$DMH
instanceKlass java/lang/invoke/LambdaForm$DMH
instanceKlass org/springframework/core/annotation/AttributeMethods
instanceKlass java/util/concurrent/CountDownLatch
instanceKlass org/springframework/boot/autoconfigure/BackgroundPreinitializer
instanceKlass org/springframework/boot/devtools/logger/DevToolsLogFactory$Listener
instanceKlass org/springframework/boot/devtools/restart/RestartApplicationListener
instanceKlass org/springframework/boot/liquibase/LiquibaseServiceLocatorApplicationListener
instanceKlass java/util/EventObject
instanceKlass org/springframework/core/ResolvableType$DefaultVariableResolver
instanceKlass sun/reflect/generics/reflectiveObjects/ParameterizedTypeImpl
instanceKlass org/springframework/boot/context/properties/source/ConfigurationPropertyName$ElementsParser
instanceKlass org/springframework/boot/context/properties/source/ConfigurationPropertyName$Elements
instanceKlass org/springframework/boot/context/properties/source/ConfigurationPropertyName
instanceKlass org/springframework/boot/context/logging/LoggingApplicationListener
instanceKlass org/springframework/boot/context/logging/ClasspathLoggingApplicationListener
instanceKlass org/springframework/context/event/GenericApplicationListener
instanceKlass org/springframework/boot/context/config/DelegatingApplicationListener
instanceKlass java/lang/invoke/LambdaForm$MH
instanceKlass java/util/Comparator$$Lambda$6
instanceKlass java/lang/invoke/LambdaForm$BMH
instanceKlass java/lang/invoke/LambdaForm$MH
instanceKlass java/lang/invoke/LambdaForm$DMH
instanceKlass java/lang/invoke/LambdaForm$BMH
instanceKlass java/lang/invoke/LambdaForm$BMH
instanceKlass org/springframework/boot/context/config/ConfigFileApplicationListener$$Lambda$5
instanceKlass org/springframework/core/ResolvableType$TypeVariablesVariableResolver
instanceKlass org/springframework/core/ResolvableType$VariableResolver
instanceKlass org/springframework/core/ResolvableType$SyntheticParameterizedType
instanceKlass org/springframework/core/SerializableTypeWrapper$SerializableTypeProxy
instanceKlass java/lang/reflect/WildcardType
instanceKlass java/lang/reflect/ParameterizedType
instanceKlass org/springframework/core/SerializableTypeWrapper
instanceKlass sun/reflect/generics/reflectiveObjects/LazyReflectiveObjectGenerator
instanceKlass java/lang/reflect/TypeVariable
instanceKlass sun/reflect/generics/tree/TypeVariableSignature
instanceKlass sun/reflect/generics/tree/ClassSignature
instanceKlass sun/reflect/generics/tree/Signature
instanceKlass sun/reflect/generics/tree/FormalTypeParameter
instanceKlass org/springframework/core/ResolvableType$EmptyType
instanceKlass org/springframework/core/ResolvableType
instanceKlass org/springframework/boot/context/properties/bind/Bindable
instanceKlass org/springframework/boot/context/config/ConfigFileApplicationListener
instanceKlass org/springframework/boot/context/config/AnsiOutputApplicationListener
instanceKlass org/springframework/boot/context/FileEncodingApplicationListener
instanceKlass org/springframework/boot/logging/DeferredLog
instanceKlass org/springframework/boot/cloud/CloudFoundryVcapEnvironmentPostProcessor
instanceKlass org/springframework/boot/env/EnvironmentPostProcessor
instanceKlass org/springframework/boot/builder/ParentContextCloserApplicationListener
instanceKlass org/springframework/context/ApplicationContextAware
instanceKlass org/springframework/beans/factory/Aware
instanceKlass org/springframework/boot/ClearCachesApplicationListener
instanceKlass org/springframework/cloud/context/restart/RestartListener
instanceKlass org/springframework/context/event/SmartApplicationListener
instanceKlass org/springframework/cloud/bootstrap/LoggingSystemShutdownListener
instanceKlass org/springframework/cloud/bootstrap/BootstrapApplicationListener
instanceKlass java/lang/annotation/Target
instanceKlass java/lang/reflect/WeakCache$Value
instanceKlass sun/misc/ProxyGenerator$ExceptionTableEntry
instanceKlass sun/misc/ProxyGenerator$PrimitiveTypeInfo
instanceKlass sun/misc/ProxyGenerator$FieldInfo
instanceKlass java/io/DataOutput
instanceKlass sun/misc/ProxyGenerator$ConstantPool$Entry
instanceKlass sun/misc/ProxyGenerator$MethodInfo
instanceKlass sun/misc/ProxyGenerator$ProxyMethod
instanceKlass sun/misc/ProxyGenerator$ConstantPool
instanceKlass sun/misc/ProxyGenerator
instanceKlass java/lang/reflect/WeakCache$Factory
instanceKlass java/util/function/Supplier
instanceKlass java/lang/reflect/Proxy$ProxyClassFactory
instanceKlass java/lang/reflect/Proxy$KeyFactory
instanceKlass java/util/function/BiFunction
instanceKlass java/lang/reflect/WeakCache
instanceKlass java/lang/reflect/Proxy
instanceKlass sun/reflect/annotation/AnnotationInvocationHandler
instanceKlass java/lang/reflect/InvocationHandler
instanceKlass sun/reflect/annotation/AnnotationParser$1
instanceKlass sun/reflect/annotation/ExceptionProxy
instanceKlass java/lang/annotation/Documented
instanceKlass java/lang/annotation/Inherited
instanceKlass java/lang/annotation/Retention
instanceKlass sun/reflect/annotation/AnnotationType$1
instanceKlass java/lang/reflect/GenericArrayType
instanceKlass java/lang/FunctionalInterface
instanceKlass sun/reflect/generics/visitor/Reifier
instanceKlass sun/reflect/generics/visitor/TypeTreeVisitor
instanceKlass sun/reflect/generics/factory/CoreReflectionFactory
instanceKlass sun/reflect/generics/factory/GenericsFactory
instanceKlass sun/reflect/generics/scope/AbstractScope
instanceKlass sun/reflect/generics/scope/Scope
instanceKlass sun/reflect/generics/tree/ClassTypeSignature
instanceKlass sun/reflect/generics/tree/SimpleClassTypeSignature
instanceKlass sun/reflect/generics/tree/FieldTypeSignature
instanceKlass sun/reflect/generics/tree/BaseType
instanceKlass sun/reflect/generics/tree/TypeSignature
instanceKlass sun/reflect/generics/tree/ReturnType
instanceKlass sun/reflect/generics/tree/TypeArgument
instanceKlass sun/reflect/generics/tree/TypeTree
instanceKlass sun/reflect/generics/tree/Tree
instanceKlass sun/reflect/generics/parser/SignatureParser
instanceKlass org/springframework/util/ObjectUtils
instanceKlass org/springframework/core/DecoratingProxy
instanceKlass org/springframework/core/annotation/AbstractMergedAnnotation
instanceKlass org/springframework/core/annotation/MergedAnnotation
instanceKlass sun/reflect/annotation/AnnotationParser
instanceKlass org/springframework/core/annotation/AnnotationsScanner$1
instanceKlass org/springframework/core/annotation/MergedAnnotationSelectors$FirstDirectlyDeclared
instanceKlass org/springframework/core/annotation/MergedAnnotationSelectors$Nearest
instanceKlass org/springframework/core/annotation/MergedAnnotationSelector
instanceKlass org/springframework/core/annotation/MergedAnnotationSelectors
instanceKlass org/springframework/core/annotation/TypeMappedAnnotations$MergedAnnotationFinder
instanceKlass org/springframework/core/annotation/AnnotationsProcessor
instanceKlass org/springframework/core/annotation/Order
instanceKlass org/springframework/core/annotation/OrderUtils
instanceKlass org/springframework/core/annotation/AnnotationsScanner
instanceKlass org/springframework/core/annotation/TypeMappedAnnotations
instanceKlass org/springframework/core/annotation/AnnotationFilter$2
instanceKlass org/springframework/core/annotation/AnnotationFilter$1
instanceKlass java/util/ComparableTimSort
instanceKlass org/springframework/core/annotation/PackagesAnnotationFilter
instanceKlass org/springframework/core/annotation/AnnotationFilter
instanceKlass org/springframework/core/annotation/RepeatableContainers
instanceKlass org/springframework/core/annotation/MergedAnnotations
instanceKlass org/springframework/core/PriorityOrdered
instanceKlass java/util/TimSort
instanceKlass java/util/Arrays$LegacyMergeSort
instanceKlass org/springframework/core/OrderComparator
instanceKlass org/springframework/boot/autoconfigure/logging/ConditionEvaluationReportLoggingListener
instanceKlass org/springframework/boot/autoconfigure/SharedMetadataReaderFactoryContextInitializer
instanceKlass org/springframework/boot/devtools/restart/RestartScopeInitializer
instanceKlass org/springframework/boot/web/context/ServerPortInfoApplicationContextInitializer
instanceKlass org/springframework/context/ApplicationListener
instanceKlass java/util/EventListener
instanceKlass org/springframework/boot/rsocket/context/RSocketPortInfoApplicationContextInitializer
instanceKlass org/springframework/boot/context/config/DelegatingApplicationContextInitializer
instanceKlass org/springframework/boot/context/ContextIdApplicationContextInitializer
instanceKlass org/springframework/core/Ordered
instanceKlass org/springframework/core/KotlinDetector
instanceKlass org/springframework/util/ReflectionUtils$$Lambda$4
instanceKlass org/springframework/util/ReflectionUtils$FieldFilter
instanceKlass org/springframework/util/ReflectionUtils$$Lambda$3
instanceKlass org/springframework/util/ReflectionUtils$MethodFilter
instanceKlass java/lang/invoke/LambdaForm$DMH
instanceKlass java/lang/invoke/LambdaForm$DMH
instanceKlass org/springframework/util/ReflectionUtils
instanceKlass java/util/Collections$UnmodifiableMap
instanceKlass org/springframework/beans/BeanUtils
instanceKlass org/springframework/boot/context/ConfigurationWarningsApplicationContextInitializer
instanceKlass java/util/LinkedList$ListItr
instanceKlass org/springframework/util/ConcurrentReferenceHashMap$Entry
instanceKlass java/lang/invoke/LambdaForm$MH
instanceKlass java/lang/invoke/LambdaForm$DMH
instanceKlass java/lang/invoke/LambdaForm$DMH
instanceKlass org/springframework/util/ConcurrentReferenceHashMap$Segment$$Lambda$2
instanceKlass org/springframework/util/ConcurrentReferenceHashMap$Entries
instanceKlass java/lang/invoke/LambdaForm$DMH
instanceKlass java/lang/Class$4
instanceKlass org/springframework/util/ConcurrentReferenceHashMap$Task
instanceKlass java/util/zip/ZipFile$ZipEntryIterator
instanceKlass java/util/jar/JarFile$JarEntryIterator
instanceKlass java/lang/invoke/LambdaForm$MH
instanceKlass java/lang/invoke/LambdaForm$MH
instanceKlass java/lang/invoke/InnerClassLambdaMetafactory$1
instanceKlass org/springframework/util/LinkedMultiValueMap$$Lambda$1
instanceKlass java/lang/invoke/InfoFromMemberName
instanceKlass java/lang/invoke/MethodHandleInfo
instanceKlass java/security/AccessController$1
instanceKlass java/lang/invoke/AbstractValidatingLambdaMetafactory
instanceKlass java/lang/invoke/LambdaForm$BMH
instanceKlass java/lang/invoke/LambdaForm$BMH
instanceKlass java/lang/invoke/LambdaForm$BMH
instanceKlass java/lang/invoke/LambdaForm$BMH
instanceKlass sun/reflect/UnsafeFieldAccessorFactory
instanceKlass jdk/internal/org/objectweb/asm/FieldVisitor
instanceKlass java/lang/invoke/BoundMethodHandle$Factory$1
instanceKlass java/lang/invoke/BoundMethodHandle$SpeciesData$1
instanceKlass java/lang/invoke/LambdaForm$BMH
instanceKlass java/lang/invoke/LambdaForm$MH
instanceKlass java/lang/invoke/LambdaForm$BMH
instanceKlass java/lang/invoke/LambdaForm$MH
instanceKlass java/lang/invoke/LambdaForm$DMH
instanceKlass java/lang/invoke/LambdaForm$DMH
instanceKlass java/lang/invoke/LambdaForm$BMH
instanceKlass java/lang/invoke/LambdaForm$BMH
instanceKlass java/lang/invoke/LambdaForm$MH
instanceKlass java/lang/invoke/LambdaFormBuffer
instanceKlass java/lang/invoke/LambdaFormEditor
instanceKlass java/lang/invoke/LambdaForm$BMH
instanceKlass java/lang/invoke/LambdaForm$DMH
instanceKlass java/lang/invoke/LambdaForm$DMH
instanceKlass java/lang/invoke/LambdaForm$DMH
instanceKlass java/lang/invoke/LambdaForm$DMH
instanceKlass java/lang/invoke/LambdaForm$MH
instanceKlass java/lang/invoke/LambdaForm$DMH
instanceKlass java/lang/invoke/LambdaForm$DMH
instanceKlass java/lang/invoke/LambdaForm$MH
instanceKlass java/lang/invoke/LambdaForm$DMH
instanceKlass java/lang/invoke/LambdaForm$DMH
instanceKlass java/lang/invoke/LambdaForm$MH
instanceKlass java/lang/invoke/LambdaForm$DMH
instanceKlass java/lang/invoke/LambdaForm$DMH
instanceKlass java/lang/invoke/LambdaForm$MH
instanceKlass java/lang/invoke/LambdaForm$DMH
instanceKlass java/lang/invoke/LambdaForm$DMH
instanceKlass java/lang/invoke/LambdaForm$MH
instanceKlass java/lang/invoke/LambdaForm$DMH
instanceKlass java/lang/invoke/LambdaForm$MH
instanceKlass java/lang/invoke/LambdaForm$DMH
instanceKlass java/lang/invoke/LambdaForm$DMH
instanceKlass java/lang/invoke/LambdaForm$MH
instanceKlass java/lang/invoke/LambdaForm$DMH
instanceKlass java/lang/invoke/LambdaForm$DMH
instanceKlass java/lang/invoke/LambdaForm$MH
instanceKlass java/lang/invoke/LambdaForm$DMH
instanceKlass java/lang/invoke/LambdaForm$MH
instanceKlass java/lang/invoke/LambdaForm$DMH
instanceKlass java/lang/invoke/LambdaForm$MH
instanceKlass java/lang/invoke/LambdaForm$DMH
instanceKlass java/lang/invoke/LambdaForm$DMH
instanceKlass java/lang/invoke/MethodHandleImpl$Lazy
instanceKlass java/lang/invoke/LambdaForm$BMH
instanceKlass java/lang/invoke/LambdaForm$MH
instanceKlass java/lang/invoke/LambdaForm$DMH
instanceKlass java/lang/invoke/LambdaForm$DMH
instanceKlass java/lang/invoke/LambdaForm$DMH
instanceKlass java/lang/invoke/LambdaForm$DMH
instanceKlass java/util/SubList$1
instanceKlass java/util/ListIterator
instanceKlass java/lang/invoke/LambdaForm$MH
instanceKlass java/lang/invoke/LambdaForm$MH
instanceKlass java/lang/invoke/LambdaForm$MH
instanceKlass java/lang/invoke/LambdaForm$MH
instanceKlass java/lang/invoke/LambdaForm$MH
instanceKlass java/lang/invoke/LambdaForm$MH
instanceKlass java/lang/invoke/LambdaForm$MH
instanceKlass java/lang/invoke/LambdaForm$MH
instanceKlass java/lang/invoke/LambdaForm$MH
instanceKlass java/lang/invoke/LambdaForm$MH
instanceKlass java/lang/invoke/LambdaForm$MH
instanceKlass java/lang/invoke/LambdaForm$MH
instanceKlass java/lang/invoke/InvokerBytecodeGenerator$CpPatch
instanceKlass java/lang/invoke/LambdaForm$DMH
instanceKlass java/lang/invoke/LambdaForm$DMH
instanceKlass java/lang/invoke/LambdaForm$DMH
instanceKlass java/lang/invoke/LambdaForm$DMH
instanceKlass java/lang/invoke/LambdaForm$DMH
instanceKlass java/lang/invoke/LambdaForm$DMH
instanceKlass sun/invoke/empty/Empty
instanceKlass sun/invoke/util/VerifyType
instanceKlass java/lang/invoke/InvokerBytecodeGenerator$2
instanceKlass jdk/internal/org/objectweb/asm/AnnotationVisitor
instanceKlass jdk/internal/org/objectweb/asm/Frame
instanceKlass jdk/internal/org/objectweb/asm/Label
instanceKlass jdk/internal/org/objectweb/asm/Type
instanceKlass jdk/internal/org/objectweb/asm/MethodVisitor
instanceKlass jdk/internal/org/objectweb/asm/Item
instanceKlass jdk/internal/org/objectweb/asm/ByteVector
instanceKlass jdk/internal/org/objectweb/asm/ClassVisitor
instanceKlass java/lang/invoke/InvokerBytecodeGenerator
instanceKlass java/lang/invoke/DirectMethodHandle$Lazy
instanceKlass sun/invoke/util/BytecodeDescriptor
instanceKlass java/lang/invoke/BoundMethodHandle$Factory
instanceKlass java/lang/invoke/BoundMethodHandle$SpeciesData
instanceKlass java/lang/invoke/LambdaForm$NamedFunction
instanceKlass java/lang/invoke/LambdaForm$Name
instanceKlass sun/invoke/util/ValueConversions
instanceKlass sun/invoke/util/VerifyAccess
instanceKlass java/lang/Long$LongCache
instanceKlass java/lang/Character$CharacterCache
instanceKlass java/lang/Short$ShortCache
instanceKlass java/lang/Byte$ByteCache
instanceKlass sun/invoke/util/Wrapper$Format
instanceKlass java/lang/invoke/MethodHandles
instanceKlass java/lang/invoke/Invokers
instanceKlass java/lang/invoke/MethodTypeForm
instanceKlass java/lang/invoke/MethodType$ConcurrentWeakInternSet
instanceKlass java/lang/invoke/MethodHandles$Lookup
instanceKlass java/lang/invoke/LambdaMetafactory
instanceKlass org/springframework/util/CollectionUtils
instanceKlass org/springframework/util/StringUtils
instanceKlass org/springframework/util/ResourceUtils
instanceKlass sun/net/www/protocol/jar/JarFileFactory
instanceKlass sun/net/www/protocol/jar/URLJarFile$URLJarFileCloseController
instanceKlass org/springframework/core/io/support/PropertiesLoaderUtils
instanceKlass org/springframework/core/io/AbstractResource
instanceKlass org/springframework/core/io/Resource
instanceKlass org/springframework/core/io/InputStreamSource
instanceKlass org/springframework/util/LinkedMultiValueMap
instanceKlass org/springframework/util/MultiValueMap
instanceKlass org/springframework/core/io/support/SpringFactoriesLoader
instanceKlass org/springframework/context/ApplicationContextInitializer
instanceKlass org/springframework/web/context/ConfigurableWebApplicationContext
instanceKlass org/springframework/context/ConfigurableApplicationContext
instanceKlass org/springframework/context/Lifecycle
instanceKlass org/springframework/web/context/WebApplicationContext
instanceKlass org/springframework/context/ApplicationContext
instanceKlass org/springframework/core/io/support/ResourcePatternResolver
instanceKlass org/springframework/core/io/ResourceLoader
instanceKlass org/springframework/context/ApplicationEventPublisher
instanceKlass org/springframework/context/MessageSource
instanceKlass org/springframework/beans/factory/HierarchicalBeanFactory
instanceKlass org/springframework/beans/factory/ListableBeanFactory
instanceKlass org/springframework/beans/factory/BeanFactory
instanceKlass org/springframework/core/env/EnvironmentCapable
instanceKlass javax/servlet/Servlet
instanceKlass java/io/Externalizable
instanceKlass java/util/Optional
instanceKlass java/util/IdentityHashMap$EntryIterator$Entry
instanceKlass java/util/IdentityHashMap$IdentityHashMapIterator
instanceKlass org/springframework/util/ConcurrentReferenceHashMap$Reference
instanceKlass org/springframework/util/ConcurrentReferenceHashMap$ReferenceManager
instanceKlass org/springframework/util/ClassUtils
instanceKlass java/util/AbstractList$Itr
instanceKlass org/springframework/util/Assert
instanceKlass org/apache/commons/logging/LogAdapter$Slf4jLog
instanceKlass org/apache/commons/logging/Log
instanceKlass ch/qos/logback/classic/util/LoggerNameUtil
instanceKlass ch/qos/logback/classic/selector/DefaultContextSelector
instanceKlass ch/qos/logback/classic/selector/ContextSelector
instanceKlass ch/qos/logback/core/util/StatusPrinter
instanceKlass ch/qos/logback/core/status/StatusUtil
instanceKlass ch/qos/logback/core/spi/AppenderAttachableImpl
instanceKlass ch/qos/logback/core/util/EnvUtil
instanceKlass ch/qos/logback/core/pattern/Converter
instanceKlass java/util/Date
instanceKlass java/text/DigitList
instanceKlass java/text/FieldPosition
instanceKlass java/util/Currency$CurrencyNameGetter
instanceKlass java/util/Currency$1
instanceKlass java/util/Currency
instanceKlass java/text/DecimalFormatSymbols
instanceKlass java/util/concurrent/atomic/AtomicMarkableReference$Pair
instanceKlass java/util/concurrent/atomic/AtomicMarkableReference
instanceKlass java/text/DateFormatSymbols
instanceKlass sun/util/calendar/CalendarUtils
instanceKlass sun/util/calendar/CalendarDate
instanceKlass java/util/Collections$EmptyIterator
instanceKlass sun/util/locale/LanguageTag
instanceKlass java/util/ResourceBundle$CacheKeyReference
instanceKlass java/util/ResourceBundle$CacheKey
instanceKlass java/util/ResourceBundle$RBClassLoader$1
instanceKlass java/util/spi/ResourceBundleControlProvider
instanceKlass java/util/ResourceBundle
instanceKlass java/util/ResourceBundle$Control
instanceKlass sun/util/resources/LocaleData$1
instanceKlass sun/util/resources/LocaleData
instanceKlass sun/util/locale/provider/LocaleResources
instanceKlass sun/util/locale/provider/CalendarDataUtility$CalendarWeekParameterGetter
instanceKlass sun/util/locale/provider/LocaleServiceProviderPool$LocalizedObjectGetter
instanceKlass sun/util/locale/provider/SPILocaleProviderAdapter$1
instanceKlass sun/util/locale/provider/LocaleServiceProviderPool
instanceKlass sun/util/locale/provider/CalendarDataUtility
instanceKlass java/util/Calendar$Builder
instanceKlass sun/util/locale/provider/JRELocaleProviderAdapter$1
instanceKlass sun/util/locale/provider/LocaleDataMetaInfo
instanceKlass sun/util/locale/provider/AvailableLanguageTags
instanceKlass sun/util/locale/provider/LocaleProviderAdapter$1
instanceKlass java/util/Collections$UnmodifiableCollection$1
instanceKlass sun/util/locale/provider/ResourceBundleBasedAdapter
instanceKlass sun/util/locale/provider/LocaleProviderAdapter
instanceKlass java/util/spi/LocaleServiceProvider
instanceKlass java/util/Calendar
instanceKlass java/util/TimeZone$1
instanceKlass java/util/zip/CRC32
instanceKlass java/util/zip/Checksum
instanceKlass sun/util/calendar/ZoneInfoFile$ZoneOffsetTransitionRule
instanceKlass java/io/DataInput
instanceKlass sun/util/calendar/ZoneInfoFile$1
instanceKlass sun/util/calendar/ZoneInfoFile
instanceKlass sun/util/calendar/CalendarSystem
instanceKlass java/util/TimeZone
instanceKlass java/util/Locale$1
instanceKlass java/text/AttributedCharacterIterator$Attribute
instanceKlass java/text/Format
instanceKlass ch/qos/logback/core/util/CachingDateFormatter
instanceKlass ch/qos/logback/core/Layout
instanceKlass ch/qos/logback/core/encoder/Encoder
instanceKlass ch/qos/logback/core/util/COWArrayList
instanceKlass ch/qos/logback/core/spi/FilterAttachableImpl
instanceKlass ch/qos/logback/core/Appender
instanceKlass ch/qos/logback/core/spi/FilterAttachable
instanceKlass ch/qos/logback/core/spi/ContextAwareBase
instanceKlass java/util/ServiceLoader$1
instanceKlass java/util/ServiceLoader$LazyIterator
instanceKlass java/util/ServiceLoader
instanceKlass ch/qos/logback/classic/util/EnvUtil
instanceKlass ch/qos/logback/classic/spi/Configurator
instanceKlass ch/qos/logback/core/spi/ContextAware
instanceKlass ch/qos/logback/core/status/StatusBase
instanceKlass ch/qos/logback/core/status/Status
instanceKlass java/net/URLClassLoader$2
instanceKlass java/util/Collections$3
instanceKlass java/util/HashMap$HashIterator
instanceKlass java/security/PermissionsEnumerator
instanceKlass sun/security/provider/PolicyFile$7
instanceKlass sun/security/provider/PolicyFile$5
instanceKlass sun/security/action/GetBooleanAction
instanceKlass sun/security/util/SecurityConstants
instanceKlass sun/security/provider/PolicyFile$PolicyEntry
instanceKlass java/util/Vector$1
instanceKlass sun/security/provider/PolicyParser$PermissionEntry
instanceKlass sun/security/provider/PolicyParser$GrantEntry
instanceKlass java/io/StreamTokenizer
instanceKlass sun/security/util/PolicyUtil
instanceKlass sun/security/provider/PolicyParser
instanceKlass java/net/URI$Parser
instanceKlass java/net/URI
instanceKlass sun/security/util/PropertyExpander
instanceKlass sun/security/provider/PolicyFile$3
instanceKlass java/security/ProtectionDomain$2$1
instanceKlass sun/misc/JavaSecurityProtectionDomainAccess$ProtectionDomainCache
instanceKlass java/util/Collections$SynchronizedMap
instanceKlass sun/security/provider/PolicyFile$PolicyInfo
instanceKlass sun/security/provider/PolicyFile$1
instanceKlass java/util/Properties$LineReader
instanceKlass java/security/Security$1
instanceKlass java/security/Security
instanceKlass java/security/Policy$1
instanceKlass java/security/Policy$PolicyInfo
instanceKlass java/util/concurrent/atomic/AtomicReference
instanceKlass java/security/Policy
instanceKlass ch/qos/logback/core/util/Loader$1
instanceKlass ch/qos/logback/core/util/Loader
instanceKlass ch/qos/logback/core/util/OptionHelper
instanceKlass ch/qos/logback/core/util/StatusListenerConfigHelper
instanceKlass ch/qos/logback/classic/util/ContextInitializer
instanceKlass ch/qos/logback/classic/util/ContextSelectorStaticBinder
instanceKlass java/util/ArrayList$Itr
instanceKlass ch/qos/logback/classic/Level
instanceKlass ch/qos/logback/classic/Logger
instanceKlass ch/qos/logback/core/spi/AppenderAttachable
instanceKlass ch/qos/logback/classic/spi/LoggerContextVO
instanceKlass java/util/concurrent/CopyOnWriteArrayList
instanceKlass ch/qos/logback/core/spi/LogbackLock
instanceKlass ch/qos/logback/core/helpers/CyclicBuffer
instanceKlass ch/qos/logback/core/BasicStatusManager
instanceKlass ch/qos/logback/core/status/StatusManager
instanceKlass ch/qos/logback/core/ContextBase
instanceKlass ch/qos/logback/core/Context
instanceKlass ch/qos/logback/core/spi/PropertyContainer
instanceKlass ch/qos/logback/core/spi/LifeCycle
instanceKlass org/slf4j/impl/StaticLoggerBinder
instanceKlass org/slf4j/spi/LoggerFactoryBinder
instanceKlass java/net/URLClassLoader$3$1
instanceKlass sun/misc/CompoundEnumeration
instanceKlass java/net/URLClassLoader$3
instanceKlass sun/misc/URLClassPath$1
instanceKlass java/lang/ClassLoader$2
instanceKlass sun/misc/URLClassPath$2
instanceKlass sun/misc/Launcher$BootClassPathHolder$1
instanceKlass sun/misc/Launcher$BootClassPathHolder
instanceKlass org/slf4j/helpers/Util
instanceKlass org/slf4j/helpers/NOPLoggerFactory
instanceKlass java/util/concurrent/LinkedBlockingQueue$Node
instanceKlass java/util/concurrent/locks/AbstractQueuedSynchronizer$ConditionObject
instanceKlass java/util/concurrent/locks/Condition
instanceKlass java/util/concurrent/locks/AbstractQueuedSynchronizer$Node
instanceKlass java/util/concurrent/locks/AbstractOwnableSynchronizer
instanceKlass java/util/concurrent/BlockingQueue
instanceKlass org/slf4j/helpers/SubstituteLoggerFactory
instanceKlass org/slf4j/ILoggerFactory
instanceKlass org/slf4j/LoggerFactory
instanceKlass org/apache/commons/logging/LogAdapter$Slf4jAdapter
instanceKlass org/apache/commons/logging/LogAdapter$1
instanceKlass org/slf4j/spi/LocationAwareLogger
instanceKlass org/slf4j/Logger
instanceKlass org/apache/logging/log4j/spi/Provider
instanceKlass org/apache/logging/log4j/spi/ExtendedLogger
instanceKlass org/apache/logging/log4j/Logger
instanceKlass org/apache/commons/logging/LogAdapter
instanceKlass org/apache/commons/logging/LogFactory
instanceKlass org/springframework/boot/SpringApplication
instanceKlass sun/misc/ASCIICaseInsensitiveComparator
instanceKlass java/util/jar/Attributes$Name
instanceKlass java/util/jar/Attributes
instanceKlass java/util/LinkedList$Node
instanceKlass java/nio/file/attribute/FileTime
instanceKlass java/util/zip/ZipUtils
instanceKlass sun/misc/IOUtils
instanceKlass java/util/zip/ZStreamRef
instanceKlass java/util/zip/Inflater
instanceKlass java/util/zip/ZipEntry
instanceKlass sun/misc/ExtensionDependency
instanceKlass sun/misc/JarIndex
instanceKlass java/util/zip/ZipCoder
instanceKlass java/util/Deque
instanceKlass java/util/Queue
instanceKlass java/nio/charset/StandardCharsets
instanceKlass java/util/jar/JavaUtilJarAccessImpl
instanceKlass sun/misc/JavaUtilJarAccess
instanceKlass sun/misc/FileURLMapper
instanceKlass sun/misc/URLClassPath$JarLoader$1
instanceKlass java/lang/Void
instanceKlass java/lang/Class$MethodArray
instanceKlass sun/launcher/LauncherHelper$FXHelper
instanceKlass com/hospital/doctor/DoctorServiceApplication
instanceKlass java/io/FilePermission$1
instanceKlass sun/net/www/MessageHeader
instanceKlass java/net/URLConnection
instanceKlass java/security/PermissionCollection
instanceKlass sun/nio/ch/DirectBuffer
instanceKlass sun/misc/PerfCounter$CoreCounters
instanceKlass sun/misc/Perf
instanceKlass sun/misc/Perf$GetPerfAction
instanceKlass sun/misc/PerfCounter
instanceKlass sun/nio/ByteBuffered
instanceKlass java/lang/Package
instanceKlass sun/misc/Resource
instanceKlass sun/nio/cs/ThreadLocalCoders$Cache
instanceKlass sun/nio/cs/ThreadLocalCoders
instanceKlass java/util/zip/ZipFile$1
instanceKlass sun/misc/JavaUtilZipFileAccess
instanceKlass java/util/zip/ZipFile
instanceKlass java/util/zip/ZipConstants
instanceKlass sun/misc/URLClassPath$Loader
instanceKlass sun/misc/URLClassPath$3
instanceKlass sun/net/util/URLUtil
instanceKlass java/net/URLClassLoader$1
instanceKlass java/lang/StringCoding$StringDecoder
instanceKlass java/io/FileOutputStream$1
instanceKlass java/lang/StringCoding$StringEncoder
instanceKlass java/lang/ThreadLocal$ThreadLocalMap
instanceKlass java/lang/StringCoding
instanceKlass sun/usagetracker/UsageTrackerClient$3
instanceKlass sun/usagetracker/UsageTrackerClient$2
instanceKlass sun/usagetracker/UsageTrackerClient$4
instanceKlass sun/usagetracker/UsageTrackerClient$1
instanceKlass java/util/concurrent/atomic/AtomicBoolean
instanceKlass sun/usagetracker/UsageTrackerClient
instanceKlass sun/misc/PostVMInitHook$1
instanceKlass jdk/internal/util/EnvUtils
instanceKlass sun/misc/PostVMInitHook$2
instanceKlass sun/misc/PostVMInitHook
instanceKlass java/lang/invoke/MethodHandleStatics$1
instanceKlass java/lang/invoke/MethodHandleStatics
instanceKlass java/lang/invoke/MemberName$Factory
instanceKlass java/lang/ClassValue$Version
instanceKlass java/lang/ClassValue$Identity
instanceKlass java/lang/ClassValue
instanceKlass java/lang/invoke/MethodHandleImpl$3
instanceKlass java/lang/invoke/MethodHandleImpl$2
instanceKlass java/util/function/Function
instanceKlass java/lang/invoke/MethodHandleImpl$1
instanceKlass java/lang/invoke/MethodHandleImpl
instanceKlass java/lang/SystemClassLoaderAction
instanceKlass java/util/LinkedHashMap$LinkedHashIterator
instanceKlass sun/misc/Launcher$AppClassLoader$1
instanceKlass sun/misc/URLClassPath
instanceKlass java/security/Principal
instanceKlass java/security/ProtectionDomain$Key
instanceKlass java/security/ProtectionDomain$2
instanceKlass sun/misc/JavaSecurityProtectionDomainAccess
instanceKlass java/security/ProtectionDomain$JavaSecurityAccessImpl
instanceKlass sun/misc/JavaSecurityAccess
instanceKlass java/net/URLStreamHandler
instanceKlass java/net/Parts
instanceKlass java/util/BitSet
instanceKlass sun/net/www/ParseUtil
instanceKlass java/io/FileInputStream$1
instanceKlass java/lang/CharacterData
instanceKlass sun/util/locale/LocaleUtils
instanceKlass java/util/Locale$LocaleKey
instanceKlass sun/util/locale/BaseLocale$Key
instanceKlass sun/util/locale/BaseLocale
instanceKlass java/util/concurrent/ConcurrentHashMap$CollectionView
instanceKlass java/util/concurrent/ConcurrentHashMap$CounterCell
instanceKlass java/util/concurrent/ConcurrentHashMap$Node
instanceKlass java/util/concurrent/locks/ReentrantLock
instanceKlass java/util/concurrent/locks/Lock
instanceKlass java/util/concurrent/ConcurrentMap
instanceKlass sun/util/locale/LocaleObjectCache
instanceKlass java/util/Locale
instanceKlass java/lang/reflect/Array
instanceKlass java/nio/charset/CoderResult$Cache
instanceKlass java/nio/charset/CoderResult
instanceKlass java/nio/charset/CharsetDecoder
instanceKlass sun/nio/cs/ArrayDecoder
instanceKlass java/io/Reader
instanceKlass java/lang/Readable
instanceKlass sun/misc/MetaIndex
instanceKlass java/util/StringTokenizer
instanceKlass sun/misc/Launcher$ExtClassLoader$1
instanceKlass java/net/URLClassLoader$7
instanceKlass sun/misc/JavaNetAccess
instanceKlass java/lang/ClassLoader$ParallelLoaders
instanceKlass sun/security/util/Debug
instanceKlass sun/misc/Launcher$Factory
instanceKlass java/net/URLStreamHandlerFactory
instanceKlass java/lang/Compiler$1
instanceKlass java/lang/Compiler
instanceKlass java/lang/System$2
instanceKlass sun/misc/JavaLangAccess
instanceKlass sun/io/Win32ErrorMode
instanceKlass sun/misc/OSEnvironment
instanceKlass java/lang/Integer$IntegerCache
instanceKlass sun/misc/NativeSignalHandler
instanceKlass sun/misc/Signal
instanceKlass java/lang/Terminator$1
instanceKlass sun/misc/SignalHandler
instanceKlass java/lang/Terminator
instanceKlass java/lang/ClassLoader$NativeLibrary
instanceKlass java/io/ExpiringCache$Entry
instanceKlass java/lang/ClassLoader$3
instanceKlass java/nio/file/Path
instanceKlass java/nio/file/Watchable
instanceKlass java/lang/Enum
instanceKlass java/io/ExpiringCache
instanceKlass java/io/FileSystem
instanceKlass java/io/DefaultFileSystem
instanceKlass java/nio/Bits$1
instanceKlass sun/misc/JavaNioAccess
instanceKlass java/nio/ByteOrder
instanceKlass java/nio/Bits
instanceKlass java/nio/charset/CodingErrorAction
instanceKlass java/nio/charset/CharsetEncoder
instanceKlass sun/nio/cs/ArrayEncoder
instanceKlass sun/reflect/ReflectionFactory$1
instanceKlass java/lang/Class$1
instanceKlass sun/nio/cs/SingleByte
instanceKlass sun/nio/cs/HistoricallyNamedCharset
instanceKlass sun/security/action/GetPropertyAction
instanceKlass java/lang/ThreadLocal
instanceKlass java/nio/charset/spi/CharsetProvider
instanceKlass java/nio/charset/Charset
instanceKlass java/io/Writer
instanceKlass java/util/Arrays
instanceKlass sun/reflect/misc/ReflectUtil
instanceKlass java/lang/reflect/ReflectAccess
instanceKlass sun/reflect/LangReflectAccess
instanceKlass java/lang/reflect/Modifier
instanceKlass sun/reflect/annotation/AnnotationType
instanceKlass java/lang/Class$AnnotationData
instanceKlass sun/reflect/generics/repository/AbstractRepository
instanceKlass java/lang/Class$Atomic
instanceKlass java/lang/Class$ReflectionData
instanceKlass java/lang/Class$3
instanceKlass java/util/concurrent/atomic/AtomicReferenceFieldUpdater$AtomicReferenceFieldUpdaterImpl$1
instanceKlass java/security/PrivilegedExceptionAction
instanceKlass java/util/concurrent/atomic/AtomicReferenceFieldUpdater
instanceKlass java/io/OutputStream
instanceKlass java/io/Flushable
instanceKlass java/io/FileDescriptor$1
instanceKlass sun/misc/JavaIOFileDescriptorAccess
instanceKlass java/io/FileDescriptor
instanceKlass sun/misc/Version
instanceKlass java/lang/Runtime
instanceKlass java/util/Hashtable$Enumerator
instanceKlass java/util/Iterator
instanceKlass java/util/Enumeration
instanceKlass java/util/Objects
instanceKlass java/util/Collections$SynchronizedCollection
instanceKlass java/lang/Math
instanceKlass java/util/Hashtable$Entry
instanceKlass sun/misc/VM
instanceKlass java/util/HashMap$Node
instanceKlass java/util/Map$Entry
instanceKlass sun/reflect/Reflection
instanceKlass sun/misc/SharedSecrets
instanceKlass java/lang/ref/Reference$1
instanceKlass sun/misc/JavaLangRefAccess
instanceKlass java/lang/ref/ReferenceQueue$Lock
instanceKlass java/util/Collections$UnmodifiableCollection
instanceKlass java/util/AbstractMap
instanceKlass java/util/Set
instanceKlass java/util/Collections
instanceKlass java/lang/ref/Reference$Lock
instanceKlass sun/reflect/ReflectionFactory
instanceKlass java/util/AbstractCollection
instanceKlass java/util/RandomAccess
instanceKlass java/util/List
instanceKlass java/util/Collection
instanceKlass java/lang/Iterable
instanceKlass java/security/cert/Certificate
instanceKlass sun/reflect/ReflectionFactory$GetReflectionFactoryAction
instanceKlass java/security/PrivilegedAction
instanceKlass java/security/AccessController
instanceKlass java/security/Permission
instanceKlass java/security/Guard
instanceKlass java/lang/String$CaseInsensitiveComparator
instanceKlass java/util/Comparator
instanceKlass java/io/ObjectStreamField
instanceKlass java/lang/Number
instanceKlass java/lang/Character
instanceKlass java/lang/Boolean
instanceKlass java/nio/Buffer
instanceKlass java/lang/StackTraceElement
instanceKlass java/security/CodeSource
instanceKlass sun/misc/Launcher
instanceKlass java/util/jar/Manifest
instanceKlass java/net/URL
instanceKlass java/io/File
instanceKlass java/io/InputStream
instanceKlass java/io/Closeable
instanceKlass java/lang/AutoCloseable
instanceKlass sun/misc/Unsafe
instanceKlass java/lang/AbstractStringBuilder
instanceKlass java/lang/Appendable
instanceKlass java/lang/invoke/CallSite
instanceKlass java/lang/invoke/MethodType
instanceKlass java/lang/invoke/LambdaForm
instanceKlass java/lang/invoke/MethodHandleNatives
instanceKlass java/lang/invoke/MemberName
instanceKlass java/lang/invoke/MethodHandle
instanceKlass sun/reflect/CallerSensitive
instanceKlass java/lang/annotation/Annotation
instanceKlass sun/reflect/FieldAccessor
instanceKlass sun/reflect/ConstantPool
instanceKlass sun/reflect/ConstructorAccessor
instanceKlass sun/reflect/MethodAccessor
instanceKlass sun/reflect/MagicAccessorImpl
instanceKlass java/lang/reflect/Parameter
instanceKlass java/lang/reflect/Member
instanceKlass java/lang/reflect/AccessibleObject
instanceKlass java/util/Dictionary
instanceKlass java/util/Map
instanceKlass java/lang/ThreadGroup
instanceKlass java/lang/Thread$UncaughtExceptionHandler
instanceKlass java/lang/Thread
instanceKlass java/lang/Runnable
instanceKlass java/lang/ref/ReferenceQueue
instanceKlass java/lang/ref/Reference
instanceKlass java/security/AccessControlContext
instanceKlass java/security/ProtectionDomain
instanceKlass java/lang/SecurityManager
instanceKlass java/lang/Throwable
instanceKlass java/lang/System
instanceKlass java/lang/ClassLoader
instanceKlass java/lang/Cloneable
instanceKlass java/lang/Class
instanceKlass java/lang/reflect/Type
instanceKlass java/lang/reflect/GenericDeclaration
instanceKlass java/lang/reflect/AnnotatedElement
instanceKlass java/lang/String
instanceKlass java/lang/CharSequence
instanceKlass java/lang/Comparable
instanceKlass java/io/Serializable
ciInstanceKlass java/lang/Object 1 1 78 3 8 8 8 1 1 1 1 1 1 1 1 1 1 1 1 1 1 1 1 1 1 1 1 1 1 1 1 1 1 1 1 1 1 1 1 1 1 1 1 1 1 1 1 1 7 7 100 7 7 7 7 7 1 1 1 12 12 12 12 12 12 12 12 12 12 10 10 10 10 10 10 10 10 10 10 1
ciInstanceKlass java/io/Serializable 1 0 7 1 1 1 100 100 1
ciInstanceKlass java/lang/String 1 1 540 3 3 3 3 8 8 8 8 8 8 8 8 8 8 1 1 1 1 1 1 1 1 1 1 1 1 1 1 1 1 1 1 1 1 1 1 1 1 1 1 1 1 1 1 1 1 1 1 1 1 1 1 1 1 1 1 1 1 1 1 1 1 1 1 1 1 1 1 1 1 1 1 1 1 1 1 1 1 1 1 1 1 1 1 1 1 1 1 1 1 1 1 1 1 1 1 1 1 1 1 1 1 1 1 1 1 1 1 1 1 1 1 1 1 1 1 1 1 1 1 1 1 1 1 1 1 1 1 1 1 1 1 1 1 1 1 1 1 1 1 1 1 1 1 1 1 1 1 1 1 1 1 1 1 1 1 1 1 1 1 1 1 1 1 1 1 1 1 1 1 1 1 1 1 1 1 1 1 1 1 1 1 1 1 1 1 1 1 1 1 1 1 1 1 1 1 1 1 1 1 1 1 1 1 1 1 1 1 1 1 1 1 1 5 0 100 100 100 100 7 7 100 7 100 7 7 100 100 7 100 100 100 7 7 7 7 100 7 7 100 7 100 100 7 100 7 100 100 7 7 7 7 7 7 7 7 7 7 7 1 1 1 1 1 1 1 1 1 1 1 1 1 1 1 1 1 1 1 1 1 1 1 1 1 1 1 1 1 1 1 1 1 1 1 1 1 1 1 1 1 1 1 1 1 1 1 1 1 1 1 1 1 1 1 1 1 1 1 1 1 12 12 12 12 12 12 12 12 12 12 12 12 12 12 12 12 12 12 12 12 12 12 12 12 12 12 12 12 12 12 12 12 12 12 12 12 12 12 12 12 12 12 12 12 12 12 12 12 12 12 12 12 12 12 12 12 12 12 12 12 12 12 12 12 12 12 12 12 12 12 12 12 12 12 12 12 12 12 12 12 12 12 12 12 12 12 12 12 12 12 12 12 12 12 12 12 12 12 12 12 12 9 9 9 9 10 10 10 10 10 10 10 10 10 10 10 10 10 10 10 10 10 10 10 10 10 10 10 10 10 10 10 10 10 10 10 10 10 10 10 10 10 10 10 10 10 10 10 10 10 10 10 10 10 10 10 10 10 10 10 10 10 10 10 10 10 10 10 10 10 10 10 10 10 10 10 10 10 10 10 10 10 10 10 10 10 10 10 10 10 10 10 10 10 10 10 10 10 10 10 10 10 10 10 10 10 10 10 10 11 11 11 11 11 11 11 11 1 1
staticfield java/lang/String serialPersistentFields [Ljava/io/ObjectStreamField; 0 [Ljava/io/ObjectStreamField;
staticfield java/lang/String CASE_INSENSITIVE_ORDER Ljava/util/Comparator; java/lang/String$CaseInsensitiveComparator
ciInstanceKlass java/lang/Class 1 1 1190 8 8 8 8 8 8 8 8 8 8 8 8 8 8 8 8 8 8 7 1 1 1 1 1 1 1 1 1 1 1 1 1 1 1 1 1 1 1 1 1 1 1 1 1 1 1 1 1 1 1 1 1 1 1 1 1 1 1 1 1 1 1 1 1 1 1 1 1 1 1 1 1 1 1 1 1 1 1 1 1 1 1 1 1 1 1 1 1 1 1 1 1 1 1 1 1 1 1 1 1 1 1 1 1 1 1 1 1 1 1 1 1 1 1 1 1 1 1 1 1 1 1 1 1 1 1 1 1 1 1 1 1 1 1 1 1 1 1 1 1 1 1 1 1 1 1 1 1 1 1 1 1 1 1 1 1 1 1 1 1 1 1 1 1 1 1 1 1 1 1 1 1 1 1 1 1 1 1 1 1 1 1 1 1 1 1 1 1 1 1 1 1 1 1 1 1 1 1 1 1 1 1 1 1 1 1 1 1 1 1 1 1 1 1 1 1 1 1 1 1 1 1 1 1 1 1 1 1 1 1 1 1 1 1 1 1 1 1 1 1 1 1 1 1 1 1 1 1 1 1 1 1 1 1 1 1 1 1 1 1 1 1 1 1 1 1 1 1 1 1 1 1 1 1 1 1 1 1 1 1 1 1 1 1 1 1 1 1 1 1 1 1 1 1 1 1 1 1 1 1 1 1 1 1 1 1 1 1 1 1 1 1 1 1 1 1 1 1 1 1 1 1 1 1 1 1 1 1 1 1 1 1 1 1 1 1 1 1 1 1 1 1 1 1 1 1 1 1 1 1 1 1 1 1 1 1 1 1 1 1 1 1 1 1 1 1 1 1 1 1 1 1 1 1 1 1 1 1 1 1 1 1 1 1 1 1 1 1 1 1 1 1 1 1 1 1 1 1 1 1 1 1 1 1 1 1 1 1 1 1 1 1 1 1 1 1 1 1 1 1 1 3 3 3 5 0 8 8 8 8 8 7 7 7 100 100 100 7 7 100 7 100 7 7 7 7 100 7 7 7 7 7 100 100 7 7 100 100 7 100 100 7 7 7 7 100 7 100 7 7 7 100 100 7 7 100 100 7 7 100 7 100 7 7 100 100 7 7 7 7 7 7 7 7 7 7 7 7 7 7 7 100 100 7 7 7 7 100 7 7 7 7 100 100 7 100 7 1 1 1 1 1 1 1 1 1 1 1 1 1 1 1 1 1 1 1 1 1 1 1 1 1 1 1 1 1 1 1 1 1 1 1 1 1 1 1 1 1 1 1 1 1 1 1 1 1 1 1 1 1 1 1 1 1 1 1 1 1 1 1 1 1 1 1 1 1 1 1 1 1 1 1 1 1 1 1 1 1 1 1 1 1 1 1 1 1 1 1 1 1 1 1 1 1 1 1 1 1 1 1 1 1 1 1 1 1 1 1 1 1 1 1 1 1 1 1 1 1 1 1 1 1 1 1 1 1 1 1 1 1 1 1 1 1 1 1 1 1 1 1 1 1 1 1 1 1 1 1 1 1 1 1 1 1 1 1 1 1 1 1 1 1 1 1 12 12 12 12 12 12 12 12 12 12 12 12 12 12 12 12 12 12 12 12 12 12 12 12 12 12 12 12 12 12 12 12 12 12 12 12 12 12 12 12 12 12 12 12 12 12 12 12 12 12 12 12 12 12 12 12 12 12 12 12 12 12 12 12 12 12 12 12 12 12 12 12 12 12 12 12 12 12 12 12 12 12 12 12 12 12 12 12 12 12 12 12 12 12 12 12 12 12 12 12 12 12 12 12 12 12 12 12 12 12 12 12 12 12 12 12 12 12 12 12 12 12 12 12 12 12 12 12 12 12 12 12 12 12 12 12 12 12 12 12 12 12 12 12 12 12 12 12 12 12 12 12 12 12 12 12 12 12 12 12 12 12 12 12 12 12 12 12 12 12 12 12 12 12 12 12 12 12 12 12 12 12 12 12 12 12 12 12 12 12 12 12 12 12 12 12 12 12 12 12 12 12 12 12 12 12 12 12 12 12 12 12 12 12 12 12 12 12 12 12 12 12 12 12 12 12 12 12 12 12 12 12 9 9 9 9 9 9 9 9 9 9 9 9 9 9 9 9 9 9 9 9 9 9 9 9 9 9 9 9 9 9 9 9 9 9 9 9 9 10 10 10 10 10 10 10 10 10 10 10 10 10 10 10 10 10 10 10 10 10 10 10 10 10 10 10 10 10 10 10 10 10 10 10 10 10 10 10 10 10 10 10 10 10 10 10 10 10 10 10 10 10 10 10 10 10 10 10 10 10 10 10 10 10 10 10 10 10 10 10 10 10 10 10 10 10 10 10 10 10 10 10 10 10 10 10 10 10 10 10 10 10 10 10 10 10 10 10 10 10 10 10 10 10 10 10 10 10 10 10 10 10 10 10 10 10 10 10 10 10 10 10 10 10 10 10 10 10 10 10 10 10 10 10 10 10 10 10 10 10 10 10 10 10 10 10 10 10 10 10 10 10 10 10 10 10 10 10 10 10 10 10 10 10 10 10 10 10 10 10 10 10 10 10 10 10 10 10 10 10 10 10 10 10 10 10 10 10 10 10 10 10 10 10 10 10 10 10 10 10 10 10 10 10 10 10 10 10 10 11 11 11 11 11 11 11 11 11 11 11 11 11 11 11 11 11 11 1 1 1 1 1 1 1 1
staticfield java/lang/Class serialPersistentFields [Ljava/io/ObjectStreamField; 0 [Ljava/io/ObjectStreamField;
ciInstanceKlass java/lang/Cloneable 1 0 7 1 1 1 100 100 1
instanceKlass com/thoughtworks/xstream/core/util/ClassLoaderReference
instanceKlass com/thoughtworks/xstream/core/util/CompositeClassLoader
instanceKlass io/github/classgraph/ClassGraphClassLoader
instanceKlass org/springframework/core/DecoratingClassLoader
instanceKlass org/hibernate/boot/registry/classloading/internal/AggregatedClassLoader
instanceKlass java/util/ResourceBundle$RBClassLoader
instanceKlass sun/reflect/DelegatingClassLoader
instanceKlass java/security/SecureClassLoader
ciInstanceKlass java/lang/ClassLoader 1 1 842 8 8 8 8 8 8 8 8 8 8 8 8 8 8 8 8 8 8 7 1 1 1 1 1 1 1 1 1 1 1 1 1 1 1 1 1 1 1 1 1 1 1 1 1 1 1 1 1 1 1 1 1 1 1 1 1 1 1 1 1 1 1 1 1 1 1 1 1 1 1 1 1 1 1 1 1 1 1 1 1 1 1 1 1 1 1 1 1 1 1 1 1 1 1 1 1 1 1 1 1 1 1 1 1 1 1 1 1 1 1 1 1 1 1 1 1 1 1 1 1 1 1 1 1 1 1 1 1 1 1 1 1 1 1 1 1 1 1 1 1 1 1 1 1 1 1 1 1 1 1 1 1 1 1 1 1 1 1 1 1 1 1 1 1 1 1 1 1 1 1 1 1 1 1 1 1 1 1 1 1 1 1 1 1 1 1 1 1 1 1 1 1 1 1 1 1 1 1 1 1 1 1 1 1 1 1 1 1 1 1 1 1 1 1 1 1 1 1 1 1 1 1 1 1 1 1 1 1 1 1 1 1 1 1 1 1 1 1 1 1 1 1 1 1 1 1 1 1 1 1 1 1 1 1 1 1 1 1 1 1 1 1 1 1 1 1 1 1 1 1 1 1 1 1 1 1 1 1 1 1 1 1 1 1 1 1 1 1 1 1 1 1 1 1 1 1 1 1 100 100 100 7 7 7 7 100 100 100 7 7 100 7 7 7 7 7 7 100 7 100 100 7 7 100 100 7 7 7 7 100 7 100 100 7 100 100 7 7 100 7 7 100 7 7 7 7 7 7 7 7 7 7 7 7 7 7 7 7 7 100 100 1 1 1 1 1 1 1 1 1 1 1 1 1 1 1 1 1 1 1 1 1 1 1 1 1 1 1 1 1 1 1 1 1 1 1 1 1 1 1 1 1 1 1 1 1 1 1 1 1 1 1 1 1 1 1 1 1 1 1 1 1 1 1 1 1 1 1 1 1 1 1 1 1 1 1 1 1 1 1 1 1 1 1 1 1 1 1 1 1 1 1 1 1 1 1 1 1 1 1 1 1 1 1 1 1 1 1 1 1 1 1 1 1 1 12 12 12 12 12 12 12 12 12 12 12 12 12 12 12 12 12 12 12 12 12 12 12 12 12 12 12 12 12 12 12 12 12 12 12 12 12 12 12 12 12 12 12 12 12 12 12 12 12 12 12 12 12 12 12 12 12 12 12 12 12 12 12 12 12 12 12 12 12 12 12 12 12 12 12 12 12 12 12 12 12 12 12 12 12 12 12 12 12 12 12 12 12 12 12 12 12 12 12 12 12 12 12 12 12 12 12 12 12 12 12 12 12 12 12 12 12 12 12 12 12 12 12 12 12 12 12 12 12 12 12 12 12 12 12 12 12 12 12 12 12 12 12 12 12 12 12 12 12 12 12 12 12 12 12 12 12 12 12 12 12 12 12 12 12 12 12 12 12 9 9 9 9 9 9 9 9 9 9 9 9 9 9 9 9 9 9 9 9 9 9 9 9 9 9 9 9 9 10 10 10 10 10 10 10 10 10 10 10 10 10 10 10 10 10 10 10 10 10 10 10 10 10 10 10 10 10 10 10 10 10 10 10 10 10 10 10 10 10 10 10 10 10 10 10 10 10 10 10 10 10 10 10 10 10 10 10 10 10 10 10 10 10 10 10 10 10 10 10 10 10 10 10 10 10 10 10 10 10 10 10 10 10 10 10 10 10 10 10 10 10 10 10 10 10 10 10 10 10 10 10 10 10 10 10 10 10 10 10 10 10 10 10 10 10 10 10 10 10 10 10 10 10 10 10 10 10 10 10 10 10 10 10 10 10 10 10 10 10 10 10 10 10 10 10 10 10 10 10 10 10 10 10 10 10 10 10 10 11 11 11 11 11 11 1 1
staticfield java/lang/ClassLoader nocerts [Ljava/security/cert/Certificate; 0 [Ljava/security/cert/Certificate;
ciInstanceKlass java/lang/System 1 1 369 8 8 8 8 8 8 8 8 8 8 8 8 8 7 1 1 1 1 1 1 1 1 1 1 1 1 1 1 1 1 1 1 1 1 1 1 1 1 1 1 1 1 1 1 1 1 1 1 1 1 1 1 1 1 1 1 1 1 1 1 1 1 1 1 1 1 1 1 1 1 1 1 1 1 1 1 1 1 1 1 1 1 1 1 1 1 1 1 1 1 1 1 1 1 1 1 1 1 1 1 1 1 1 1 1 1 1 1 1 1 1 1 1 1 1 1 1 1 1 1 1 1 1 1 1 1 1 1 1 1 1 1 1 1 1 1 1 1 1 1 1 1 1 1 1 1 1 1 1 1 1 7 7 7 7 7 7 7 100 100 100 100 100 100 7 7 100 100 7 100 100 7 7 7 7 100 100 100 7 100 100 7 7 7 7 1 1 1 1 1 1 1 1 1 1 1 1 1 1 1 1 1 1 1 1 1 1 1 1 1 1 1 1 1 1 1 1 1 1 1 1 1 1 1 1 12 12 12 12 12 12 12 12 12 12 12 12 12 12 12 12 12 12 12 12 12 12 12 12 12 12 12 12 12 12 12 12 12 12 12 12 12 12 12 12 12 12 12 12 12 12 12 12 12 12 12 12 12 12 12 12 12 12 12 12 12 12 12 12 12 12 12 12 9 9 9 9 9 9 9 9 9 9 10 10 10 10 10 10 10 10 10 10 10 10 10 10 10 10 10 10 10 10 10 10 10 10 10 10 10 10 10 10 10 10 10 10 10 10 10 10 10 10 10 10 10 10 10 10 10 10 10 10 10 10 10 10 10 10 10 10 10 10 10 10 10 11 1
staticfield java/lang/System in Ljava/io/InputStream; java/io/BufferedInputStream
staticfield java/lang/System out Ljava/io/PrintStream; java/io/PrintStream
staticfield java/lang/System err Ljava/io/PrintStream; java/io/PrintStream
instanceKlass java/lang/Exception
instanceKlass java/lang/Error
ciInstanceKlass java/lang/Throwable 1 1 327 8 8 8 8 8 8 8 8 8 8 8 8 8 8 8 8 8 7 1 1 1 1 1 1 1 1 1 1 1 1 1 1 1 1 1 1 1 1 1 1 1 1 1 1 1 1 1 1 1 1 1 1 1 1 1 1 1 1 1 1 1 1 1 1 1 1 1 1 1 1 1 1 1 1 1 1 1 1 1 1 1 1 1 1 1 1 1 1 1 1 1 1 1 1 1 1 1 1 1 1 1 1 1 1 1 1 1 1 1 1 1 1 1 1 1 1 1 1 1 1 1 1 1 1 1 1 1 1 1 1 1 1 1 1 1 1 1 1 1 1 1 1 1 1 1 1 5 0 7 100 100 100 100 100 100 7 100 100 100 100 7 7 100 7 100 100 100 7 100 100 7 7 7 7 100 100 100 7 1 1 1 1 1 1 1 1 1 1 1 1 1 1 1 1 1 1 1 1 1 1 1 1 1 1 1 1 12 12 12 12 12 12 12 12 12 12 12 12 12 12 12 12 12 12 12 12 12 12 12 12 12 12 12 12 12 12 12 12 12 12 12 12 12 12 12 12 12 12 12 12 12 12 12 12 12 12 12 12 12 12 9 9 9 9 9 9 9 9 9 9 9 9 10 10 10 10 10 10 10 10 10 10 10 10 10 10 10 10 10 10 10 10 10 10 10 10 10 10 10 10 10 10 10 10 10 10 10 10 10 10 10 10 10 11 11 11 11 11 11 11 11 1 1 1 1 1
staticfield java/lang/Throwable UNASSIGNED_STACK [Ljava/lang/StackTraceElement; 0 [Ljava/lang/StackTraceElement;
staticfield java/lang/Throwable SUPPRESSED_SENTINEL Ljava/util/List; java/util/Collections$UnmodifiableRandomAccessList
staticfield java/lang/Throwable EMPTY_THROWABLE_ARRAY [Ljava/lang/Throwable; 0 [Ljava/lang/Throwable;
staticfield java/lang/Throwable $assertionsDisabled Z 1
instanceKlass java/lang/VirtualMachineError
instanceKlass java/lang/LinkageError
instanceKlass java/lang/ThreadDeath
ciInstanceKlass java/lang/Error 1 1 30 1 1 1 1 1 1 1 1 1 1 1 1 5 0 100 7 1 1 12 12 12 12 12 10 10 10 10 10 1
ciInstanceKlass java/lang/ThreadDeath 0 0 18 1 1 1 1 1 1 1 1 1 1 5 0 100 100 12 10 1
instanceKlass com/zaxxer/hikari/pool/PoolBase$ConnectionSetupException
instanceKlass javax/management/JMException
instanceKlass org/apache/http/HttpException
instanceKlass java/net/URISyntaxException
instanceKlass javax/xml/stream/XMLStreamException
instanceKlass javax/xml/bind/JAXBException
instanceKlass sun/nio/fs/WindowsException
instanceKlass org/springframework/web/bind/MethodArgumentNotValidException
instanceKlass javax/transaction/SystemException
instanceKlass javax/servlet/ServletException
instanceKlass java/sql/SQLException
instanceKlass java/lang/CloneNotSupportedException
instanceKlass java/beans/PropertyVetoException
instanceKlass javax/naming/NamingException
instanceKlass java/security/GeneralSecurityException
instanceKlass java/security/PrivilegedActionException
instanceKlass java/io/IOException
instanceKlass java/lang/InterruptedException
instanceKlass java/lang/ReflectiveOperationException
instanceKlass java/lang/RuntimeException
ciInstanceKlass java/lang/Exception 1 1 30 1 1 1 1 1 1 1 1 1 1 1 1 5 0 100 7 1 1 12 12 12 12 12 10 10 10 10 10 1
instanceKlass com/hospital/doctor/exception/DoctorNotFoundException
instanceKlass java/util/concurrent/RejectedExecutionException
instanceKlass com/netflix/discovery/shared/transport/TransportException
instanceKlass org/springframework/boot/devtools/restart/SilentExitExceptionHandler$SilentExitException
instanceKlass com/sun/jersey/api/client/ClientHandlerException
instanceKlass javax/ws/rs/WebApplicationException
instanceKlass com/google/gson/JsonParseException
instanceKlass org/springframework/boot/actuate/endpoint/InvalidEndpointRequestException
instanceKlass org/springdoc/api/OpenApiResourceNotFoundException
instanceKlass com/hospital/doctor/exception/DoctorAlreadyExistsException
instanceKlass com/hospital/doctor/exception/ScheduleConflictException
instanceKlass com/hospital/doctor/exception/ScheduleNotFoundException
instanceKlass org/springframework/data/mapping/MappingException
instanceKlass com/hospital/doctor/exception/DoctorNotFoundException
instanceKlass org/hibernate/annotations/common/reflection/ClassLoadingException
instanceKlass java/lang/UnsupportedOperationException
instanceKlass com/mysql/cj/exceptions/CJException
instanceKlass javax/persistence/PersistenceException
instanceKlass java/util/NoSuchElementException
instanceKlass java/lang/TypeNotPresentException
instanceKlass org/springframework/core/NestedRuntimeException
instanceKlass java/lang/IllegalStateException
instanceKlass org/springframework/cglib/core/ClassNameReader$EarlyExitException
instanceKlass java/lang/IndexOutOfBoundsException
instanceKlass java/lang/invoke/WrongMethodTypeException
instanceKlass java/lang/SecurityException
instanceKlass java/lang/IllegalArgumentException
instanceKlass java/lang/ArithmeticException
instanceKlass java/lang/NullPointerException
instanceKlass java/lang/IllegalMonitorStateException
instanceKlass java/lang/ArrayStoreException
instanceKlass java/lang/ClassCastException
ciInstanceKlass java/lang/RuntimeException 1 1 30 1 1 1 1 1 1 1 1 1 1 1 1 5 0 7 100 1 1 12 12 12 12 12 10 10 10 10 10 1
instanceKlass javax/crypto/JceSecurityManager
ciInstanceKlass java/lang/SecurityManager 1 1 375 8 8 8 8 8 8 8 8 8 8 8 8 8 8 8 8 8 8 8 8 8 8 8 8 8 8 8 8 8 8 8 8 8 8 8 8 7 1 1 1 1 1 1 1 1 1 1 1 1 1 1 1 1 1 1 1 1 1 1 1 1 1 1 1 1 1 1 1 1 1 1 1 1 1 1 1 1 1 1 1 1 1 1 1 1 1 1 1 1 1 1 1 1 1 1 1 1 1 1 1 1 1 1 1 1 1 1 1 1 1 1 1 1 1 1 1 1 1 1 1 1 1 1 1 1 1 1 1 1 1 1 1 1 1 1 1 1 1 1 1 1 1 1 1 1 1 1 1 1 1 1 1 1 1 1 1 1 1 1 1 1 1 1 1 1 1 1 1 1 1 1 1 1 1 1 1 1 1 1 1 1 1 1 1 1 1 1 1 1 1 1 1 1 1 1 1 1 1 1 1 1 100 100 100 100 100 100 100 7 100 100 100 100 100 100 7 7 7 100 100 100 100 100 100 100 100 100 100 100 1 1 1 1 1 1 1 1 1 1 1 1 1 1 1 1 1 1 1 1 1 1 1 1 1 1 1 1 1 1 1 12 12 12 12 12 12 12 12 12 12 12 12 12 12 12 12 12 12 12 12 12 12 12 12 12 12 12 12 12 12 12 12 12 12 12 12 12 12 12 12 12 12 12 12 12 12 12 12 12 12 12 9 9 9 9 9 9 9 9 9 9 9 9 9 9 9 9 9 10 10 10 10 10 10 10 10 10 10 10 10 10 10 10 10 10 10 10 10 10 10 10 10 10 10 10 10 10 10 10 10 10 10 10 10 10 10 10 10 10 10 10 10 10 1
staticfield java/lang/SecurityManager packageAccessLock Ljava/lang/Object; java/lang/Object
staticfield java/lang/SecurityManager packageDefinitionLock Ljava/lang/Object; java/lang/Object
ciInstanceKlass java/security/ProtectionDomain 1 1 272 8 8 8 8 8 8 8 8 8 8 1 1 1 1 1 1 1 1 1 1 1 1 1 1 1 1 1 1 1 1 1 1 1 1 1 1 1 1 1 1 1 1 1 1 1 1 1 1 1 1 1 1 1 1 1 1 1 1 1 1 1 1 1 1 1 1 1 1 1 1 1 1 1 1 1 1 1 1 1 1 1 1 1 1 1 1 1 1 1 1 1 1 1 1 1 1 1 1 1 1 1 1 1 1 1 1 1 1 1 7 100 100 7 100 100 100 100 100 100 100 100 100 7 7 7 7 7 100 7 7 7 100 100 100 7 7 100 1 1 1 1 1 1 1 1 1 1 1 1 1 1 1 1 1 1 1 1 1 1 1 1 1 1 1 1 1 12 12 12 12 12 12 12 12 12 12 12 12 12 12 12 12 12 12 12 12 12 12 12 12 12 12 12 12 12 12 12 12 12 12 12 12 12 12 12 12 12 12 12 12 12 12 12 12 9 9 9 9 9 9 9 9 9 9 9 10 10 10 10 10 10 10 10 10 10 10 10 10 10 10 10 10 10 10 10 10 10 10 10 10 10 10 10 10 10 10 10 10 10 10 10 10 11 11 11 11 11 11 11 1 1
staticfield java/security/ProtectionDomain debug Lsun/security/util/Debug; null
ciInstanceKlass java/security/AccessControlContext 1 1 305 8 8 8 8 8 8 8 8 8 8 8 8 8 7 1 1 1 1 1 1 1 1 1 1 1 1 1 1 1 1 1 1 1 1 1 1 1 1 1 1 1 1 1 1 1 1 1 1 1 1 1 1 1 1 1 1 1 1 1 1 1 1 1 1 1 1 1 1 1 1 1 1 1 1 1 1 1 1 1 1 1 1 1 1 1 1 1 1 1 1 1 1 1 1 1 1 1 1 1 1 1 1 1 1 1 1 1 1 1 1 1 1 1 1 1 1 1 1 1 1 1 1 1 100 100 100 100 7 100 7 7 100 100 7 100 7 7 100 100 7 7 7 100 100 7 100 1 1 1 1 1 1 1 1 1 1 1 1 1 1 1 1 1 1 1 1 1 1 1 1 1 1 1 1 1 1 1 1 1 1 12 12 12 12 12 12 12 12 12 12 12 12 12 12 12 12 12 12 12 12 12 12 12 12 12 12 12 12 12 12 12 12 12 12 12 12 12 12 12 12 12 12 12 12 12 12 12 12 12 12 12 12 12 12 12 12 12 12 9 9 9 9 9 9 9 9 9 9 9 9 9 9 10 10 10 10 10 10 10 10 10 10 10 10 10 10 10 10 10 10 10 10 10 10 10 10 10 10 10 10 10 10 10 10 10 10 10 10 10 10 10 10 10 10 10 10 10 11 11 11 11 11 11 1
instanceKlass java/net/URLClassLoader
ciInstanceKlass java/security/SecureClassLoader 1 1 130 8 8 8 8 1 1 1 1 1 1 1 1 1 1 1 1 1 1 1 1 1 1 1 1 1 1 1 1 1 1 1 1 1 1 1 1 1 1 1 1 1 1 1 1 1 1 1 1 1 1 7 100 100 100 100 7 100 7 7 7 7 7 1 1 1 1 1 1 1 1 1 1 1 1 1 1 1 1 1 1 12 12 12 12 12 12 12 12 12 12 12 12 12 12 12 12 12 12 12 12 12 12 12 9 9 9 10 10 10 10 10 10 10 10 10 10 10 10 10 10 10 10 10 10 10 10 10 10 1
staticfield java/security/SecureClassLoader debug Lsun/security/util/Debug; null
instanceKlass java/lang/reflect/InvocationTargetException
instanceKlass java/lang/IllegalAccessException
instanceKlass java/lang/NoSuchFieldException
instanceKlass java/lang/InstantiationException
instanceKlass java/lang/NoSuchMethodException
instanceKlass java/lang/ClassNotFoundException
ciInstanceKlass java/lang/ReflectiveOperationException 1 1 27 1 1 1 1 1 1 1 1 1 1 1 1 5 0 7 100 1 12 12 12 12 10 10 10 10 1
ciInstanceKlass java/lang/ClassNotFoundException 1 1 32 1 1 1 1 1 1 1 1 1 1 1 1 1 1 1 1 5 0 100 7 100 1 1 1 12 12 12 9 10 10 1
instanceKlass java/lang/UnsatisfiedLinkError
instanceKlass java/lang/ClassFormatError
instanceKlass java/lang/IncompatibleClassChangeError
instanceKlass java/lang/BootstrapMethodError
instanceKlass java/lang/NoClassDefFoundError
ciInstanceKlass java/lang/LinkageError 1 1 24 1 1 1 1 1 1 1 1 1 1 1 5 0 7 100 1 12 12 12 10 10 10 1
ciInstanceKlass java/lang/NoClassDefFoundError 1 1 21 1 1 1 1 1 1 1 1 1 1 1 5 0 7 100 12 12 10 10 1
ciInstanceKlass java/lang/ClassCastException 1 1 21 1 1 1 1 1 1 1 1 1 1 1 5 0 100 7 12 12 10 10 1
ciInstanceKlass java/lang/ArrayStoreException 1 1 21 1 1 1 1 1 1 1 1 1 1 1 5 0 100 100 12 12 10 10 1
instanceKlass java/lang/StackOverflowError
instanceKlass java/lang/OutOfMemoryError
ciInstanceKlass java/lang/VirtualMachineError 1 1 27 1 1 1 1 1 1 1 1 1 1 1 1 5 0 100 100 1 12 12 12 12 10 10 10 10 1
ciInstanceKlass java/lang/OutOfMemoryError 1 1 21 1 1 1 1 1 1 1 1 1 1 1 5 0 100 100 12 12 10 10 1
ciInstanceKlass java/lang/StackOverflowError 1 1 21 1 1 1 1 1 1 1 1 1 1 1 5 0 100 100 12 12 10 10 1
ciInstanceKlass java/lang/IllegalMonitorStateException 1 1 21 1 1 1 1 1 1 1 1 1 1 1 5 0 100 100 12 12 10 10 1
instanceKlass java/lang/ref/PhantomReference
instanceKlass java/lang/ref/FinalReference
instanceKlass java/lang/ref/WeakReference
instanceKlass java/lang/ref/SoftReference
ciInstanceKlass java/lang/ref/Reference 1 1 134 8 1 1 1 1 1 1 1 1 1 1 1 1 1 1 1 1 1 1 1 1 1 1 1 1 1 1 1 1 1 1 1 1 1 1 1 1 1 1 1 1 1 1 1 1 1 1 1 1 1 1 1 1 1 1 1 100 7 100 7 7 100 7 7 7 7 7 7 7 1 1 1 1 1 1 1 1 1 1 1 1 1 1 1 1 12 12 12 12 12 12 12 12 12 12 12 12 12 12 12 12 12 12 12 12 12 12 9 9 9 9 9 9 9 10 10 10 10 10 10 10 10 10 10 10 10 10 10 10 10 1 1 1
instanceKlass org/hibernate/validator/internal/util/ConcurrentReferenceHashMap$SoftValueReference
instanceKlass org/hibernate/validator/internal/util/ConcurrentReferenceHashMap$SoftKeyReference
instanceKlass sun/security/util/MemoryCache$SoftCacheEntry
instanceKlass org/springframework/util/ConcurrentReferenceHashMap$SoftEntryReference
instanceKlass java/lang/invoke/LambdaFormEditor$Transform
instanceKlass sun/util/locale/provider/LocaleResources$ResourceReference
instanceKlass java/util/ResourceBundle$BundleReference
instanceKlass sun/util/locale/LocaleObjectCache$CacheEntry
ciInstanceKlass java/lang/ref/SoftReference 1 1 35 1 1 1 1 1 1 1 1 1 1 1 1 1 1 1 1 100 7 7 1 1 1 1 12 12 12 12 12 9 9 10 10 10 1
instanceKlass java/beans/WeakIdentityMap$Entry
instanceKlass com/sun/jmx/mbeanserver/WeakIdentityHashMap$IdentityWeakReference
instanceKlass com/google/common/collect/MapMakerInternalMap$AbstractWeakKeyEntry
instanceKlass net/bytebuddy/TypeCache$StorageKey
instanceKlass org/apache/tomcat/util/collections/ManagedConcurrentWeakHashMap$Key
instanceKlass org/springframework/cglib/core/WeakCacheKey
instanceKlass org/springframework/util/ConcurrentReferenceHashMap$WeakEntryReference
instanceKlass java/lang/reflect/Proxy$Key2
instanceKlass java/util/logging/LogManager$LoggerWeakRef
instanceKlass java/lang/reflect/WeakCache$CacheValue
instanceKlass java/lang/reflect/Proxy$Key1
instanceKlass java/lang/reflect/WeakCache$CacheKey
instanceKlass java/lang/invoke/MethodType$ConcurrentWeakInternSet$WeakEntry
instanceKlass java/util/ResourceBundle$LoaderReference
instanceKlass java/lang/ThreadLocal$ThreadLocalMap$Entry
instanceKlass java/lang/ClassValue$Entry
instanceKlass java/util/WeakHashMap$Entry
ciInstanceKlass java/lang/ref/WeakReference 1 1 20 1 1 1 1 1 1 1 1 7 100 1 1 1 1 12 12 10 10 1
instanceKlass java/lang/ref/Finalizer
ciInstanceKlass java/lang/ref/FinalReference 1 1 16 1 1 1 1 1 1 1 100 7 1 1 1 12 10 1
instanceKlass com/mysql/cj/jdbc/AbandonedConnectionCleanupThread$ConnectionFinalizerPhantomReference
instanceKlass sun/misc/Cleaner
ciInstanceKlass java/lang/ref/PhantomReference 1 1 19 1 1 1 1 1 1 1 1 1 1 100 7 1 1 1 12 10 1
ciInstanceKlass sun/misc/Cleaner 1 1 74 1 1 1 1 1 1 1 1 1 1 1 1 1 1 1 1 1 1 1 1 1 1 1 1 1 1 1 7 100 7 7 100 7 100 1 1 1 1 1 1 1 1 1 1 1 1 12 12 12 12 12 12 12 12 12 12 12 12 12 9 9 9 9 9 10 10 10 10 10 10 10 11 1
staticfield sun/misc/Cleaner dummyQueue Ljava/lang/ref/ReferenceQueue; java/lang/ref/ReferenceQueue
ciInstanceKlass java/lang/ref/Finalizer 1 1 150 1 1 1 1 1 1 1 1 1 1 1 1 1 1 1 1 1 1 1 1 1 1 1 1 1 1 1 1 1 1 1 1 1 1 1 1 1 1 1 1 1 1 1 1 1 1 1 1 1 1 1 1 1 1 1 1 1 1 1 1 7 7 7 7 100 7 7 7 7 100 7 7 7 7 7 1 1 1 1 1 1 1 1 1 1 1 1 1 1 1 1 1 12 12 12 12 12 12 12 12 12 12 12 12 12 12 12 12 12 12 12 12 12 12 12 12 12 12 9 9 9 9 9 10 10 10 10 10 10 10 10 10 10 10 10 10 10 10 10 10 10 10 10 10 10 10 11 1 1
staticfield java/lang/ref/Finalizer lock Ljava/lang/Object; java/lang/Object
instanceKlass net/bytebuddy/TypeCache
instanceKlass java/lang/ref/ReferenceQueue$Null
ciInstanceKlass java/lang/ref/ReferenceQueue 1 1 130 8 7 1 1 1 1 1 1 1 1 1 1 1 1 1 1 1 1 1 1 1 1 1 1 1 1 1 1 1 1 1 1 1 1 1 1 1 1 1 1 1 1 1 1 1 1 1 1 1 1 1 1 1 1 1 5 0 100 7 100 100 7 100 100 7 7 100 7 7 100 7 1 1 1 1 1 1 1 1 1 1 1 1 1 1 1 1 12 12 12 12 12 12 12 12 12 12 12 12 12 12 12 12 12 12 12 9 9 9 9 9 9 9 9 10 10 10 10 10 10 10 10 10 10 10 10 11 1 1
staticfield java/lang/ref/ReferenceQueue $assertionsDisabled Z 1
instanceKlass org/apache/tomcat/util/net/NioBlockingSelector$BlockPoller
instanceKlass java/util/concurrent/ForkJoinWorkerThread
instanceKlass org/springframework/boot/web/embedded/tomcat/TomcatWebServer$1
instanceKlass org/apache/tomcat/util/threads/TaskThread
instanceKlass org/springframework/context/support/AbstractApplicationContext$1
instanceKlass java/util/logging/LogManager$Cleaner
instanceKlass org/springframework/boot/devtools/restart/RestartLauncher
instanceKlass org/springframework/boot/devtools/restart/Restarter$LeakSafeThread
instanceKlass java/lang/ref/Finalizer$FinalizerThread
instanceKlass java/lang/ref/Reference$ReferenceHandler
ciInstanceKlass java/lang/Thread 1 1 539 3 3 8 8 8 8 8 8 8 8 8 8 8 8 7 1 1 1 1 1 1 1 1 1 1 1 1 1 1 1 1 1 1 1 1 1 1 1 1 1 1 1 1 1 1 1 1 1 1 1 1 1 1 1 1 1 1 1 1 1 1 1 1 1 1 1 1 1 1 1 1 1 1 1 1 1 1 1 1 1 1 1 1 1 1 1 1 1 1 1 1 1 1 1 1 1 1 1 1 1 1 1 1 1 1 1 1 1 1 1 1 1 1 1 1 1 1 1 1 1 1 1 1 1 1 1 1 1 1 1 1 1 1 1 1 1 1 1 1 1 1 1 1 1 1 1 1 1 1 1 1 1 1 1 1 1 1 1 1 1 1 1 1 1 1 1 1 1 1 1 1 1 1 1 1 1 1 1 1 1 1 1 1 1 1 1 1 1 1 1 1 1 1 1 1 1 1 1 1 1 1 1 1 1 1 1 1 1 1 1 1 1 1 1 1 1 1 1 1 1 1 1 1 1 3 3 3 100 100 100 100 100 100 7 100 100 100 100 100 7 7 7 100 7 100 7 7 100 100 100 7 100 100 7 7 100 100 100 100 100 100 7 100 100 100 100 7 100 100 1 1 1 1 1 1 1 1 1 1 1 1 1 1 1 1 1 1 1 1 1 1 1 1 1 1 1 1 1 1 1 1 1 1 1 1 1 1 1 1 1 1 1 1 1 1 1 1 1 1 1 1 1 1 1 1 1 1 12 12 12 12 12 12 12 12 12 12 12 12 12 12 12 12 12 12 12 12 12 12 12 12 12 12 12 12 12 12 12 12 12 12 12 12 12 12 12 12 12 12 12 12 12 12 12 12 12 12 12 12 12 12 12 12 12 12 12 12 12 12 12 12 12 12 12 12 12 12 12 12 12 12 12 12 12 12 12 12 12 12 12 12 12 12 12 12 12 12 12 12 12 12 12 12 9 9 9 9 9 9 9 9 9 9 9 9 9 9 9 9 9 9 9 9 9 9 9 9 9 9 10 10 10 10 10 10 10 10 10 10 10 10 10 10 10 10 10 10 10 10 10 10 10 10 10 10 10 10 10 10 10 10 10 10 10 10 10 10 10 10 10 10 10 10 10 10 10 10 10 10 10 10 10 10 10 10 10 10 10 10 10 10 10 10 10 10 10 10 10 10 10 10 10 10 10 10 10 11 11 11 11 11 11 11 1 1 1 1 1
staticfield java/lang/Thread EMPTY_STACK_TRACE [Ljava/lang/StackTraceElement; 0 [Ljava/lang/StackTraceElement;
staticfield java/lang/Thread SUBCLASS_IMPLEMENTATION_PERMISSION Ljava/lang/RuntimePermission; java/lang/RuntimePermission
ciInstanceKlass java/lang/ThreadGroup 1 1 268 8 8 8 8 8 8 8 1 1 1 1 1 1 1 1 1 1 1 1 1 1 1 1 1 1 1 1 1 1 1 1 1 1 1 1 1 1 1 1 1 1 1 1 1 1 1 1 1 1 1 1 1 1 1 1 1 1 1 1 1 1 1 1 1 1 1 1 1 1 1 1 1 1 1 1 1 1 1 1 1 1 1 1 1 1 1 1 1 1 1 1 1 1 1 1 1 1 1 1 1 1 1 1 1 1 1 1 1 7 7 100 100 100 100 7 100 100 7 7 100 100 7 100 7 100 1 1 1 1 1 1 1 1 1 1 1 1 1 1 1 1 1 1 1 1 1 1 1 1 1 1 1 12 12 12 12 12 12 12 12 12 12 12 12 12 12 12 12 12 12 12 12 12 12 12 12 12 12 12 12 12 12 12 12 12 12 12 12 12 12 12 12 12 12 12 12 12 12 12 12 12 12 12 12 12 9 9 9 9 9 9 9 9 9 9 9 9 9 10 10 10 10 10 10 10 10 10 10 10 10 10 10 10 10 10 10 10 10 10 10 10 10 10 10 10 10 10 10 10 10 10 10 10 10 10 10 10 10 10 10 10 10 10 10 11 1 1
instanceKlass java/util/Hashtable
ciInstanceKlass java/util/Dictionary 1 1 31 1 1 1 1 1 1 1 1 1 1 1 1 1 1 1 1 1 1 1 7 100 1 1 1 1 1 1 12 10 1
instanceKlass java/util/Properties
ciInstanceKlass java/util/Hashtable 1 1 416 3 3 4 4 8 8 8 8 8 8 100 1 1 1 1 1 1 1 1 1 1 1 1 1 1 1 1 1 1 1 1 1 1 1 1 1 1 1 1 1 1 1 1 1 1 1 1 1 1 1 1 1 1 1 1 1 1 1 1 1 1 1 1 1 1 1 1 1 1 1 1 1 1 1 1 1 1 1 1 1 1 1 1 1 1 1 1 1 1 1 1 1 1 1 1 1 1 1 1 1 1 1 1 1 1 1 1 1 1 1 1 1 1 1 1 1 1 1 1 1 1 1 1 1 1 1 1 1 1 1 1 1 1 1 1 1 1 1 1 1 1 1 1 1 1 1 1 1 1 1 1 1 1 1 1 1 1 1 1 1 1 1 1 1 1 1 1 3 3 3 5 0 100 100 100 100 100 100 100 100 100 100 7 100 100 7 100 7 100 100 100 7 100 7 7 100 7 7 7 7 100 7 7 7 7 7 7 100 100 100 100 1 1 1 1 1 1 1 1 1 1 1 1 1 1 1 1 1 1 1 1 1 1 1 1 1 1 1 1 1 1 1 1 1 1 1 1 1 1 1 1 1 1 1 1 1 1 1 1 1 1 1 1 1 1 1 1 12 12 12 12 12 12 12 12 12 12 12 12 12 12 12 12 12 12 12 12 12 12 12 12 12 12 12 12 12 12 12 12 12 12 12 12 12 12 12 12 12 12 12 12 12 12 12 12 12 12 12 12 12 12 12 12 12 12 12 12 12 12 12 12 12 9 9 9 9 9 9 9 9 9 9 9 9 10 10 10 10 10 10 10 10 10 10 10 10 10 10 10 10 10 10 10 10 10 10 10 10 10 10 10 10 10 10 10 10 10 10 10 10 10 10 10 10 10 10 10 10 10 10 10 10 10 10 10 10 10 11 11 11 11 11 11 11 11 11 11 11 11 11 1 1 1 1 1
instanceKlass java/security/Provider
instanceKlass org/springframework/beans/factory/support/ManagedProperties
instanceKlass org/springframework/core/SortedProperties
ciInstanceKlass java/util/Properties 1 1 263 3 8 8 8 8 8 8 8 1 1 1 1 1 1 1 1 1 1 1 1 1 1 1 1 1 1 1 1 1 1 1 1 1 1 1 1 1 1 1 1 1 1 1 1 1 1 1 1 1 1 1 1 1 1 1 1 1 1 1 1 1 1 1 1 1 1 1 1 1 1 1 1 1 1 1 1 1 1 1 1 1 1 1 1 1 1 1 1 1 1 1 1 1 1 1 1 1 1 1 1 1 1 1 1 1 5 0 100 100 100 100 100 100 100 100 100 100 100 7 100 100 100 100 7 7 100 100 7 7 100 1 1 1 1 1 1 1 1 1 1 1 1 1 1 1 1 1 1 1 1 1 1 1 1 1 1 1 1 1 1 1 12 12 12 12 12 12 12 12 12 12 12 12 12 12 12 12 12 12 12 12 12 12 12 12 12 12 12 12 12 12 12 12 12 12 12 12 12 12 12 12 12 12 12 12 12 9 9 9 10 10 10 10 10 10 10 10 10 10 10 10 10 10 10 10 10 10 10 10 10 10 10 10 10 10 10 10 10 10 10 10 10 10 10 10 10 10 10 10 10 10 10 10 10 10 10 10 11 11 1 1 1
staticfield java/util/Properties hexDigit [C 16
instanceKlass java/lang/reflect/Executable
instanceKlass java/lang/reflect/Field
ciInstanceKlass java/lang/reflect/AccessibleObject 1 1 144 8 8 8 7 1 1 1 1 1 1 1 1 1 1 1 1 1 1 1 1 1 1 1 1 1 1 1 1 1 1 1 1 1 1 1 1 1 1 1 1 1 1 1 1 1 1 1 1 1 1 1 1 1 1 1 1 1 1 1 1 1 1 1 100 100 7 7 7 100 7 7 7 7 100 7 7 7 7 7 1 1 1 1 1 1 1 1 1 1 1 1 1 1 1 1 1 1 1 1 12 12 12 12 12 12 12 12 12 12 12 12 12 12 12 12 12 12 12 12 9 9 9 9 10 10 10 10 10 10 10 10 10 10 10 10 10 10 10 10 10 11 1 1
staticfield java/lang/reflect/AccessibleObject ACCESS_PERMISSION Ljava/security/Permission; java/lang/reflect/ReflectPermission
staticfield java/lang/reflect/AccessibleObject reflectionFactory Lsun/reflect/ReflectionFactory; sun/reflect/ReflectionFactory
ciInstanceKlass java/lang/reflect/Field 1 1 362 8 8 8 8 1 1 1 1 1 1 1 1 1 1 1 1 1 1 1 1 1 1 1 1 1 1 1 1 1 1 1 1 1 1 1 1 1 1 1 1 1 1 1 1 1 1 1 1 1 1 1 1 1 1 1 1 1 1 1 1 1 1 1 1 1 1 1 1 1 1 1 1 1 1 1 1 1 1 1 1 1 1 1 1 1 1 1 1 1 1 1 1 1 1 1 1 1 1 1 1 1 1 1 1 1 1 1 1 1 1 1 1 1 1 1 1 1 1 1 1 1 1 1 1 1 1 1 1 1 1 1 1 7 7 7 7 7 100 7 7 100 7 100 7 7 7 7 7 7 7 7 100 100 7 7 7 7 7 1 1 1 1 1 1 1 1 1 1 1 1 1 1 1 1 1 1 1 1 1 1 1 1 1 1 1 1 1 1 1 1 1 1 1 1 1 1 1 1 1 1 1 1 1 1 1 1 1 1 1 1 1 1 12 12 12 12 12 12 12 12 12 12 12 12 12 12 12 12 12 12 12 12 12 12 12 12 12 12 12 12 12 12 12 12 12 12 12 12 12 12 12 12 12 12 12 12 12 12 12 12 12 12 12 12 12 12 12 12 12 12 12 12 12 12 12 12 12 12 12 12 12 12 12 9 9 9 9 9 9 9 9 9 9 9 9 9 9 9 10 10 10 10 10 10 10 10 10 10 10 10 10 10 10 10 10 10 10 10 10 10 10 10 10 10 10 10 10 10 10 10 10 10 10 10 10 10 10 10 11 11 11 11 11 11 11 11 11 11 11 11 11 11 11 11 11 11 11 11 11 1 1
ciInstanceKlass java/lang/reflect/Parameter 1 1 210 8 8 8 8 1 1 1 1 1 1 1 1 1 1 1 1 1 1 1 1 1 1 1 1 1 1 1 1 1 1 1 1 1 1 1 1 1 1 1 1 1 1 1 1 1 1 1 1 1 1 1 1 1 1 1 1 1 1 1 1 1 1 1 1 1 1 1 1 1 1 1 1 1 1 1 1 1 1 1 1 1 1 1 100 7 7 7 100 7 100 7 7 7 100 7 7 7 7 1 1 1 1 1 1 1 1 1 1 1 1 1 1 1 1 1 1 1 1 1 1 1 1 1 1 1 1 12 12 12 12 12 12 12 12 12 12 12 12 12 12 12 12 12 12 12 12 12 12 12 12 12 12 12 12 12 12 12 12 12 12 12 12 12 12 12 9 9 9 9 9 9 9 10 10 10 10 10 10 10 10 10 10 10 10 10 10 10 10 10 10 10 10 10 10 10 10 10 10 10 10 10 10 10 10 11 11 11 11 1
instanceKlass java/lang/reflect/Constructor
instanceKlass java/lang/reflect/Method
ciInstanceKlass java/lang/reflect/Executable 1 1 378 3 8 8 8 8 8 8 8 8 8 8 8 8 8 8 1 1 1 1 1 1 1 1 1 1 1 1 1 1 1 1 1 1 1 1 1 1 1 1 1 1 1 1 1 1 1 1 1 1 1 1 1 1 1 1 1 1 1 1 1 1 1 1 1 1 1 1 1 1 1 1 1 1 1 1 1 1 1 1 1 1 1 1 1 1 1 1 1 1 1 1 1 1 1 1 1 1 1 1 1 1 1 1 1 1 1 1 1 1 1 1 1 1 1 1 1 1 1 1 1 1 1 1 1 1 1 1 1 1 1 1 1 1 1 1 1 1 1 1 1 1 1 1 1 1 1 1 1 1 1 1 100 7 100 100 7 100 7 100 100 100 7 7 7 7 7 100 100 100 7 7 7 100 7 7 7 7 7 100 100 7 7 7 1 1 1 1 1 1 1 1 1 1 1 1 1 1 1 1 1 1 1 1 1 1 1 1 1 1 1 1 1 1 1 1 1 1 1 1 1 1 1 1 1 1 1 1 1 1 1 1 1 1 1 12 12 12 12 12 12 12 12 12 12 12 12 12 12 12 12 12 12 12 12 12 12 12 12 12 12 12 12 12 12 12 12 12 12 12 12 12 12 12 12 12 12 12 12 12 12 12 12 12 12 12 12 12 12 12 12 12 12 12 12 12 12 12 12 12 12 12 12 9 9 9 9 9 9 9 10 10 10 10 10 10 10 10 10 10 10 10 10 10 10 10 10 10 10 10 10 10 10 10 10 10 10 10 10 10 10 10 10 10 10 10 10 10 10 10 10 10 10 10 10 10 10 10 10 10 10 10 10 10 10 10 10 10 10 10 10 10 10 11 11 11 1 1
ciInstanceKlass java/lang/reflect/Method 1 1 346 8 8 8 1 1 1 1 1 1 1 1 1 1 1 1 1 1 1 1 1 1 1 1 1 1 1 1 1 1 1 1 1 1 1 1 1 1 1 1 1 1 1 1 1 1 1 1 1 1 1 1 1 1 1 1 1 1 1 1 1 1 1 1 1 1 1 1 1 1 1 1 1 1 1 1 1 1 1 1 1 1 1 1 1 1 1 1 1 1 1 1 1 1 1 1 1 1 1 1 1 1 1 1 1 1 1 1 1 1 1 1 1 1 1 1 1 1 1 1 1 1 1 1 1 1 1 1 1 1 1 1 7 7 7 7 7 7 7 7 100 7 7 7 7 7 7 7 7 7 7 7 7 7 7 7 7 7 7 1 1 1 1 1 1 1 1 1 1 1 1 1 1 1 1 1 1 1 1 1 1 1 1 1 1 1 1 1 1 1 1 1 1 1 1 1 1 1 1 1 1 1 1 1 1 1 1 12 12 12 12 12 12 12 12 12 12 12 12 12 12 12 12 12 12 12 12 12 12 12 12 12 12 12 12 12 12 12 12 12 12 12 12 12 12 12 12 12 12 12 12 12 12 12 12 12 12 12 12 12 12 12 12 12 12 12 12 12 12 12 12 12 12 12 9 9 9 9 9 9 9 9 9 9 9 9 9 9 9 9 10 10 10 10 10 10 10 10 10 10 10 10 10 10 10 10 10 10 10 10 10 10 10 10 10 10 10 10 10 10 10 10 10 10 10 10 10 10 10 10 10 10 10 10 10 10 10 10 10 10 10 10 11 11 11 1
ciInstanceKlass java/lang/reflect/Constructor 1 1 330 8 8 8 1 1 1 1 1 1 1 1 1 1 1 1 1 1 1 1 1 1 1 1 1 1 1 1 1 1 1 1 1 1 1 1 1 1 1 1 1 1 1 1 1 1 1 1 1 1 1 1 1 1 1 1 1 1 1 1 1 1 1 1 1 1 1 1 1 1 1 1 1 1 1 1 1 1 1 1 1 1 1 1 1 1 1 1 1 1 1 1 1 1 1 1 1 1 1 1 1 1 1 1 1 1 1 1 1 1 1 1 1 1 1 1 1 1 1 1 1 1 1 1 1 1 1 1 1 1 7 7 7 100 100 100 7 100 100 7 7 100 100 7 100 100 7 7 7 100 100 100 7 7 7 1 1 1 1 1 1 1 1 1 1 1 1 1 1 1 1 1 1 1 1 1 1 1 1 1 1 1 1 1 1 1 1 1 1 1 1 1 1 1 1 1 1 1 1 1 1 1 1 12 12 12 12 12 12 12 12 12 12 12 12 12 12 12 12 12 12 12 12 12 12 12 12 12 12 12 12 12 12 12 12 12 12 12 12 12 12 12 12 12 12 12 12 12 12 12 12 12 12 12 12 12 12 12 12 12 12 12 12 12 12 9 9 9 9 9 9 9 9 9 9 9 9 9 9 10 10 10 10 10 10 10 10 10 10 10 10 10 10 10 10 10 10 10 10 10 10 10 10 10 10 10 10 10 10 10 10 10 10 10 10 10 10 10 10 10 10 10 10 10 10 10 11 11 1 1
instanceKlass sun/reflect/FieldAccessorImpl
instanceKlass sun/reflect/ConstructorAccessorImpl
instanceKlass sun/reflect/MethodAccessorImpl
ciInstanceKlass sun/reflect/MagicAccessorImpl 1 1 13 1 1 1 1 1 1 1 7 100 12 10 1
instanceKlass sun/reflect/GeneratedMethodAccessor122
instanceKlass sun/reflect/GeneratedMethodAccessor121
instanceKlass sun/reflect/GeneratedMethodAccessor120
instanceKlass sun/reflect/GeneratedMethodAccessor119
instanceKlass sun/reflect/GeneratedMethodAccessor118
instanceKlass sun/reflect/GeneratedMethodAccessor117
instanceKlass sun/reflect/GeneratedMethodAccessor116
instanceKlass sun/reflect/GeneratedMethodAccessor115
instanceKlass sun/reflect/GeneratedMethodAccessor114
instanceKlass sun/reflect/GeneratedMethodAccessor113
instanceKlass sun/reflect/GeneratedMethodAccessor112
instanceKlass sun/reflect/GeneratedMethodAccessor111
instanceKlass sun/reflect/GeneratedMethodAccessor110
instanceKlass sun/reflect/GeneratedMethodAccessor109
instanceKlass sun/reflect/GeneratedMethodAccessor108
instanceKlass sun/reflect/GeneratedMethodAccessor107
instanceKlass sun/reflect/GeneratedMethodAccessor106
instanceKlass sun/reflect/GeneratedMethodAccessor105
instanceKlass sun/reflect/GeneratedMethodAccessor104
instanceKlass sun/reflect/GeneratedMethodAccessor103
instanceKlass sun/reflect/GeneratedMethodAccessor102
instanceKlass sun/reflect/GeneratedMethodAccessor101
instanceKlass sun/reflect/GeneratedMethodAccessor100
instanceKlass sun/reflect/GeneratedMethodAccessor99
instanceKlass sun/reflect/GeneratedMethodAccessor98
instanceKlass sun/reflect/GeneratedMethodAccessor97
instanceKlass sun/reflect/GeneratedMethodAccessor96
instanceKlass sun/reflect/GeneratedMethodAccessor95
instanceKlass sun/reflect/GeneratedMethodAccessor94
instanceKlass sun/reflect/GeneratedMethodAccessor93
instanceKlass sun/reflect/GeneratedMethodAccessor92
instanceKlass sun/reflect/GeneratedMethodAccessor91
instanceKlass sun/reflect/GeneratedMethodAccessor90
instanceKlass sun/reflect/GeneratedMethodAccessor89
instanceKlass sun/reflect/GeneratedMethodAccessor88
instanceKlass sun/reflect/GeneratedMethodAccessor87
instanceKlass sun/reflect/GeneratedMethodAccessor86
instanceKlass sun/reflect/GeneratedMethodAccessor85
instanceKlass sun/reflect/GeneratedMethodAccessor84
instanceKlass sun/reflect/GeneratedMethodAccessor83
instanceKlass sun/reflect/GeneratedMethodAccessor82
instanceKlass sun/reflect/GeneratedMethodAccessor81
instanceKlass sun/reflect/GeneratedMethodAccessor80
instanceKlass sun/reflect/GeneratedMethodAccessor79
instanceKlass sun/reflect/GeneratedMethodAccessor78
instanceKlass sun/reflect/GeneratedMethodAccessor77
instanceKlass sun/reflect/GeneratedMethodAccessor76
instanceKlass sun/reflect/GeneratedMethodAccessor75
instanceKlass sun/reflect/GeneratedMethodAccessor74
instanceKlass sun/reflect/GeneratedMethodAccessor73
instanceKlass sun/reflect/GeneratedMethodAccessor72
instanceKlass sun/reflect/GeneratedMethodAccessor71
instanceKlass sun/reflect/GeneratedMethodAccessor70
instanceKlass sun/reflect/GeneratedMethodAccessor69
instanceKlass sun/reflect/GeneratedMethodAccessor68
instanceKlass sun/reflect/GeneratedMethodAccessor67
instanceKlass sun/reflect/GeneratedMethodAccessor66
instanceKlass sun/reflect/GeneratedMethodAccessor65
instanceKlass sun/reflect/GeneratedMethodAccessor64
instanceKlass sun/reflect/GeneratedMethodAccessor63
instanceKlass sun/reflect/GeneratedMethodAccessor62
instanceKlass sun/reflect/GeneratedMethodAccessor61
instanceKlass sun/reflect/GeneratedMethodAccessor60
instanceKlass sun/reflect/GeneratedMethodAccessor59
instanceKlass sun/reflect/GeneratedMethodAccessor58
instanceKlass sun/reflect/GeneratedMethodAccessor57
instanceKlass sun/reflect/GeneratedMethodAccessor56
instanceKlass sun/reflect/GeneratedMethodAccessor55
instanceKlass sun/reflect/GeneratedMethodAccessor54
instanceKlass sun/reflect/GeneratedMethodAccessor53
instanceKlass sun/reflect/GeneratedMethodAccessor52
instanceKlass sun/reflect/GeneratedMethodAccessor51
instanceKlass sun/reflect/GeneratedMethodAccessor50
instanceKlass sun/reflect/GeneratedMethodAccessor49
instanceKlass sun/reflect/GeneratedMethodAccessor48
instanceKlass sun/reflect/GeneratedMethodAccessor47
instanceKlass sun/reflect/GeneratedMethodAccessor46
instanceKlass sun/reflect/GeneratedMethodAccessor45
instanceKlass sun/reflect/GeneratedMethodAccessor44
instanceKlass sun/reflect/GeneratedMethodAccessor43
instanceKlass sun/reflect/GeneratedMethodAccessor42
instanceKlass sun/reflect/GeneratedMethodAccessor41
instanceKlass sun/reflect/GeneratedMethodAccessor40
instanceKlass sun/reflect/GeneratedMethodAccessor39
instanceKlass sun/reflect/GeneratedMethodAccessor38
instanceKlass sun/reflect/GeneratedMethodAccessor37
instanceKlass sun/reflect/GeneratedMethodAccessor36
instanceKlass sun/reflect/GeneratedMethodAccessor35
instanceKlass sun/reflect/GeneratedMethodAccessor34
instanceKlass sun/reflect/GeneratedMethodAccessor33
instanceKlass sun/reflect/GeneratedMethodAccessor32
instanceKlass sun/reflect/GeneratedMethodAccessor31
instanceKlass sun/reflect/GeneratedMethodAccessor30
instanceKlass sun/reflect/GeneratedMethodAccessor29
instanceKlass sun/reflect/GeneratedMethodAccessor28
instanceKlass sun/reflect/GeneratedMethodAccessor27
instanceKlass sun/reflect/GeneratedMethodAccessor26
instanceKlass sun/reflect/GeneratedMethodAccessor25
instanceKlass sun/reflect/GeneratedMethodAccessor24
instanceKlass sun/reflect/GeneratedMethodAccessor23
instanceKlass sun/reflect/GeneratedMethodAccessor22
instanceKlass sun/reflect/GeneratedMethodAccessor21
instanceKlass sun/reflect/GeneratedMethodAccessor20
instanceKlass sun/reflect/GeneratedMethodAccessor19
instanceKlass sun/reflect/GeneratedMethodAccessor18
instanceKlass sun/reflect/GeneratedMethodAccessor17
instanceKlass sun/reflect/GeneratedMethodAccessor16
instanceKlass sun/reflect/GeneratedMethodAccessor15
instanceKlass sun/reflect/GeneratedMethodAccessor14
instanceKlass sun/reflect/GeneratedMethodAccessor13
instanceKlass sun/reflect/GeneratedMethodAccessor12
instanceKlass sun/reflect/GeneratedMethodAccessor11
instanceKlass sun/reflect/GeneratedMethodAccessor10
instanceKlass sun/reflect/GeneratedMethodAccessor9
instanceKlass sun/reflect/GeneratedMethodAccessor8
instanceKlass sun/reflect/GeneratedMethodAccessor7
instanceKlass sun/reflect/GeneratedMethodAccessor6
instanceKlass sun/reflect/GeneratedMethodAccessor5
instanceKlass sun/reflect/GeneratedMethodAccessor4
instanceKlass sun/reflect/GeneratedMethodAccessor3
instanceKlass sun/reflect/GeneratedMethodAccessor2
instanceKlass sun/reflect/GeneratedMethodAccessor1
instanceKlass sun/reflect/DelegatingMethodAccessorImpl
instanceKlass sun/reflect/NativeMethodAccessorImpl
ciInstanceKlass sun/reflect/MethodAccessorImpl 1 1 22 1 1 1 1 1 1 1 1 1 1 1 1 1 100 100 7 100 100 12 10 1
instanceKlass sun/reflect/GeneratedConstructorAccessor78
instanceKlass sun/reflect/GeneratedConstructorAccessor77
instanceKlass sun/reflect/GeneratedConstructorAccessor76
instanceKlass sun/reflect/GeneratedConstructorAccessor75
instanceKlass sun/reflect/GeneratedConstructorAccessor74
instanceKlass sun/reflect/GeneratedConstructorAccessor73
instanceKlass sun/reflect/GeneratedConstructorAccessor72
instanceKlass sun/reflect/GeneratedConstructorAccessor71
instanceKlass sun/reflect/GeneratedConstructorAccessor70
instanceKlass sun/reflect/GeneratedConstructorAccessor69
instanceKlass sun/reflect/GeneratedConstructorAccessor68
instanceKlass sun/reflect/GeneratedConstructorAccessor67
instanceKlass sun/reflect/GeneratedConstructorAccessor66
instanceKlass sun/reflect/GeneratedConstructorAccessor65
instanceKlass sun/reflect/GeneratedConstructorAccessor64
instanceKlass sun/reflect/GeneratedConstructorAccessor63
instanceKlass sun/reflect/GeneratedConstructorAccessor62
instanceKlass sun/reflect/GeneratedConstructorAccessor61
instanceKlass sun/reflect/GeneratedConstructorAccessor60
instanceKlass sun/reflect/GeneratedConstructorAccessor59
instanceKlass sun/reflect/GeneratedConstructorAccessor58
instanceKlass sun/reflect/GeneratedConstructorAccessor57
instanceKlass sun/reflect/GeneratedConstructorAccessor56
instanceKlass sun/reflect/GeneratedConstructorAccessor55
instanceKlass sun/reflect/GeneratedConstructorAccessor54
instanceKlass sun/reflect/GeneratedConstructorAccessor53
instanceKlass sun/reflect/GeneratedConstructorAccessor52
instanceKlass sun/reflect/GeneratedConstructorAccessor51
instanceKlass sun/reflect/GeneratedConstructorAccessor50
instanceKlass sun/reflect/GeneratedConstructorAccessor49
instanceKlass sun/reflect/GeneratedConstructorAccessor48
instanceKlass sun/reflect/GeneratedConstructorAccessor47
instanceKlass sun/reflect/GeneratedConstructorAccessor46
instanceKlass sun/reflect/GeneratedConstructorAccessor45
instanceKlass sun/reflect/GeneratedConstructorAccessor44
instanceKlass sun/reflect/GeneratedConstructorAccessor43
instanceKlass sun/reflect/GeneratedConstructorAccessor42
instanceKlass sun/reflect/GeneratedConstructorAccessor41
instanceKlass sun/reflect/SerializationConstructorAccessorImpl
instanceKlass sun/reflect/GeneratedConstructorAccessor40
instanceKlass sun/reflect/GeneratedConstructorAccessor39
instanceKlass sun/reflect/GeneratedConstructorAccessor38
instanceKlass sun/reflect/GeneratedConstructorAccessor37
instanceKlass sun/reflect/GeneratedConstructorAccessor36
instanceKlass sun/reflect/GeneratedConstructorAccessor35
instanceKlass sun/reflect/GeneratedConstructorAccessor34
instanceKlass sun/reflect/GeneratedConstructorAccessor33
instanceKlass sun/reflect/GeneratedConstructorAccessor32
instanceKlass sun/reflect/GeneratedConstructorAccessor31
instanceKlass sun/reflect/GeneratedConstructorAccessor30
instanceKlass sun/reflect/GeneratedConstructorAccessor29
instanceKlass sun/reflect/GeneratedConstructorAccessor28
instanceKlass sun/reflect/GeneratedConstructorAccessor27
instanceKlass sun/reflect/GeneratedConstructorAccessor26
instanceKlass sun/reflect/GeneratedConstructorAccessor25
instanceKlass sun/reflect/GeneratedConstructorAccessor24
instanceKlass sun/reflect/GeneratedConstructorAccessor23
instanceKlass sun/reflect/GeneratedConstructorAccessor22
instanceKlass sun/reflect/GeneratedConstructorAccessor21
instanceKlass sun/reflect/GeneratedConstructorAccessor20
instanceKlass sun/reflect/GeneratedConstructorAccessor19
instanceKlass sun/reflect/GeneratedConstructorAccessor18
instanceKlass sun/reflect/GeneratedConstructorAccessor17
instanceKlass sun/reflect/GeneratedConstructorAccessor16
instanceKlass sun/reflect/GeneratedConstructorAccessor15
instanceKlass sun/reflect/GeneratedConstructorAccessor14
instanceKlass sun/reflect/GeneratedConstructorAccessor13
instanceKlass sun/reflect/GeneratedConstructorAccessor12
instanceKlass sun/reflect/GeneratedConstructorAccessor11
instanceKlass sun/reflect/GeneratedConstructorAccessor10
instanceKlass sun/reflect/GeneratedConstructorAccessor9
instanceKlass sun/reflect/GeneratedConstructorAccessor8
instanceKlass sun/reflect/GeneratedConstructorAccessor7
instanceKlass sun/reflect/GeneratedConstructorAccessor6
instanceKlass sun/reflect/GeneratedConstructorAccessor5
instanceKlass sun/reflect/GeneratedConstructorAccessor4
instanceKlass sun/reflect/GeneratedConstructorAccessor3
instanceKlass sun/reflect/GeneratedConstructorAccessor2
instanceKlass sun/reflect/BootstrapConstructorAccessorImpl
instanceKlass sun/reflect/GeneratedConstructorAccessor1
instanceKlass sun/reflect/DelegatingConstructorAccessorImpl
instanceKlass sun/reflect/NativeConstructorAccessorImpl
ciInstanceKlass sun/reflect/ConstructorAccessorImpl 1 1 24 1 1 1 1 1 1 1 1 1 1 1 1 1 1 100 100 100 100 100 7 12 10 1
ciInstanceKlass sun/reflect/DelegatingClassLoader 1 1 13 1 1 1 1 1 1 1 7 100 1 12 10
ciInstanceKlass sun/reflect/ConstantPool 1 1 106 8 7 1 1 1 1 1 1 1 1 1 1 1 1 1 1 1 1 1 1 1 1 1 1 1 1 1 1 1 1 1 1 1 1 1 1 1 1 1 1 1 1 1 1 1 1 1 1 1 1 100 7 7 1 1 1 1 1 1 1 1 1 1 1 1 1 1 1 1 1 12 12 12 12 12 12 12 12 12 12 12 12 12 12 12 12 12 9 10 10 10 10 10 10 10 10 10 10 10 10 10 10 10 10 1
instanceKlass sun/reflect/UnsafeFieldAccessorImpl
ciInstanceKlass sun/reflect/FieldAccessorImpl 1 1 56 1 1 1 1 1 1 1 1 1 1 1 1 1 1 1 1 1 1 1 1 1 1 1 1 1 1 1 1 1 1 1 1 1 1 100 100 100 100 7 1 1 1 1 1 1 1 1 1 1 1 1 1 12 10 1
instanceKlass sun/reflect/UnsafeIntegerFieldAccessorImpl
instanceKlass sun/reflect/UnsafeQualifiedFieldAccessorImpl
instanceKlass sun/reflect/UnsafeObjectFieldAccessorImpl
instanceKlass sun/reflect/UnsafeStaticFieldAccessorImpl
ciInstanceKlass sun/reflect/UnsafeFieldAccessorImpl 1 1 229 8 8 8 8 8 8 8 8 8 8 8 8 8 8 8 8 8 8 8 8 8 8 1 1 1 1 1 1 1 1 1 1 1 1 1 1 1 1 1 1 1 1 1 1 1 1 1 1 1 1 1 1 1 1 1 1 1 1 1 1 1 1 1 1 1 1 1 1 1 1 1 1 1 1 1 1 1 1 1 1 1 1 1 1 1 1 1 1 1 1 1 1 1 1 1 1 1 1 1 1 1 1 1 1 1 1 1 1 1 1 1 1 1 1 1 1 1 1 1 100 100 100 7 100 100 100 100 100 100 7 100 100 100 7 7 7 7 7 1 1 1 1 1 1 1 1 1 1 1 1 1 1 1 1 1 1 12 12 12 12 12 12 12 12 12 12 12 12 12 12 12 12 12 12 12 12 12 12 12 12 12 12 12 12 12 12 12 12 12 12 9 9 9 9 10 10 10 10 10 10 10 10 10 10 10 10 10 10 10 10 10 10 10 10 10 10 10 10 10 10 10 10 10 10 10 10 10 1
staticfield sun/reflect/UnsafeFieldAccessorImpl unsafe Lsun/misc/Unsafe; sun/misc/Unsafe
instanceKlass sun/reflect/UnsafeQualifiedStaticFieldAccessorImpl
instanceKlass sun/reflect/UnsafeStaticObjectFieldAccessorImpl
ciInstanceKlass sun/reflect/UnsafeStaticFieldAccessorImpl 1 1 38 8 7 1 1 1 1 1 1 1 1 1 1 1 1 1 1 1 1 7 7 7 7 1 1 1 1 12 12 12 12 12 9 9 10 10 10 1
ciInstanceKlass sun/reflect/CallerSensitive 1 1 17 1 1 1 1 1 1 1 1 100 100 100 1 1 1 1 1
instanceKlass java/lang/invoke/DelegatingMethodHandle
instanceKlass java/lang/invoke/BoundMethodHandle
instanceKlass java/lang/invoke/DirectMethodHandle
ciInstanceKlass java/lang/invoke/MethodHandle 1 1 438 8 8 8 8 8 8 8 8 8 8 8 8 8 7 1 1 1 1 1 1 1 1 1 1 1 1 1 1 1 1 1 1 1 1 1 1 1 1 1 1 1 1 1 1 1 1 1 1 1 1 1 1 1 1 1 1 1 1 1 1 1 1 1 1 1 1 1 1 1 1 1 1 1 1 1 1 1 1 1 1 1 1 1 1 1 1 1 1 1 1 1 1 1 1 1 1 1 1 1 1 1 1 1 1 1 1 1 1 1 1 1 1 1 1 1 1 1 1 1 1 1 1 1 1 1 1 1 1 1 1 1 1 1 1 1 1 1 1 1 1 1 1 1 1 1 1 1 1 1 1 1 1 1 1 1 1 1 1 1 1 1 1 1 1 1 1 1 1 1 1 1 100 7 100 100 100 100 7 100 100 100 7 100 100 7 7 7 100 7 7 7 7 100 100 100 7 1 1 1 1 1 1 1 1 1 1 1 1 1 1 1 1 1 1 1 1 1 1 1 1 1 1 1 1 1 1 1 1 1 1 1 1 1 1 1 1 1 1 1 1 1 1 1 1 1 1 1 1 1 1 1 1 1 1 1 1 1 1 1 1 1 1 1 12 12 12 12 12 12 12 12 12 12 12 12 12 12 12 12 12 12 12 12 12 12 12 12 12 12 12 12 12 12 12 12 12 12 12 12 12 12 12 12 12 12 12 12 12 12 12 12 12 12 12 12 12 12 12 12 12 12 12 12 12 12 12 12 12 12 12 12 12 12 12 12 12 12 12 12 12 12 12 12 12 12 12 9 9 9 9 9 9 9 9 9 9 9 9 10 10 10 10 10 10 10 10 10 10 10 10 10 10 10 10 10 10 10 10 10 10 10 10 10 10 10 10 10 10 10 10 10 10 10 10 10 10 10 10 10 10 10 10 10 10 10 10 10 10 10 10 10 10 10 10 10 10 10 10 10 10 10 10 10 10 10 10 10 10 10 10 10 10 10 11 1 1 1
staticfield java/lang/invoke/MethodHandle FORM_OFFSET J 20
staticfield java/lang/invoke/MethodHandle $assertionsDisabled Z 1
instanceKlass java/lang/invoke/DirectMethodHandle$Constructor
instanceKlass java/lang/invoke/DirectMethodHandle$Special
instanceKlass java/lang/invoke/DirectMethodHandle$Accessor
instanceKlass java/lang/invoke/DirectMethodHandle$Interface
ciInstanceKlass java/lang/invoke/DirectMethodHandle 1 1 701 8 8 8 8 8 8 8 8 8 8 8 8 8 8 8 8 8 8 8 8 8 7 7 7 7 7 7 7 7 7 7 7 1 1 1 1 1 1 1 1 1 1 1 1 1 1 1 1 1 1 1 1 1 1 1 1 1 1 1 1 1 1 1 1 1 1 1 1 1 1 1 1 1 1 1 1 1 1 1 1 1 1 1 1 1 1 1 1 1 1 1 1 1 1 1 1 1 1 1 1 1 1 1 1 1 1 1 1 1 1 1 1 1 1 1 1 1 1 1 1 1 1 1 1 1 1 1 1 1 1 1 1 1 1 1 1 1 1 1 1 1 1 1 1 1 1 1 1 1 1 1 1 1 1 1 1 1 1 1 1 1 1 1 1 1 1 1 1 1 1 1 1 1 1 1 1 1 1 1 1 1 1 1 1 1 1 1 1 1 1 1 1 1 1 1 1 1 1 1 1 1 1 1 1 1 1 1 1 1 1 1 1 1 1 1 1 1 1 1 1 1 1 1 1 1 1 1 1 1 1 1 1 1 1 1 1 1 1 1 1 1 1 1 1 1 1 1 1 1 1 1 1 1 1 1 1 1 1 1 1 1 1 1 100 100 7 7 7 100 7 100 7 7 100 7 7 100 7 7 7 7 7 7 100 7 7 100 7 7 100 7 7 7 100 100 100 7 7 7 7 1 1 1 1 1 1 1 1 1 1 1 1 1 1 1 1 1 1 1 1 1 1 1 1 1 1 1 1 1 1 1 1 1 1 1 1 1 1 1 1 1 1 1 1 1 1 1 1 1 1 1 1 1 1 1 1 1 1 1 1 1 1 1 1 1 1 1 1 1 1 1 1 1 1 1 1 1 1 1 12 12 12 12 12 12 12 12 12 12 12 12 12 12 12 12 12 12 12 12 12 12 12 12 12 12 12 12 12 12 12 12 12 12 12 12 12 12 12 12 12 12 12 12 12 12 12 12 12 12 12 12 12 12 12 12 12 12 12 12 12 12 12 12 12 12 12 12 12 12 12 12 12 12 12 12 12 12 12 12 12 12 12 12 12 12 12 12 12 12 12 12 12 12 12 12 12 12 12 12 12 12 12 12 12 12 12 12 12 12 12 12 12 12 12 12 12 12 12 12 12 12 12 12 12 12 12 12 12 12 12 12 12 12 12 12 12 12 12 12 12 12 12 12 12 12 12 12 12 12 12 12 9 9 9 9 9 9 9 9 9 9 9 9 9 9 9 9 9 9 9 9 9 9 9 9 9 9 9 9 9 9 9 9 9 9 9 9 10 10 10 10 10 10 10 10 10 10 10 10 10 10 10 10 10 10 10 10 10 10 10 10 10 10 10 10 10 10 10 10 10 10 10 10 10 10 10 10 10 10 10 10 10 10 10 10 10 10 10 10 10 10 10 10 10 10 10 10 10 10 10 10 10 10 10 10 10 10 10 10 10 10 10 10 10 10 10 10 10 10 10 10 10 10 10 10 10 10 10 10 10 10 10 10 10 10 10 10 10 10 10 10 10 10 10 10 10 10 10 10 10 10 10 10 10 10 10 10 10 10 10 1 1 1 1 1 1 1 1 1 1
staticfield java/lang/invoke/DirectMethodHandle IMPL_NAMES Ljava/lang/invoke/MemberName$Factory; java/lang/invoke/MemberName$Factory
staticfield java/lang/invoke/DirectMethodHandle ACCESSOR_FORMS [Ljava/lang/invoke/LambdaForm; 132 [Ljava/lang/invoke/LambdaForm;
staticfield java/lang/invoke/DirectMethodHandle $assertionsDisabled Z 1
ciInstanceKlass java/lang/invoke/MemberName 1 1 642 3 3 3 3 3 3 3 3 3 3 3 8 8 8 8 8 8 8 8 8 8 8 8 8 8 8 8 8 8 8 8 8 8 8 8 8 8 8 8 8 8 8 7 7 7 100 1 1 1 1 1 1 1 1 1 1 1 1 1 1 1 1 1 1 1 1 1 1 1 1 1 1 1 1 1 1 1 1 1 1 1 1 1 1 1 1 1 1 1 1 1 1 1 1 1 1 1 1 1 1 1 1 1 1 1 1 1 1 1 1 1 1 1 1 1 1 1 1 1 1 1 1 1 1 1 1 1 1 1 1 1 1 1 1 1 1 1 1 1 1 1 1 1 1 1 1 1 1 1 1 1 1 1 1 1 1 1 1 1 1 1 1 1 1 1 1 1 1 1 1 1 1 1 1 1 1 1 1 1 1 1 1 1 1 1 1 1 1 1 1 1 1 1 1 1 1 1 1 1 1 1 1 1 1 1 1 1 1 1 1 1 1 1 1 1 1 1 1 1 1 1 1 1 1 1 1 1 1 1 1 1 1 1 1 1 1 1 1 1 1 1 1 1 1 1 1 1 1 1 1 1 1 1 1 1 1 1 1 1 1 1 1 1 1 1 1 1 1 1 1 1 1 1 1 1 1 1 3 3 3 3 3 3 3 3 7 7 100 100 100 7 7 100 100 100 100 100 100 100 100 100 7 100 7 7 7 7 7 100 7 7 100 100 100 100 7 100 100 100 7 7 7 100 7 1 1 1 1 1 1 1 1 1 1 1 1 1 1 1 1 1 1 1 1 1 1 1 1 1 1 1 1 1 1 1 1 1 1 1 1 1 1 1 1 1 1 1 1 1 1 1 1 1 1 1 1 1 1 1 1 1 1 1 1 1 1 1 1 12 12 12 12 12 12 12 12 12 12 12 12 12 12 12 12 12 12 12 12 12 12 12 12 12 12 12 12 12 12 12 12 12 12 12 12 12 12 12 12 12 12 12 12 12 12 12 12 12 12 12 12 12 12 12 12 12 12 12 12 12 12 12 12 12 12 12 12 12 12 12 12 12 12 12 12 12 12 12 12 12 12 12 12 12 12 12 12 12 12 12 12 12 12 12 12 12 12 12 12 12 12 12 12 12 12 12 12 12 12 12 12 12 9 9 9 9 9 9 9 9 9 9 10 10 10 10 10 10 10 10 10 10 10 10 10 10 10 10 10 10 10 10 10 10 10 10 10 10 10 10 10 10 10 10 10 10 10 10 10 10 10 10 10 10 10 10 10 10 10 10 10 10 10 10 10 10 10 10 10 10 10 10 10 10 10 10 10 10 10 10 10 10 10 10 10 10 10 10 10 10 10 10 10 10 10 10 10 10 10 10 10 10 10 10 10 10 10 10 10 10 10 10 10 10 10 10 10 10 10 10 10 10 10 10 10 10 10 10 10 10 10 10 10 10 10 10 10 10 1 1 1 1
staticfield java/lang/invoke/MemberName $assertionsDisabled Z 1
ciInstanceKlass java/lang/invoke/MethodHandleNatives 1 1 427 8 8 8 8 8 8 8 8 8 8 8 8 8 8 8 8 8 8 8 8 8 8 8 8 8 8 8 8 100 100 7 7 100 1 1 1 1 1 1 1 1 1 1 1 1 1 1 1 1 1 1 1 1 1 1 1 1 1 1 1 1 1 1 1 1 1 1 1 1 1 1 1 1 1 1 1 1 1 1 1 1 1 1 1 1 1 1 1 1 1 1 1 1 1 1 1 1 1 1 1 1 1 1 1 1 1 1 1 1 1 1 1 1 1 1 1 1 1 1 1 1 1 1 1 1 1 1 1 1 1 1 1 1 1 1 1 1 1 1 1 1 1 1 1 1 1 1 1 1 1 1 1 1 1 1 1 1 1 1 1 1 1 1 1 1 1 1 1 1 1 1 1 1 1 1 1 1 1 1 1 1 1 1 1 1 1 1 1 1 1 1 1 1 1 1 1 1 1 1 1 100 100 100 100 7 100 100 100 100 100 100 100 100 100 100 100 100 100 7 100 7 100 100 100 7 7 7 7 7 7 100 7 7 100 100 1 1 1 1 1 1 1 1 1 1 1 1 1 1 1 1 1 1 1 1 1 1 1 1 1 1 1 1 1 1 1 1 1 1 1 1 1 1 1 1 1 1 1 1 1 1 1 12 12 12 12 12 12 12 12 12 12 12 12 12 12 12 12 12 12 12 12 12 12 12 12 12 12 12 12 12 12 12 12 12 12 12 12 12 12 12 12 12 12 12 12 12 12 12 12 12 12 12 12 12 12 12 12 12 12 12 12 12 12 12 12 9 9 9 9 9 9 10 10 10 10 10 10 10 10 10 10 10 10 10 10 10 10 10 10 10 10 10 10 10 10 10 10 10 10 10 10 10 10 10 10 10 10 10 10 10 10 10 10 10 10 10 10 10 10 10 10 10 10 10 10 10 10 10 10 10 10 10 10 10 10 10 10 10 10 10 10 10 1 1 1
staticfield java/lang/invoke/MethodHandleNatives COUNT_GWT Z 1
staticfield java/lang/invoke/MethodHandleNatives $assertionsDisabled Z 1
ciInstanceKlass java/lang/invoke/LambdaForm 1 1 967 8 8 8 8 8 8 8 8 8 8 8 8 8 8 8 8 8 8 8 8 8 8 8 8 8 8 8 8 8 8 8 8 8 8 8 8 8 8 8 8 8 8 8 8 8 8 8 8 8 8 8 8 8 8 100 7 7 1 1 1 1 1 1 1 1 1 1 1 1 1 1 1 1 1 1 1 1 1 1 1 1 1 1 1 1 1 1 1 1 1 1 1 1 1 1 1 1 1 1 1 1 1 1 1 1 1 1 1 1 1 1 1 1 1 1 1 1 1 1 1 1 1 1 1 1 1 1 1 1 1 1 1 1 1 1 1 1 1 1 1 1 1 1 1 1 1 1 1 1 1 1 1 1 1 1 1 1 1 1 1 1 1 1 1 1 1 1 1 1 1 1 1 1 1 1 1 1 1 1 1 1 1 1 1 1 1 1 1 1 1 1 1 1 1 1 1 1 1 1 1 1 1 1 1 1 1 1 1 1 1 1 1 1 1 1 1 1 1 1 1 1 1 1 1 1 1 1 1 1 1 1 1 1 1 1 1 1 1 1 1 1 1 1 1 1 1 1 1 1 1 1 1 1 1 1 1 1 1 1 1 1 1 1 1 1 1 1 1 1 1 1 1 1 1 1 1 1 1 1 1 1 1 1 1 1 1 1 1 1 1 1 1 1 1 1 1 1 1 1 1 1 1 1 1 1 1 1 1 1 1 1 1 1 1 1 1 1 1 1 1 1 1 1 1 1 1 1 1 1 1 1 1 1 1 1 1 1 1 1 1 1 1 1 1 1 1 1 1 1 1 1 1 1 1 1 1 1 1 1 1 1 1 1 1 1 1 1 1 1 1 1 1 1 1 1 1 1 1 1 1 1 1 1 1 1 1 1 1 1 1 1 1 1 1 1 1 1 3 3 3 3 8 100 100 100 100 7 7 100 100 100 7 100 100 100 100 100 100 100 100 7 7 7 100 7 7 100 100 100 7 100 7 100 100 7 7 7 7 7 100 100 7 7 7 7 100 100 7 7 7 1 1 1 1 1 1 1 1 1 1 1 1 1 1 1 1 1 1 1 1 1 1 1 1 1 1 1 1 1 1 1 1 1 1 1 1 1 1 1 1 1 1 1 1 1 1 1 1 1 1 1 1 1 1 1 1 1 1 1 1 1 1 1 1 1 1 1 1 1 1 1 1 1 1 1 1 1 1 1 1 1 1 1 1 1 1 1 1 1 1 1 1 1 1 1 1 1 1 1 1 1 1 1 1 1 1 1 1 1 1 1 1 1 1 12 12 12 12 12 12 12 12 12 12 12 12 12 12 12 12 12 12 12 12 12 12 12 12 12 12 12 12 12 12 12 12 12 12 12 12 12 12 12 12 12 12 12 12 12 12 12 12 12 12 12 12 12 12 12 12 12 12 12 12 12 12 12 12 12 12 12 12 12 12 12 12 12 12 12 12 12 12 12 12 12 12 12 12 12 12 12 12 12 12 12 12 12 12 12 12 12 12 12 12 12 12 12 12 12 12 12 12 12 12 12 12 12 12 12 12 12 12 12 12 12 12 12 12 12 12 12 12 12 12 12 12 12 12 12 12 12 12 12 12 12 12 12 12 12 12 12 12 12 12 12 12 12 12 12 12 12 12 12 12 12 12 12 12 12 12 12 12 12 12 12 12 12 12 12 12 12 12 12 12 12 12 12 12 12 12 12 12 12 12 12 9 9 9 9 9 9 9 9 9 9 9 9 9 9 9 9 9 9 9 9 9 9 9 9 9 9 9 9 9 9 9 9 9 9 9 9 9 9 9 9 10 10 10 10 10 10 10 10 10 10 10 10 10 10 10 10 10 10 10 10 10 10 10 10 10 10 10 10 10 10 10 10 10 10 10 10 10 10 10 10 10 10 10 10 10 10 10 10 10 10 10 10 10 10 10 10 10 10 10 10 10 10 10 10 10 10 10 10 10 10 10 10 10 10 10 10 10 10 10 10 10 10 10 10 10 10 10 10 10 10 10 10 10 10 10 10 10 10 10 10 10 10 10 10 10 10 10 10 10 10 10 10 10 10 10 10 10 10 10 10 10 10 10 10 10 10 10 10 10 10 10 10 10 10 10 10 10 10 10 10 10 10 10 10 10 10 10 10 10 10 10 10 10 10 10 10 10 10 10 10 11 11 11 11 11 1 1 1 1 1 1
staticfield java/lang/invoke/LambdaForm COMPILE_THRESHOLD I 0
staticfield java/lang/invoke/LambdaForm INTERNED_ARGUMENTS [[Ljava/lang/invoke/LambdaForm$Name; 5 [[Ljava/lang/invoke/LambdaForm$Name;
staticfield java/lang/invoke/LambdaForm IMPL_NAMES Ljava/lang/invoke/MemberName$Factory; java/lang/invoke/MemberName$Factory
staticfield java/lang/invoke/LambdaForm LF_identityForm [Ljava/lang/invoke/LambdaForm; 6 [Ljava/lang/invoke/LambdaForm;
staticfield java/lang/invoke/LambdaForm LF_zeroForm [Ljava/lang/invoke/LambdaForm; 6 [Ljava/lang/invoke/LambdaForm;
staticfield java/lang/invoke/LambdaForm NF_identity [Ljava/lang/invoke/LambdaForm$NamedFunction; 6 [Ljava/lang/invoke/LambdaForm$NamedFunction;
staticfield java/lang/invoke/LambdaForm NF_zero [Ljava/lang/invoke/LambdaForm$NamedFunction; 6 [Ljava/lang/invoke/LambdaForm$NamedFunction;
staticfield java/lang/invoke/LambdaForm DEBUG_NAME_COUNTERS Ljava/util/HashMap; null
staticfield java/lang/invoke/LambdaForm TRACE_INTERPRETER Z 0
staticfield java/lang/invoke/LambdaForm $assertionsDisabled Z 1
ciInstanceKlass java/lang/invoke/MethodType 1 1 593 8 8 8 8 8 8 8 8 8 8 8 8 7 7 7 7 1 1 1 1 1 1 1 1 1 1 1 1 1 1 1 1 1 1 1 1 1 1 1 1 1 1 1 1 1 1 1 1 1 1 1 1 1 1 1 1 1 1 1 1 1 1 1 1 1 1 1 1 1 1 1 1 1 1 1 1 1 1 1 1 1 1 1 1 1 1 1 1 1 1 1 1 1 1 1 1 1 1 1 1 1 1 1 1 1 1 1 1 1 1 1 1 1 1 1 1 1 1 1 1 1 1 1 1 1 1 1 1 1 1 1 1 1 1 1 1 1 1 1 1 1 1 1 1 1 1 1 1 1 1 1 1 1 1 1 1 1 1 1 1 1 1 1 1 1 1 1 1 1 1 1 1 1 1 1 1 1 1 1 1 1 1 1 1 1 1 1 1 1 1 1 1 1 1 1 1 1 1 1 1 1 1 1 1 1 1 1 1 1 1 1 1 1 1 1 3 3 3 5 0 7 100 100 100 7 100 100 7 100 7 100 100 100 100 100 7 7 7 7 100 100 7 7 7 7 7 7 7 7 7 7 100 100 7 1 1 1 1 1 1 1 1 1 1 1 1 1 1 1 1 1 1 1 1 1 1 1 1 1 1 1 1 1 1 1 1 1 1 1 1 1 1 1 1 1 1 1 1 1 1 1 1 1 1 1 1 1 1 1 1 1 1 1 1 1 1 1 1 1 1 1 1 1 1 1 1 1 1 1 1 1 1 1 1 1 1 1 1 1 1 1 1 1 1 1 1 1 1 1 1 1 1 1 1 1 1 1 1 12 12 12 12 12 12 12 12 12 12 12 12 12 12 12 12 12 12 12 12 12 12 12 12 12 12 12 12 12 12 12 12 12 12 12 12 12 12 12 12 12 12 12 12 12 12 12 12 12 12 12 12 12 12 12 12 12 12 12 12 12 12 12 12 12 12 12 12 12 12 12 12 12 12 12 12 12 12 12 12 12 12 12 12 12 12 12 12 12 12 12 12 12 12 12 12 12 12 12 12 12 12 12 12 12 12 12 12 12 12 12 12 9 9 9 9 9 9 9 9 9 9 9 9 9 9 9 9 9 9 10 10 10 10 10 10 10 10 10 10 10 10 10 10 10 10 10 10 10 10 10 10 10 10 10 10 10 10 10 10 10 10 10 10 10 10 10 10 10 10 10 10 10 10 10 10 10 10 10 10 10 10 10 10 10 10 10 10 10 10 10 10 10 10 10 10 10 10 10 10 10 10 10 10 10 10 10 10 10 10 10 10 10 10 10 10 10 10 10 10 10 10 10 10 10 10 10 10 11 11 11 11 1 1
staticfield java/lang/invoke/MethodType internTable Ljava/lang/invoke/MethodType$ConcurrentWeakInternSet; java/lang/invoke/MethodType$ConcurrentWeakInternSet
staticfield java/lang/invoke/MethodType NO_PTYPES [Ljava/lang/Class; 0 [Ljava/lang/Class;
staticfield java/lang/invoke/MethodType objectOnlyTypes [Ljava/lang/invoke/MethodType; 20 [Ljava/lang/invoke/MethodType;
staticfield java/lang/invoke/MethodType serialPersistentFields [Ljava/io/ObjectStreamField; 0 [Ljava/io/ObjectStreamField;
staticfield java/lang/invoke/MethodType rtypeOffset J 12
staticfield java/lang/invoke/MethodType ptypesOffset J 16
staticfield java/lang/invoke/MethodType $assertionsDisabled Z 1
ciInstanceKlass java/lang/BootstrapMethodError 0 0 38 1 1 1 1 1 1 1 1 1 1 1 1 1 1 1 1 1 1 5 0 100 100 100 100 1 1 12 12 12 12 12 10 10 10 10 10 1
instanceKlass java/lang/invoke/VolatileCallSite
instanceKlass java/lang/invoke/MutableCallSite
instanceKlass java/lang/invoke/ConstantCallSite
ciInstanceKlass java/lang/invoke/CallSite 1 1 311 8 8 8 8 8 8 8 8 7 7 7 7 1 1 1 1 1 1 1 1 1 1 1 1 1 1 1 1 1 1 1 1 1 1 1 1 1 1 1 1 1 1 1 1 1 1 1 1 1 1 1 1 1 1 1 1 1 1 1 1 1 1 1 1 1 1 1 1 1 1 1 1 1 1 1 1 1 1 1 1 1 1 1 1 1 1 1 1 1 1 1 1 1 1 1 1 1 1 1 1 1 1 1 1 1 1 1 1 1 1 1 1 1 1 1 1 1 1 100 7 100 100 100 100 7 100 100 100 100 100 100 7 100 7 100 7 7 100 100 7 1 1 1 1 1 1 1 1 1 1 1 1 1 1 1 1 1 1 1 1 1 1 1 1 1 1 1 1 1 1 1 1 1 1 1 1 1 1 1 1 1 1 1 12 12 12 12 12 12 12 12 12 12 12 12 12 12 12 12 12 12 12 12 12 12 12 12 12 12 12 12 12 12 12 12 12 12 12 12 12 12 12 12 12 12 12 12 12 12 12 12 12 12 12 12 12 12 12 12 12 12 12 12 9 9 9 9 9 9 10 10 10 10 10 10 10 10 10 10 10 10 10 10 10 10 10 10 10 10 10 10 10 10 10 10 10 10 10 10 10 10 10 10 10 10 10 10 10 10 10 10 10 10 10 10 10 10 10 10 10 10 10 10 10 10 10 10 10 1 1
staticfield java/lang/invoke/CallSite GET_TARGET Ljava/lang/invoke/MethodHandle; java/lang/invoke/DirectMethodHandle
staticfield java/lang/invoke/CallSite THROW_UCS Ljava/lang/invoke/MethodHandle; java/lang/invoke/MethodHandleImpl$AsVarargsCollector
staticfield java/lang/invoke/CallSite TARGET_OFFSET J 12
ciInstanceKlass java/lang/invoke/ConstantCallSite 1 1 42 1 1 1 1 1 1 1 1 1 1 1 1 1 1 1 1 1 1 1 1 100 100 100 7 7 1 1 12 12 12 12 12 12 9 9 10 10 10 10 10 1
ciInstanceKlass java/lang/invoke/MutableCallSite 0 0 57 1 1 1 1 1 1 1 1 1 1 1 1 1 1 1 1 1 1 1 1 1 1 1 1 1 100 100 100 100 1 1 1 1 1 1 12 12 12 12 12 12 12 12 12 12 9 9 10 10 10 10 10 10 10 10 1
ciInstanceKlass java/lang/invoke/VolatileCallSite 0 0 33 1 1 1 1 1 1 1 1 1 1 1 1 1 1 100 100 1 1 1 12 12 12 12 12 12 10 10 10 10 10 10 1
instanceKlass java/lang/StringBuilder
instanceKlass java/lang/StringBuffer
ciInstanceKlass java/lang/AbstractStringBuilder 1 1 318 3 3 3 8 8 8 8 8 8 8 8 8 8 8 8 8 1 1 1 1 1 1 1 1 1 1 1 1 1 1 1 1 1 1 1 1 1 1 1 1 1 1 1 1 1 1 1 1 1 1 1 1 1 1 1 1 1 1 1 1 1 1 1 1 1 1 1 1 1 1 1 1 1 1 1 1 1 1 1 1 1 1 1 1 1 1 1 1 1 1 1 1 1 1 1 1 1 1 1 1 1 1 1 1 1 1 1 1 1 1 1 1 1 1 1 1 1 1 1 1 1 1 1 1 1 1 1 1 1 1 1 1 5 0 100 7 100 7 7 100 100 7 7 7 100 7 100 100 100 7 7 7 1 1 1 1 1 1 1 1 1 1 1 1 1 1 1 1 1 1 1 1 1 1 1 1 1 1 1 1 1 1 1 1 1 1 1 1 1 1 1 1 1 1 1 12 12 12 12 12 12 12 12 12 12 12 12 12 12 12 12 12 12 12 12 12 12 12 12 12 12 12 12 12 12 12 12 12 12 12 12 12 12 12 12 12 12 12 12 12 12 12 12 12 12 12 12 12 12 12 9 9 10 10 10 10 10 10 10 10 10 10 10 10 10 10 10 10 10 10 10 10 10 10 10 10 10 10 10 10 10 10 10 10 10 10 10 10 10 10 10 10 10 10 10 10 10 10 10 10 10 10 10 10 10 10 10 10 10 10 10 10 10 10 11 11 1
ciInstanceKlass java/lang/StringBuffer 1 1 371 8 8 8 7 1 1 1 1 1 1 1 1 1 1 1 1 1 1 1 1 1 1 1 1 1 1 1 1 1 1 1 1 1 1 1 1 1 1 1 1 1 1 1 1 1 1 1 1 1 1 1 1 1 1 1 1 1 1 1 1 1 1 1 1 1 1 1 1 1 1 1 1 1 1 1 1 1 1 1 1 1 1 1 1 1 1 1 1 1 1 1 1 1 5 0 100 100 100 100 100 7 100 7 7 100 100 7 7 7 100 7 1 1 1 1 1 1 1 1 1 1 1 1 1 1 1 1 1 1 1 1 1 1 1 1 1 1 1 1 1 1 1 1 1 1 1 1 1 1 1 1 1 1 1 1 1 1 1 1 1 1 1 1 1 1 1 1 1 1 1 1 1 1 1 1 1 1 1 1 12 12 12 12 12 12 12 12 12 12 12 12 12 12 12 12 12 12 12 12 12 12 12 12 12 12 12 12 12 12 12 12 12 12 12 12 12 12 12 12 12 12 12 12 12 12 12 12 12 12 12 12 12 12 12 12 12 12 12 12 12 12 12 12 12 12 12 12 12 12 12 12 12 12 12 12 12 12 12 12 12 12 12 12 12 12 12 12 12 12 12 9 9 9 9 9 9 10 10 10 10 10 10 10 10 10 10 10 10 10 10 10 10 10 10 10 10 10 10 10 10 10 10 10 10 10 10 10 10 10 10 10 10 10 10 10 10 10 10 10 10 10 10 10 10 10 10 10 10 10 10 10 10 10 10 10 10 10 10 10 10 10 10 10 10 10 10 10 10 10 10 10 10 10 10 10 10 10 10 10 10 10 10 10 10 10 10 11 1 1 1
staticfield java/lang/StringBuffer serialPersistentFields [Ljava/io/ObjectStreamField; 3 [Ljava/io/ObjectStreamField;
ciInstanceKlass java/lang/StringBuilder 1 1 326 1 1 1 1 1 1 1 1 1 1 1 1 1 1 1 1 1 1 1 1 1 1 1 1 1 1 1 1 1 1 1 1 1 1 1 1 1 1 1 1 1 1 1 1 1 1 1 1 1 1 1 1 1 1 1 1 1 1 1 1 1 1 1 1 1 1 1 1 1 5 0 100 100 100 100 100 7 100 100 7 7 1 1 1 1 1 1 1 1 1 1 1 1 1 1 1 1 1 1 1 1 1 1 1 1 1 1 1 1 1 1 1 1 1 1 1 1 1 1 1 1 1 1 1 1 1 1 1 1 1 1 1 1 1 1 1 1 1 1 1 1 1 1 12 12 12 12 12 12 12 12 12 12 12 12 12 12 12 12 12 12 12 12 12 12 12 12 12 12 12 12 12 12 12 12 12 12 12 12 12 12 12 12 12 12 12 12 12 12 12 12 12 12 12 12 12 12 12 12 12 12 12 12 12 12 12 12 12 12 12 12 12 12 12 12 12 12 12 12 12 12 12 12 12 12 12 12 12 12 12 12 12 9 9 10 10 10 10 10 10 10 10 10 10 10 10 10 10 10 10 10 10 10 10 10 10 10 10 10 10 10 10 10 10 10 10 10 10 10 10 10 10 10 10 10 10 10 10 10 10 10 10 10 10 10 10 10 10 10 10 10 10 10 10 10 10 10 10 10 10 10 10 10 10 10 10 10 10 10 10 10 10 10 10 10 10 10 10 10 10 10 10 10 11 1
ciInstanceKlass sun/misc/Unsafe 1 1 389 8 8 7 7 7 7 7 7 7 7 7 7 1 1 1 1 1 1 1 1 1 1 1 1 1 1 1 1 1 1 1 1 1 1 1 1 1 1 1 1 1 1 1 1 1 1 1 1 1 1 1 1 1 1 1 1 1 1 1 1 1 1 1 1 1 1 1 1 1 1 1 1 1 1 1 1 1 1 1 1 1 1 1 1 1 1 1 1 1 1 1 1 1 1 1 1 1 1 1 1 1 1 1 1 1 1 1 1 1 1 1 1 1 1 1 1 1 1 1 1 1 1 1 1 1 1 1 1 1 1 1 1 1 1 1 1 1 1 1 1 1 1 1 1 1 1 1 1 1 1 1 1 1 1 1 1 1 1 1 1 1 1 1 1 1 1 1 1 1 1 1 1 1 1 1 1 1 1 1 1 3 100 7 100 7 7 100 7 100 100 7 7 1 1 1 1 1 1 1 1 1 1 1 1 1 1 1 1 1 1 1 1 1 1 1 1 1 1 1 1 1 1 1 1 1 1 1 1 1 1 1 1 1 1 1 1 1 1 1 1 1 1 1 1 1 1 1 1 1 1 1 1 1 1 1 1 1 1 1 1 1 12 12 12 12 12 12 12 12 12 12 12 12 12 12 12 12 12 12 12 12 12 12 12 12 12 12 12 12 12 12 12 12 12 12 12 12 12 12 12 12 12 12 12 12 12 12 12 12 12 12 12 12 12 12 12 12 12 12 12 12 12 12 9 9 9 9 9 9 9 9 9 9 9 9 9 9 9 9 9 9 9 9 10 10 10 10 10 10 10 10 10 10 10 10 10 10 10 10 10 10 10 10 10 10 10 10 10 10 10 10 10 10 10 10 10 10 10 10 10 10 10 10 10 10 10 10 1
staticfield sun/misc/Unsafe theUnsafe Lsun/misc/Unsafe; sun/misc/Unsafe
staticfield sun/misc/Unsafe ARRAY_BOOLEAN_BASE_OFFSET I 16
staticfield sun/misc/Unsafe ARRAY_BYTE_BASE_OFFSET I 16
staticfield sun/misc/Unsafe ARRAY_SHORT_BASE_OFFSET I 16
staticfield sun/misc/Unsafe ARRAY_CHAR_BASE_OFFSET I 16
staticfield sun/misc/Unsafe ARRAY_INT_BASE_OFFSET I 16
staticfield sun/misc/Unsafe ARRAY_LONG_BASE_OFFSET I 16
staticfield sun/misc/Unsafe ARRAY_FLOAT_BASE_OFFSET I 16
staticfield sun/misc/Unsafe ARRAY_DOUBLE_BASE_OFFSET I 16
staticfield sun/misc/Unsafe ARRAY_OBJECT_BASE_OFFSET I 16
staticfield sun/misc/Unsafe ARRAY_BOOLEAN_INDEX_SCALE I 1
staticfield sun/misc/Unsafe ARRAY_BYTE_INDEX_SCALE I 1
staticfield sun/misc/Unsafe ARRAY_SHORT_INDEX_SCALE I 2
staticfield sun/misc/Unsafe ARRAY_CHAR_INDEX_SCALE I 2
staticfield sun/misc/Unsafe ARRAY_INT_INDEX_SCALE I 4
staticfield sun/misc/Unsafe ARRAY_LONG_INDEX_SCALE I 8
staticfield sun/misc/Unsafe ARRAY_FLOAT_INDEX_SCALE I 4
staticfield sun/misc/Unsafe ARRAY_DOUBLE_INDEX_SCALE I 8
staticfield sun/misc/Unsafe ARRAY_OBJECT_INDEX_SCALE I 4
staticfield sun/misc/Unsafe ADDRESS_SIZE I 8
instanceKlass org/apache/http/conn/EofSensorInputStream
instanceKlass org/apache/http/impl/io/EmptyInputStream
instanceKlass org/apache/http/impl/io/ContentLengthInputStream
instanceKlass nonapi/io/github/classgraph/fastzipfilereader/NestedJarHandler$8
instanceKlass nonapi/io/github/classgraph/fileslice/Slice$1
instanceKlass com/mysql/cj/protocol/ReadAheadInputStream
instanceKlass java/util/jar/JarVerifier$VerifierStream
instanceKlass java/io/ObjectInputStream
instanceKlass sun/nio/ch/ChannelInputStream
instanceKlass java/util/zip/ZipFile$ZipFileInputStream
instanceKlass java/io/FilterInputStream
instanceKlass java/io/FileInputStream
instanceKlass java/io/ByteArrayInputStream
ciInstanceKlass java/io/InputStream 1 1 61 8 1 1 1 1 1 1 1 1 1 1 1 1 1 1 1 1 1 1 1 1 1 1 1 1 1 1 1 1 1 1 1 1 1 1 1 3 5 0 100 100 7 7 100 100 100 7 12 12 12 12 12 10 10 10 10 10 10 10 1
instanceKlass sun/security/util/DerInputBuffer
ciInstanceKlass java/io/ByteArrayInputStream 1 1 62 1 1 1 1 1 1 1 1 1 1 1 1 1 1 1 1 1 1 1 1 1 1 1 1 1 1 1 1 1 1 1 1 1 1 1 1 7 100 7 100 7 100 7 1 12 12 12 12 12 12 12 9 9 9 9 10 10 10 10 10 1
ciInstanceKlass java/io/File 1 1 578 8 8 8 8 8 8 8 8 8 8 8 8 8 8 8 8 8 8 8 7 1 1 1 1 1 1 1 1 1 1 1 1 1 1 1 1 1 1 1 1 1 1 1 1 1 1 1 1 1 1 1 1 1 1 1 1 1 1 1 1 1 1 1 1 1 1 1 1 1 1 1 1 1 1 1 1 1 1 1 1 1 1 1 1 1 1 1 1 1 1 1 1 1 1 1 1 1 1 1 1 1 1 1 1 1 1 1 1 1 1 1 1 1 1 1 1 1 1 1 1 1 1 1 1 1 1 1 1 1 1 1 1 1 1 1 1 1 1 1 1 1 1 1 1 1 1 1 1 1 1 1 1 1 1 1 1 1 1 1 1 1 1 1 1 1 1 1 1 1 1 1 1 1 1 1 1 1 1 1 1 1 1 1 1 1 1 1 1 1 1 1 1 1 1 1 1 1 1 1 1 1 1 1 1 1 1 1 1 1 1 1 1 1 1 1 1 1 1 1 1 1 1 1 1 1 1 1 1 1 1 1 1 1 1 1 1 1 5 0 100 100 7 7 7 100 100 7 100 7 100 100 100 100 100 7 100 100 100 100 100 7 100 100 100 100 7 7 7 100 7 7 100 100 7 7 100 100 100 7 1 1 1 1 1 1 1 1 1 1 1 1 1 1 1 1 1 1 1 1 1 1 1 1 1 1 1 1 1 1 1 1 1 1 1 1 1 1 1 1 1 1 1 1 1 1 1 1 1 1 1 1 1 1 12 12 12 12 12 12 12 12 12 12 12 12 12 12 12 12 12 12 12 12 12 12 12 12 12 12 12 12 12 12 12 12 12 12 12 12 12 12 12 12 12 12 12 12 12 12 12 12 12 12 12 12 12 12 12 12 12 12 12 12 12 12 12 12 12 12 12 12 12 12 12 12 12 12 12 12 12 12 12 12 12 12 12 12 12 12 12 12 12 12 12 12 12 12 12 12 12 12 12 12 12 12 12 12 12 12 12 12 12 12 12 12 12 12 9 9 9 9 9 9 9 9 9 9 9 9 9 9 9 10 10 10 10 10 10 10 10 10 10 10 10 10 10 10 10 10 10 10 10 10 10 10 10 10 10 10 10 10 10 10 10 10 10 10 10 10 10 10 10 10 10 10 10 10 10 10 10 10 10 10 10 10 10 10 10 10 10 10 10 10 10 10 10 10 10 10 10 10 10 10 10 10 10 10 10 10 10 10 10 10 10 10 10 10 10 10 10 10 10 10 10 10 10 10 10 10 10 10 10 10 10 10 10 10 10 11 11 11 11 11 1 1 1 1
staticfield java/io/File fs Ljava/io/FileSystem; java/io/WinNTFileSystem
staticfield java/io/File separatorChar C 92
staticfield java/io/File separator Ljava/lang/String; "\"
staticfield java/io/File pathSeparatorChar C 59
staticfield java/io/File pathSeparator Ljava/lang/String; ";"
staticfield java/io/File PATH_OFFSET J 16
staticfield java/io/File PREFIX_LENGTH_OFFSET J 12
staticfield java/io/File UNSAFE Lsun/misc/Unsafe; sun/misc/Unsafe
staticfield java/io/File $assertionsDisabled Z 1
instanceKlass org/apache/catalina/loader/WebappClassLoaderBase
instanceKlass org/springframework/boot/devtools/restart/classloader/RestartClassLoader
instanceKlass sun/misc/Launcher$ExtClassLoader
instanceKlass sun/misc/Launcher$AppClassLoader
ciInstanceKlass java/net/URLClassLoader 1 1 527 8 8 8 8 8 8 8 8 8 8 8 8 1 1 1 1 1 1 1 1 1 1 1 1 1 1 1 1 1 1 1 1 1 1 1 1 1 1 1 1 1 1 1 1 1 1 1 1 1 1 1 1 1 1 1 1 1 1 1 1 1 1 1 1 1 1 1 1 1 1 1 1 1 1 1 1 1 1 1 1 1 1 1 1 1 1 1 1 1 1 1 1 1 1 1 1 1 1 1 1 1 1 1 1 1 1 1 1 1 1 1 1 1 1 1 1 1 1 1 1 1 1 1 1 1 1 1 1 1 1 1 1 1 1 1 1 1 1 1 1 1 1 1 1 1 1 1 1 1 1 1 1 1 1 1 1 1 1 1 1 1 1 1 1 1 1 1 1 1 1 1 1 1 1 1 1 1 1 1 1 1 1 1 1 1 1 1 1 1 1 1 1 1 1 1 100 100 7 7 7 100 100 7 7 7 7 100 7 100 100 100 7 7 7 100 7 100 7 7 7 7 7 100 100 100 7 7 100 100 100 7 7 7 7 100 7 7 7 7 7 7 7 100 7 7 7 7 7 7 100 7 1 1 1 1 1 1 1 1 1 1 1 1 1 1 1 1 1 1 1 1 1 1 1 1 1 1 1 1 1 1 1 1 1 1 1 1 1 1 1 1 1 1 1 1 1 1 1 1 1 1 1 1 1 1 1 1 1 1 1 1 1 1 1 1 1 1 1 1 1 1 12 12 12 12 12 12 12 12 12 12 12 12 12 12 12 12 12 12 12 12 12 12 12 12 12 12 12 12 12 12 12 12 12 12 12 12 12 12 12 12 12 12 12 12 12 12 12 12 12 12 12 12 12 12 12 12 12 12 12 12 12 12 12 12 12 12 12 12 12 12 12 12 12 12 12 12 12 12 12 12 12 12 12 12 12 12 12 12 12 12 12 12 12 12 12 12 12 12 9 9 9 9 9 9 9 9 9 9 9 9 10 10 10 10 10 10 10 10 10 10 10 10 10 10 10 10 10 10 10 10 10 10 10 10 10 10 10 10 10 10 10 10 10 10 10 10 10 10 10 10 10 10 10 10 10 10 10 10 10 10 10 10 10 10 10 10 10 10 10 10 10 10 10 10 10 10 10 10 10 10 10 10 10 10 10 10 10 10 10 10 10 10 10 10 10 10 11 11 11 11 11 11 11 11 11
ciInstanceKlass java/net/URL 1 1 550 8 8 8 8 8 8 8 8 8 8 8 8 8 8 8 8 8 8 8 8 8 8 8 8 8 7 1 1 1 1 1 1 1 1 1 1 1 1 1 1 1 1 1 1 1 1 1 1 1 1 1 1 1 1 1 1 1 1 1 1 1 1 1 1 1 1 1 1 1 1 1 1 1 1 1 1 1 1 1 1 1 1 1 1 1 1 1 1 1 1 1 1 1 1 1 1 1 1 1 1 1 1 1 1 1 1 1 1 1 1 1 1 1 1 1 1 1 1 1 1 1 1 1 1 1 1 1 1 1 1 1 1 1 1 1 1 1 1 1 1 1 1 1 1 1 1 1 1 1 1 1 1 1 1 1 1 1 1 1 1 1 1 1 1 1 1 1 1 1 1 1 1 1 1 1 1 1 1 1 1 1 1 1 1 1 1 1 1 1 1 1 1 1 1 1 1 1 1 1 1 1 1 1 1 1 1 1 1 1 1 1 1 1 1 1 1 1 1 1 1 1 1 1 5 0 100 100 100 100 100 100 7 100 7 7 100 100 100 100 100 7 7 100 7 7 100 100 100 7 7 100 100 7 100 7 7 7 7 100 7 7 7 100 7 100 1 1 1 1 1 1 1 1 1 1 1 1 1 1 1 1 1 1 1 1 1 1 1 1 1 1 1 1 1 1 1 1 1 1 1 1 1 1 1 1 1 1 1 1 1 1 1 1 1 1 1 1 1 12 12 12 12 12 12 12 12 12 12 12 12 12 12 12 12 12 12 12 12 12 12 12 12 12 12 12 12 12 12 12 12 12 12 12 12 12 12 12 12 12 12 12 12 12 12 12 12 12 12 12 12 12 12 12 12 12 12 12 12 12 12 12 12 12 12 12 12 12 12 12 12 12 12 12 12 12 12 12 12 12 12 12 12 12 12 12 12 12 12 12 12 12 12 12 12 12 12 12 12 12 12 12 12 12 12 12 12 9 9 9 9 9 9 9 9 9 9 9 9 9 9 9 9 9 9 9 9 9 10 10 10 10 10 10 10 10 10 10 10 10 10 10 10 10 10 10 10 10 10 10 10 10 10 10 10 10 10 10 10 10 10 10 10 10 10 10 10 10 10 10 10 10 10 10 10 10 10 10 10 10 10 10 10 10 10 10 10 10 10 10 10 10 10 10 10 10 10 10 10 10 10 10 10 10 10 10 10 10 10 10 10 10 10 10 10 10 10 10 10 10 10 10 10 10 10 10 10 10 11 1
staticfield java/net/URL serialPersistentFields [Ljava/io/ObjectStreamField; 7 [Ljava/io/ObjectStreamField;
ciInstanceKlass java/util/jar/Manifest 1 1 256 8 8 8 8 8 8 8 1 1 1 1 1 1 1 1 1 1 1 1 1 1 1 1 1 1 1 1 1 1 1 1 1 1 1 1 1 1 1 1 1 1 1 1 1 1 1 1 1 1 1 1 1 1 1 1 1 1 1 1 1 1 1 1 1 1 1 1 1 1 1 1 1 1 1 1 1 1 1 1 1 1 1 1 1 1 1 1 1 1 1 1 1 1 1 1 1 1 1 1 1 100 100 100 100 100 100 7 7 100 7 100 100 7 7 100 7 100 100 7 100 7 7 1 1 1 1 1 1 1 1 1 1 1 1 1 1 1 1 1 1 1 1 1 1 1 1 1 12 12 12 12 12 12 12 12 12 12 12 12 12 12 12 12 12 12 12 12 12 12 12 12 12 12 12 12 12 12 12 12 12 12 12 12 12 12 12 12 12 12 12 12 12 12 12 12 9 9 9 10 10 10 10 10 10 10 10 10 10 10 10 10 10 10 10 10 10 10 10 10 10 10 10 10 10 10 10 10 10 10 10 10 10 10 10 10 10 10 10 10 10 10 11 11 11 11 11 11 11 11 11 11 11 11 1 1
ciInstanceKlass sun/misc/Launcher 1 1 218 8 8 8 8 8 8 8 8 1 1 1 1 1 1 1 1 1 1 1 1 1 1 1 1 1 1 1 1 1 1 1 1 1 1 1 1 1 1 1 1 1 1 1 1 1 1 1 1 1 1 1 1 1 1 1 1 1 1 1 1 1 1 1 1 1 1 1 1 1 1 1 1 1 1 1 1 1 1 1 1 1 1 1 1 1 1 1 1 1 1 1 1 1 1 1 1 100 100 7 100 100 100 100 100 100 100 100 7 100 7 100 7 7 100 7 7 100 7 7 7 7 7 1 1 1 1 1 1 1 1 1 1 1 1 1 1 1 1 1 1 1 1 1 1 1 12 12 12 12 12 12 12 12 12 12 12 12 12 12 12 12 12 12 12 12 12 12 12 12 12 12 12 12 12 12 12 12 9 9 9 9 9 9 10 10 10 10 10 10 10 10 10 10 10 10 10 10 10 10 10 10 10 10 10 10 10 10 10 10 10 10 10 10 1 1 1 1
ciInstanceKlass sun/misc/Launcher$AppClassLoader 1 1 201 8 8 7 1 1 1 1 1 1 1 1 1 1 1 1 1 1 1 1 1 1 1 1 1 1 1 1 1 1 1 1 1 1 1 1 1 1 1 1 1 1 1 1 1 1 1 1 1 1 1 1 1 1 1 1 1 1 1 1 1 1 1 1 1 1 1 1 1 1 1 1 1 1 1 1 1 1 1 1 1 100 100 100 7 100 7 7 7 7 100 7 7 100 7 7 100 7 100 7 100 7 7 7 100 7 7 1 1 1 1 1 1 1 1 1 1 1 1 1 1 1 1 1 1 1 1 1 1 1 1 1 12 12 12 12 12 12 12 12 12 12 12 12 12 12 12 12 12 12 12 12 12 12 12 12 12 12 12 12 12 12 12 12 12 9 9 10 10 10 10 10 10 10 10 10 10 10 10 10 10 10 10 10 10 10 10 10 10 10 10 10 10 10 10 10 10 10 10 11 1
staticfield sun/misc/Launcher$AppClassLoader $assertionsDisabled Z 1
ciInstanceKlass sun/misc/Launcher$ExtClassLoader 1 1 237 8 8 8 7 1 1 1 1 1 1 1 1 1 1 1 1 1 1 1 1 1 1 1 1 1 1 1 1 1 1 1 1 1 1 1 1 1 1 1 1 1 1 1 1 1 1 1 1 1 1 1 1 1 1 1 1 1 1 1 1 1 1 1 1 1 1 1 1 1 1 1 1 1 1 1 1 1 1 1 1 1 1 1 1 1 1 1 1 1 1 1 1 1 1 100 100 100 100 7 7 7 100 7 7 100 100 100 7 7 7 7 100 7 100 100 100 7 7 7 7 7 100 7 7 7 1 1 1 1 1 1 1 1 1 1 1 1 1 1 1 1 1 1 1 1 1 1 1 1 1 1 12 12 12 12 12 12 12 12 12 12 12 12 12 12 12 12 12 12 12 12 12 12 12 12 12 12 12 12 12 12 12 12 12 12 12 12 12 12 12 12 12 9 9 10 10 10 10 10 10 10 10 10 10 10 10 10 10 10 10 10 10 10 10 10 10 10 10 10 10 10 10 10 10 10 10 10 10 10 10 10 10 10 11 11 1
ciInstanceKlass java/security/CodeSource 1 1 324 8 8 8 8 8 8 8 8 8 8 8 8 8 8 1 1 1 1 1 1 1 1 1 1 1 1 1 1 1 1 1 1 1 1 1 1 1 1 1 1 1 1 1 1 1 1 1 1 1 1 1 1 1 1 1 1 1 1 1 1 1 1 1 1 1 1 1 1 1 1 1 1 1 1 1 1 1 1 1 1 1 1 1 1 1 1 1 1 1 1 1 1 1 1 1 1 1 1 1 1 1 1 1 1 1 1 1 1 1 1 1 1 1 1 1 1 1 1 1 1 1 1 1 1 1 1 1 1 1 1 1 1 1 1 1 1 5 0 100 7 7 100 100 100 100 100 100 7 7 100 100 7 7 7 7 100 100 100 100 100 7 100 100 100 1 1 1 1 1 1 1 1 1 1 1 1 1 1 1 1 1 1 1 1 1 1 1 1 1 12 12 12 12 12 12 12 12 12 12 12 12 12 12 12 12 12 12 12 12 12 12 12 12 12 12 12 12 12 12 12 12 12 12 12 12 12 12 12 12 12 12 12 12 12 12 12 12 12 12 12 12 12 12 12 12 12 12 12 12 12 9 9 9 9 9 10 10 10 10 10 10 10 10 10 10 10 10 10 10 10 10 10 10 10 10 10 10 10 10 10 10 10 10 10 10 10 10 10 10 10 10 10 10 10 10 10 10 10 10 10 10 10 10 10 10 10 10 10 10 10 10 10 10 10 10 10 10 10 11 11 11 11 1
ciInstanceKlass java/lang/StackTraceElement 1 1 98 8 8 8 8 8 8 8 8 1 1 1 1 1 1 1 1 1 1 1 1 1 1 1 1 1 1 1 1 1 1 1 1 1 1 1 1 1 1 1 1 1 1 1 1 1 1 1 1 1 1 1 5 0 100 7 7 7 7 7 1 1 1 1 1 1 12 12 12 12 12 12 12 12 12 12 12 12 12 12 12 9 9 9 9 10 10 10 10 10 10 10 10 10 10 10 10 1
instanceKlass java/nio/LongBuffer
instanceKlass java/nio/CharBuffer
instanceKlass java/nio/ByteBuffer
ciInstanceKlass java/nio/Buffer 1 1 103 8 8 8 8 1 1 1 1 1 1 1 1 1 1 1 1 1 1 1 1 1 1 1 1 1 1 1 1 1 1 1 1 1 1 1 1 1 1 1 1 1 1 1 1 1 1 1 1 1 1 1 1 1 1 1 1 1 1 1 1 3 100 100 7 100 7 100 100 100 1 1 1 1 12 12 12 12 12 12 12 12 12 12 12 9 9 9 9 10 10 10 10 10 10 10 10 10 10 10 10 10 1
ciInstanceKlass java/lang/Boolean 1 1 110 8 8 8 1 1 1 1 1 1 1 1 1 1 1 1 1 1 1 1 1 1 1 1 1 1 1 1 1 1 1 1 1 1 1 1 1 1 1 1 1 1 1 1 1 1 1 1 1 1 1 1 1 1 1 1 1 1 1 1 1 5 0 100 7 7 100 100 100 7 100 7 7 1 1 1 1 1 1 1 1 12 12 12 12 12 12 12 12 12 12 12 12 12 12 9 9 9 9 10 10 10 10 10 10 10 10 10 10 1
staticfield java/lang/Boolean TRUE Ljava/lang/Boolean; java/lang/Boolean
staticfield java/lang/Boolean FALSE Ljava/lang/Boolean; java/lang/Boolean
staticfield java/lang/Boolean TYPE Ljava/lang/Class; java/lang/Class
ciInstanceKlass java/lang/Character 1 1 459 3 3 3 3 3 3 3 3 8 8 7 1 1 1 1 1 1 1 1 1 1 1 1 1 1 1 1 1 1 1 1 1 1 1 1 1 1 1 1 1 1 1 1 1 1 1 1 1 1 1 1 1 1 1 1 1 1 1 1 1 1 1 1 1 1 1 1 1 1 1 1 1 1 1 1 1 1 1 1 1 1 1 1 1 1 1 1 1 1 1 1 1 1 1 1 1 1 1 1 1 1 1 1 1 1 1 1 1 1 1 1 1 1 1 1 1 1 1 1 1 1 1 1 1 1 1 1 1 1 1 1 1 1 1 1 1 1 1 1 1 1 1 1 1 1 1 1 1 1 1 1 1 1 1 1 1 1 1 1 1 1 1 1 1 1 1 1 1 1 1 1 1 1 1 1 1 1 1 1 1 1 1 1 1 1 1 1 1 1 1 1 1 1 1 1 1 1 1 1 1 1 1 1 1 1 1 1 1 1 1 1 1 1 1 1 1 1 1 1 1 1 1 1 1 3 3 3 3 3 3 3 3 3 3 3 3 3 3 3 3 3 3 3 3 3 3 3 3 3 3 3 3 3 3 3 3 3 3 3 3 3 5 0 5 0 100 100 7 7 100 100 100 7 100 7 100 100 100 100 7 7 100 100 1 1 1 1 1 1 1 1 1 1 1 1 1 1 1 12 12 12 12 12 12 12 12 12 12 12 12 12 12 12 12 12 12 12 12 12 12 12 12 12 12 12 12 12 12 12 12 12 12 12 12 12 12 12 12 12 12 12 12 12 12 12 12 12 12 12 12 12 12 12 12 12 12 12 12 12 12 12 12 12 12 12 12 9 9 9 9 9 10 10 10 10 10 10 10 10 10 10 10 10 10 10 10 10 10 10 10 10 10 10 10 10 10 10 10 10 10 10 10 10 10 10 10 10 10 10 10 10 10 10 10 10 10 10 10 10 10 10 10 10 10 10 10 10 10 10 10 10 10 10 10 10 10 10 10 10 10 10 10 10 10 10 10 10 10 10 10 10 11 11 1 1 1 1 1
staticfield java/lang/Character TYPE Ljava/lang/Class; java/lang/Class
staticfield java/lang/Character $assertionsDisabled Z 1
instanceKlass java/util/concurrent/atomic/Striped64
instanceKlass java/math/BigDecimal
instanceKlass java/math/BigInteger
instanceKlass java/util/concurrent/atomic/AtomicLong
instanceKlass java/util/concurrent/atomic/AtomicInteger
instanceKlass java/lang/Long
instanceKlass java/lang/Integer
instanceKlass java/lang/Short
instanceKlass java/lang/Byte
instanceKlass java/lang/Double
instanceKlass java/lang/Float
ciInstanceKlass java/lang/Number 1 1 34 1 1 1 1 1 1 1 1 1 1 1 1 1 1 1 1 1 1 1 1 1 1 1 5 0 100 100 7 12 12 10 10 1
ciInstanceKlass java/lang/Float 1 1 169 3 3 3 4 4 4 4 8 8 8 1 1 1 1 1 1 1 1 1 1 1 1 1 1 1 1 1 1 1 1 1 1 1 1 1 1 1 1 1 1 1 1 1 1 1 1 1 1 1 1 1 1 1 1 1 1 1 1 1 1 1 1 1 1 1 1 1 1 1 1 1 1 1 1 1 1 1 1 1 1 1 1 1 1 1 1 1 1 1 1 1 1 1 1 1 1 1 1 3 3 3 3 4 4 5 0 7 100 100 7 100 7 100 100 7 1 1 1 1 1 1 1 1 1 12 12 12 12 12 12 12 12 12 12 12 12 12 12 12 12 12 12 12 12 12 9 9 10 10 10 10 10 10 10 10 10 10 10 10 10 10 10 10 10 10 10 10 1
staticfield java/lang/Float TYPE Ljava/lang/Class; java/lang/Class
ciInstanceKlass java/lang/Double 1 1 223 8 8 8 8 8 8 8 8 8 8 1 1 1 1 1 1 1 1 1 1 1 1 1 1 1 1 1 1 1 1 1 1 1 1 1 1 1 1 1 1 1 1 1 1 1 1 1 1 1 1 1 1 1 1 1 1 1 1 1 1 1 1 1 1 1 1 1 1 1 1 1 1 1 1 1 1 1 1 1 1 1 1 1 1 1 1 1 1 1 1 1 1 1 1 1 1 1 1 1 1 1 1 1 1 1 1 1 1 1 1 1 3 3 3 3 5 0 5 0 5 0 5 0 5 0 6 0 6 0 6 0 6 0 6 0 6 0 6 0 7 100 7 100 100 7 100 100 100 7 1 1 1 1 1 1 1 1 1 1 1 12 12 12 12 12 12 12 12 12 12 12 12 12 12 12 12 12 12 12 12 12 12 12 12 12 12 12 12 12 12 9 9 10 10 10 10 10 10 10 10 10 10 10 10 10 10 10 10 10 10 10 10 10 10 10 10 10 10 10 10 10 1
staticfield java/lang/Double TYPE Ljava/lang/Class; java/lang/Class
ciInstanceKlass java/lang/Byte 1 1 153 8 8 8 8 8 1 1 1 1 1 1 1 1 1 1 1 1 1 1 1 1 1 1 1 1 1 1 1 1 1 1 1 1 1 1 1 1 1 1 1 1 1 1 1 1 1 1 1 1 1 1 1 1 1 1 1 1 1 1 1 1 1 1 1 1 1 1 1 1 1 1 1 1 1 1 1 1 3 3 3 3 5 0 5 0 7 7 7 100 100 7 100 100 1 1 1 1 1 1 1 1 1 1 1 1 1 1 12 12 12 12 12 12 12 12 12 12 12 12 12 12 12 12 12 12 12 12 12 9 9 9 10 10 10 10 10 10 10 10 10 10 10 10 10 10 10 10 10 10 10 1 1
staticfield java/lang/Byte TYPE Ljava/lang/Class; java/lang/Class
ciInstanceKlass java/lang/Short 1 1 159 3 3 8 8 8 8 8 1 1 1 1 1 1 1 1 1 1 1 1 1 1 1 1 1 1 1 1 1 1 1 1 1 1 1 1 1 1 1 1 1 1 1 1 1 1 1 1 1 1 1 1 1 1 1 1 1 1 1 1 1 1 1 1 1 1 1 1 1 1 1 1 1 1 1 1 1 1 1 1 1 1 3 3 3 3 5 0 5 0 7 100 100 7 100 7 7 100 1 1 1 1 1 1 1 1 1 1 1 1 1 1 12 12 12 12 12 12 12 12 12 12 12 12 12 12 12 12 12 12 12 12 12 12 9 9 9 10 10 10 10 10 10 10 10 10 10 10 10 10 10 10 10 10 10 10 10 1 1
staticfield java/lang/Short TYPE Ljava/lang/Class; java/lang/Class
ciInstanceKlass java/lang/Integer 1 1 309 3 3 3 3 3 3 3 3 3 3 3 3 3 3 3 8 8 8 8 8 8 8 8 8 8 8 8 8 8 8 8 1 1 1 1 1 1 1 1 1 1 1 1 1 1 1 1 1 1 1 1 1 1 1 1 1 1 1 1 1 1 1 1 1 1 1 1 1 1 1 1 1 1 1 1 1 1 1 1 1 1 1 1 1 1 1 1 1 1 1 1 1 1 1 1 1 1 1 1 1 1 1 1 1 1 1 1 1 1 1 1 1 1 1 1 1 1 1 1 1 1 1 1 1 1 1 1 1 1 1 1 1 1 1 1 1 1 1 1 1 1 1 1 1 1 1 1 1 1 1 1 1 1 1 1 1 1 1 1 1 1 1 1 1 1 1 1 1 1 3 3 5 0 5 0 5 0 100 7 7 100 100 7 7 100 7 100 7 7 100 100 7 100 7 1 1 1 1 1 1 1 1 1 1 1 1 1 1 1 1 1 12 12 12 12 12 12 12 12 12 12 12 12 12 12 12 12 12 12 12 12 12 12 12 12 12 12 12 12 12 12 12 12 12 12 12 12 12 12 12 12 12 12 12 12 12 12 12 9 9 9 9 9 9 9 9 10 10 10 10 10 10 10 10 10 10 10 10 10 10 10 10 10 10 10 10 10 10 10 10 10 10 10 10 10 10 10 10 10 10 10 10 10 10 10 10 1 1
staticfield java/lang/Integer TYPE Ljava/lang/Class; java/lang/Class
staticfield java/lang/Integer digits [C 36
staticfield java/lang/Integer DigitTens [C 100
staticfield java/lang/Integer DigitOnes [C 100
staticfield java/lang/Integer sizeTable [I 10
ciInstanceKlass java/lang/Long 1 1 356 3 3 8 8 8 8 8 8 8 8 8 8 8 8 8 8 8 8 8 1 1 1 1 1 1 1 1 1 1 1 1 1 1 1 1 1 1 1 1 1 1 1 1 1 1 1 1 1 1 1 1 1 1 1 1 1 1 1 1 1 1 1 1 1 1 1 1 1 1 1 1 1 1 1 1 1 1 1 1 1 1 1 1 1 1 1 1 1 1 1 1 1 1 1 1 1 1 1 1 1 1 1 1 1 1 1 1 1 1 1 1 1 1 1 1 1 1 1 1 1 1 1 1 1 1 1 1 1 1 1 1 1 1 1 1 1 1 1 1 1 1 1 1 1 1 1 1 1 1 1 1 1 1 1 1 1 1 1 1 1 1 1 1 3 3 5 0 5 0 5 0 5 0 5 0 5 0 5 0 5 0 5 0 5 0 5 0 5 0 5 0 5 0 5 0 100 7 7 100 100 7 7 7 7 100 7 100 100 100 7 100 7 100 1 1 1 1 1 1 1 1 1 1 1 1 1 1 1 1 1 1 1 1 1 1 12 12 12 12 12 12 12 12 12 12 12 12 12 12 12 12 12 12 12 12 12 12 12 12 12 12 12 12 12 12 12 12 12 12 12 12 12 12 12 12 12 12 12 12 12 12 12 12 12 12 12 12 12 12 12 12 12 12 9 9 9 9 9 9 10 10 10 10 10 10 10 10 10 10 10 10 10 10 10 10 10 10 10 10 10 10 10 10 10 10 10 10 10 10 10 10 10 10 10 10 10 10 10 10 10 10 10 10 10 10 10 10 10 10 10 10 10 10 1 1
staticfield java/lang/Long TYPE Ljava/lang/Class; java/lang/Class
ciInstanceKlass java/lang/NullPointerException 1 1 21 1 1 1 1 1 1 1 1 1 1 1 5 0 100 7 12 12 10 10 1
ciInstanceKlass java/lang/ArithmeticException 1 1 21 1 1 1 1 1 1 1 1 1 1 1 5 0 100 100 12 12 10 10 1
instanceKlass java/lang/NumberFormatException
ciInstanceKlass java/lang/IllegalArgumentException 1 1 27 1 1 1 1 1 1 1 1 1 1 1 1 5 0 100 7 1 12 12 12 12 10 10 10 10 1
ciInstanceKlass org/springframework/asm/ClassReader 1 1 1083 10 10 10 9 9 10 7 100 100 10 8 10 10 10 10 10 9 7 9 10 9 9 100 9 10 9 10 10 10 8 10 100 8 10 7 10 7 10 10 10 10 10 100 10 10 10 7 10 7 10 9 9 9 10 10 10 100 8 10 8 8 8 8 8 8 8 8 8 3 8 8 10 8 8 8 8 8 8 8 10 9 10 10 10 10 10 10 10 10 9 9 10 10 10 10 10 10 10 10 10 10 10 10 10 10 10 10 10 10 10 10 10 10 10 10 10 8 10 10 10 10 10 10 9 9 9 8 8 8 8 8 8 10 10 7 10 10 10 10 10 10 10 10 10 10 10 10 10 10 7 9 10 10 8 10 8 8 10 10 8 8 9 9 9 9 7 9 9 9 10 100 10 10 10 10 10 10 10 10 10 10 10 10 10 100 10 7 10 10 10 100 10 10 10 10 100 9 9 9 10 10 10 10 9 100 10 10 3 3 3 10 10 10 10 10 10 9 9 10 10 10 10 10 10 10 8 9 10 9 9 9 9 10 10 9 9 9 10 10 5 0 10 10 10 10 10 10 10 10 10 10 10 1 1 1 3 1 3 1 3 1 3 1 3 1 3 1 1 1 1 1 1 1 1 1 1 1 1 1 1 1 1 1 1 1 1 1 1 1 1 1 1 1 1 1 1 1 1 1 1 1 1 1 100 100 100 100 1 1 1 1 1 1 1 1 1 1 1 1 1 1 100 100 100 1 1 1 1 1 1 1 1 1 1 1 1 1 100 100 1 1 1 1 1 1 1 1 1 1 1 1 1 1 1 1 1 1 1 1 1 1 1 1 1 1 1 1 1 1 1 1 1 1 1 1 1 1 1 1 1 1 1 1 1 1 1 1 1 1 1 100 100 100 100 100 1 1 1 1 1 1 1 1 1 1 1 1 1 1 1 1 1 1 1 1 1 1 1 1 1 1 1 1 1 100 1 1 1 1 1 1 1 100 1 1 1 1 1 1 1 100 100 1 1 1 1 1 1 1 1 1 1 1 1 1 1 1 1 1 1 1 1 100 100 1 1 1 1 1 1 1 1 1 1 1 1 1 1 1 1 1 1 1 1 1 1 1 1 1 1 1 1 1 1 1 1 1 1 1 1 1 1 1 1 1 1 1 1 1 1 1 1 1 1 1 1 1 1 1 1 1 1 1 1 1 1 1 1 1 1 1 1 100 100 100 100 1 1 1 1 1 1 1 1 1 1 1 1 1 1 1 100 1 1 1 1 1 1 1 1 1 1 1 1 1 1 1 1 1 1 1 1 1 1 1 1 1 1 1 1 1 1 1 1 1 100 100 100 100 100 100 100 1 1 1 1 1 1 1 1 1 1 1 1 1 1 1 1 1 1 1 1 1 1 1 1 1 1 1 1 1 1 1 1 1 1 1 1 1 1 1 1 1 1 1 1 1 1 1 1 1 1 1 1 1 1 1 1 1 1 1 1 1 1 1 1 1 1 100 1 1 1 1 1 1 12 12 12 12 12 12 1 1 1 1 12 12 12 12 12 12 1 12 12 12 1 12 12 12 12 12 12 1 100 12 1 1 1 1 7 12 12 12 12 12 1 12 12 1 12 1 12 12 12 12 12 12 1 12 1 1 1 1 1 1 1 1 1 12 1 1 1 1 1 1 1 12 12 7 12 12 12 12 12 12 12 12 12 12 12 12 12 12 12 12 12 12 12 12 12 100 12 12 12 12 12 12 12 12 12 100 12 12 12 12 12 12 100 12 12 12 1 1 1 1 12 12 1 12 12 12 7 12 12 12 7 12 12 12 1 12 12 12 12 1 12 12 1 12 12 12 12 1 12 12 12 12 1 12 12 12 12 12 12 12 12 12 12 12 12 12 1 12 1 12 12 12 1 12 12 12 1 12 12 12 12 12 12 12 1 12 12 12 12 100 12 12 100 12 100 12 7 12 12 12 7 12 12 12 12 100 12 100 12 12 12 12 12 12 12 12 12 12 12 12 12 12 12 12 7 12 12 100 12 12 12 12 12 12 1 1 1 1 1 1 1 1 1 1 1 1 1 1 1 1 1 1 1 1 1 1 1 1 1 1 1 1 1 1 1 1 1 1 1 1 1 1 1 1 1 1 1 1 1 1 1 1 1 1 1 1 1 1 1 1 1 1 1 1 1 1 1 1 1 1 1 1 1 1 1 1 1 1 1 1 1 1 1 1 1 1 1 1 1 1 1 1 1 1 1 1 1 1 1 1 1 1 1 1 1 1 1 1 1 1 1 1 1 1 1 1 1 1 1 1 1 1 1 1 1 1 1 1 1 1 1 1 1 1 1 1 1 1 1 1 1 1 1 1 1 1 1 1 1 1 1 1 1 1 1 1 1 1 1 1 1 1 1 1 1 1 1 1 1 1 1 1 1 1 1 1 1 1 1 1 1 1 1 1 1 1 1
ciInstanceKlass org/springframework/asm/Attribute 1 1 145 10 9 100 100 10 9 9 10 100 10 9 10 9 10 10 9 100 10 100 8 8 3 8 10 10 10 9 10 100 100 1 1 1 1 1 1 1 1 1 1 1 1 1 1 1 1 1 1 1 1 1 1 1 1 1 1 1 1 1 1 1 1 1 1 1 1 1 1 1 1 1 1 1 1 100 1 1 1 1 1 1 100 1 1 1 1 1 1 1 1 1 1 1 1 12 12 1 1 12 12 100 12 100 12 1 12 12 12 100 12 12 12 12 1 12 1 1 1 1 12 12 12 12 12 1 1 1 1 1 1 1 1 1 1 1 1 1 1 1 1 1 1 1 1
ciInstanceKlass org/springframework/asm/Context 1 1 43 10 100 7 1 1 1 1 1 1 1 1 1 1 1 1 1 1 1 1 1 1 1 1 1 1 1 1 1 1 1 1 1 1 1 1 1 1 1 1 12 1 1
instanceKlass org/springframework/asm/AnnotationWriter
instanceKlass org/springframework/core/type/classreading/MergedAnnotationReadingVisitor$ArrayVisitor
instanceKlass org/springframework/core/type/classreading/MergedAnnotationReadingVisitor
ciInstanceKlass org/springframework/asm/AnnotationVisitor 1 1 82 10 10 100 3 3 3 3 3 100 100 10 8 10 10 10 10 9 9 10 10 10 10 10 7 7 1 1 1 1 1 1 1 1 1 1 1 1 1 100 1 1 1 1 1 1 1 1 1 1 1 1 1 1 1 1 1 12 12 1 1 1 1 12 12 12 12 12 12 12 12 12 12 12 1 1 1 1 1 1 1 1
instanceKlass org/springframework/core/LocalVariableTableParameterNameDiscoverer$LocalVariableTableVisitor
instanceKlass org/springframework/cglib/core/ClassEmitter$2
instanceKlass org/springframework/cglib/core/LocalVariablesSorter
instanceKlass org/springframework/asm/MethodWriter
instanceKlass org/springframework/core/type/classreading/SimpleMethodMetadataReadingVisitor
ciInstanceKlass org/springframework/asm/MethodVisitor 1 1 249 10 10 100 3 3 3 3 3 100 100 10 8 10 10 10 10 9 9 100 7 8 10 10 10 10 10 10 10 10 10 10 10 10 10 10 10 10 8 10 10 10 10 100 100 10 100 8 10 10 10 10 10 10 10 10 10 10 10 10 10 7 1 1 1 1 1 1 1 1 1 1 1 1 1 1 1 1 100 1 1 1 1 1 1 1 1 1 1 1 1 1 1 1 1 1 1 1 1 1 1 1 1 1 1 1 1 1 1 1 1 1 1 1 1 1 1 1 1 1 1 1 1 1 1 1 1 1 1 100 1 1 1 1 1 1 1 1 1 1 1 1 1 1 1 1 1 1 1 1 1 1 1 1 1 1 1 1 1 1 1 1 1 1 1 1 1 1 1 1 1 1 1 1 1 1 1 1 1 1 1 1 1 1 1 1 12 12 1 1 1 1 12 12 12 12 12 12 1 1 1 12 12 12 12 12 12 12 12 12 12 12 12 12 12 12 1 12 12 12 12 1 1 12 1 1 12 12 12 12 12 12 12 12 12 12 12 12 12 1 1 1 1 1 1 1 1 1 1
ciInstanceKlass org/springframework/asm/Label 1 1 222 10 9 7 100 8 10 9 9 9 9 9 10 10 3 10 3 9 10 10 3 10 9 3 3 100 100 100 9 9 9 10 100 9 9 9 10 9 100 10 8 10 10 10 10 10 7 1 1 1 3 1 3 1 3 1 3 1 3 1 3 1 3 1 1 3 1 1 1 1 1 1 1 1 1 1 1 1 1 1 1 1 1 1 1 1 1 1 1 1 1 1 1 1 1 1 1 1 1 1 1 1 100 1 1 1 1 1 1 1 1 1 1 1 1 1 1 1 1 1 1 1 1 1 1 1 1 1 1 1 1 1 1 1 100 1 1 1 1 1 1 1 1 1 1 1 1 1 1 1 100 1 1 1 1 1 12 12 1 1 1 12 12 12 7 12 12 12 7 12 7 12 12 7 12 12 12 12 12 1 1 1 12 12 12 12 1 12 12 12 12 12 1 1 12 12 12 12 1 1 1 1 1 1 1 1 1 1 1 1 1 1 1 1 1 1 1 1 1 1 1 1
staticfield org/springframework/asm/Label EMPTY_LIST Lorg/springframework/asm/Label; org/springframework/asm/Label
ciInstanceKlass org/springframework/asm/Handle 1 1 88 100 10 10 9 9 9 9 9 7 10 10 100 10 10 10 8 10 8 8 10 7 1 1 1 1 1 1 1 1 1 1 1 1 1 1 1 1 100 1 1 1 1 1 1 1 1 1 1 1 1 1 1 1 1 100 1 1 100 1 1 1 12 12 12 12 12 12 12 1 100 12 12 1 12 12 1 12 1 1 12 1 1 1 1 1 1 1
compile org/springframework/asm/ClassReader readCode (Lorg/springframework/asm/MethodVisitor;Lorg/springframework/asm/Context;I)V -1 1
